"Statistic Label","Month","Meteorological Weather Station","UNIT","VALUE"
"Precipitation Amount","1960 January","Malin Head","Millimetres","113"
"Precipitation Amount","1960 January","Claremorris","Millimetres","113.9"
"Precipitation Amount","1960 January","Valentia Observatory","Millimetres","164.4"
"Precipitation Amount","1960 January","Belmullet","Millimetres","101"
"Precipitation Amount","1960 January","Shannon Airport","Millimetres","83.1"
"Precipitation Amount","1960 January","Dublin Airport","Millimetres","87.4"
"Precipitation Amount","1960 January","Mullingar","Millimetres","96.5"
"Precipitation Amount","1960 January","Cork Airport","Millimetres",""
"Precipitation Amount","1960 January","Casement","Millimetres",""
"Precipitation Amount","1960 January","Phoenix Park","Millimetres",""
"Precipitation Amount","1960 January","Roches Point","Millimetres",""
"Precipitation Amount","1960 January","Markree","Millimetres",""
"Precipitation Amount","1960 February","Malin Head","Millimetres","102.9"
"Precipitation Amount","1960 February","Claremorris","Millimetres","89.2"
"Precipitation Amount","1960 February","Valentia Observatory","Millimetres","135.2"
"Precipitation Amount","1960 February","Belmullet","Millimetres","91.6"
"Precipitation Amount","1960 February","Shannon Airport","Millimetres","47.2"
"Precipitation Amount","1960 February","Dublin Airport","Millimetres","35.2"
"Precipitation Amount","1960 February","Mullingar","Millimetres","53.2"
"Precipitation Amount","1960 February","Cork Airport","Millimetres",""
"Precipitation Amount","1960 February","Casement","Millimetres",""
"Precipitation Amount","1960 February","Phoenix Park","Millimetres",""
"Precipitation Amount","1960 February","Roches Point","Millimetres",""
"Precipitation Amount","1960 February","Markree","Millimetres",""
"Precipitation Amount","1960 March","Malin Head","Millimetres","44.4"
"Precipitation Amount","1960 March","Claremorris","Millimetres","47.4"
"Precipitation Amount","1960 March","Valentia Observatory","Millimetres","122.9"
"Precipitation Amount","1960 March","Belmullet","Millimetres","69"
"Precipitation Amount","1960 March","Shannon Airport","Millimetres","44.7"
"Precipitation Amount","1960 March","Dublin Airport","Millimetres","97.2"
"Precipitation Amount","1960 March","Mullingar","Millimetres","49.3"
"Precipitation Amount","1960 March","Cork Airport","Millimetres",""
"Precipitation Amount","1960 March","Casement","Millimetres",""
"Precipitation Amount","1960 March","Phoenix Park","Millimetres",""
"Precipitation Amount","1960 March","Roches Point","Millimetres",""
"Precipitation Amount","1960 March","Markree","Millimetres",""
"Precipitation Amount","1960 April","Malin Head","Millimetres","54.1"
"Precipitation Amount","1960 April","Claremorris","Millimetres","95.6"
"Precipitation Amount","1960 April","Valentia Observatory","Millimetres","102.8"
"Precipitation Amount","1960 April","Belmullet","Millimetres","66.8"
"Precipitation Amount","1960 April","Shannon Airport","Millimetres","70.6"
"Precipitation Amount","1960 April","Dublin Airport","Millimetres","27.2"
"Precipitation Amount","1960 April","Mullingar","Millimetres","72.6"
"Precipitation Amount","1960 April","Cork Airport","Millimetres",""
"Precipitation Amount","1960 April","Casement","Millimetres",""
"Precipitation Amount","1960 April","Phoenix Park","Millimetres",""
"Precipitation Amount","1960 April","Roches Point","Millimetres",""
"Precipitation Amount","1960 April","Markree","Millimetres",""
"Precipitation Amount","1960 May","Malin Head","Millimetres","59.8"
"Precipitation Amount","1960 May","Claremorris","Millimetres","54.4"
"Precipitation Amount","1960 May","Valentia Observatory","Millimetres","84.5"
"Precipitation Amount","1960 May","Belmullet","Millimetres","56.1"
"Precipitation Amount","1960 May","Shannon Airport","Millimetres","109.4"
"Precipitation Amount","1960 May","Dublin Airport","Millimetres","52.4"
"Precipitation Amount","1960 May","Mullingar","Millimetres","69.4"
"Precipitation Amount","1960 May","Cork Airport","Millimetres",""
"Precipitation Amount","1960 May","Casement","Millimetres",""
"Precipitation Amount","1960 May","Phoenix Park","Millimetres",""
"Precipitation Amount","1960 May","Roches Point","Millimetres",""
"Precipitation Amount","1960 May","Markree","Millimetres",""
"Precipitation Amount","1960 June","Malin Head","Millimetres","79.4"
"Precipitation Amount","1960 June","Claremorris","Millimetres","114.3"
"Precipitation Amount","1960 June","Valentia Observatory","Millimetres","68.6"
"Precipitation Amount","1960 June","Belmullet","Millimetres","89.5"
"Precipitation Amount","1960 June","Shannon Airport","Millimetres","80.2"
"Precipitation Amount","1960 June","Dublin Airport","Millimetres","51.1"
"Precipitation Amount","1960 June","Mullingar","Millimetres","92.1"
"Precipitation Amount","1960 June","Cork Airport","Millimetres",""
"Precipitation Amount","1960 June","Casement","Millimetres",""
"Precipitation Amount","1960 June","Phoenix Park","Millimetres",""
"Precipitation Amount","1960 June","Roches Point","Millimetres",""
"Precipitation Amount","1960 June","Markree","Millimetres",""
"Precipitation Amount","1960 July","Malin Head","Millimetres","129.5"
"Precipitation Amount","1960 July","Claremorris","Millimetres","127.3"
"Precipitation Amount","1960 July","Valentia Observatory","Millimetres","174.5"
"Precipitation Amount","1960 July","Belmullet","Millimetres","112.9"
"Precipitation Amount","1960 July","Shannon Airport","Millimetres","121"
"Precipitation Amount","1960 July","Dublin Airport","Millimetres","139.8"
"Precipitation Amount","1960 July","Mullingar","Millimetres","157.5"
"Precipitation Amount","1960 July","Cork Airport","Millimetres",""
"Precipitation Amount","1960 July","Casement","Millimetres",""
"Precipitation Amount","1960 July","Phoenix Park","Millimetres",""
"Precipitation Amount","1960 July","Roches Point","Millimetres",""
"Precipitation Amount","1960 July","Markree","Millimetres",""
"Precipitation Amount","1960 August","Malin Head","Millimetres","103.4"
"Precipitation Amount","1960 August","Claremorris","Millimetres","113.2"
"Precipitation Amount","1960 August","Valentia Observatory","Millimetres","60"
"Precipitation Amount","1960 August","Belmullet","Millimetres","84.3"
"Precipitation Amount","1960 August","Shannon Airport","Millimetres","82.9"
"Precipitation Amount","1960 August","Dublin Airport","Millimetres","86.3"
"Precipitation Amount","1960 August","Mullingar","Millimetres","95.6"
"Precipitation Amount","1960 August","Cork Airport","Millimetres",""
"Precipitation Amount","1960 August","Casement","Millimetres",""
"Precipitation Amount","1960 August","Phoenix Park","Millimetres",""
"Precipitation Amount","1960 August","Roches Point","Millimetres",""
"Precipitation Amount","1960 August","Markree","Millimetres",""
"Precipitation Amount","1960 September","Malin Head","Millimetres","64.1"
"Precipitation Amount","1960 September","Claremorris","Millimetres","86.6"
"Precipitation Amount","1960 September","Valentia Observatory","Millimetres","162.9"
"Precipitation Amount","1960 September","Belmullet","Millimetres","105.2"
"Precipitation Amount","1960 September","Shannon Airport","Millimetres","106.5"
"Precipitation Amount","1960 September","Dublin Airport","Millimetres","81.2"
"Precipitation Amount","1960 September","Mullingar","Millimetres","102.8"
"Precipitation Amount","1960 September","Cork Airport","Millimetres",""
"Precipitation Amount","1960 September","Casement","Millimetres",""
"Precipitation Amount","1960 September","Phoenix Park","Millimetres",""
"Precipitation Amount","1960 September","Roches Point","Millimetres",""
"Precipitation Amount","1960 September","Markree","Millimetres",""
"Precipitation Amount","1960 October","Malin Head","Millimetres","67.4"
"Precipitation Amount","1960 October","Claremorris","Millimetres","59.1"
"Precipitation Amount","1960 October","Valentia Observatory","Millimetres","109.4"
"Precipitation Amount","1960 October","Belmullet","Millimetres","64.3"
"Precipitation Amount","1960 October","Shannon Airport","Millimetres","72.6"
"Precipitation Amount","1960 October","Dublin Airport","Millimetres","161.3"
"Precipitation Amount","1960 October","Mullingar","Millimetres","103.1"
"Precipitation Amount","1960 October","Cork Airport","Millimetres",""
"Precipitation Amount","1960 October","Casement","Millimetres",""
"Precipitation Amount","1960 October","Phoenix Park","Millimetres",""
"Precipitation Amount","1960 October","Roches Point","Millimetres",""
"Precipitation Amount","1960 October","Markree","Millimetres",""
"Precipitation Amount","1960 November","Malin Head","Millimetres","85.8"
"Precipitation Amount","1960 November","Claremorris","Millimetres","210.8"
"Precipitation Amount","1960 November","Valentia Observatory","Millimetres","283.6"
"Precipitation Amount","1960 November","Belmullet","Millimetres","158.3"
"Precipitation Amount","1960 November","Shannon Airport","Millimetres","182"
"Precipitation Amount","1960 November","Dublin Airport","Millimetres","117.7"
"Precipitation Amount","1960 November","Mullingar","Millimetres","161.8"
"Precipitation Amount","1960 November","Cork Airport","Millimetres",""
"Precipitation Amount","1960 November","Casement","Millimetres",""
"Precipitation Amount","1960 November","Phoenix Park","Millimetres",""
"Precipitation Amount","1960 November","Roches Point","Millimetres",""
"Precipitation Amount","1960 November","Markree","Millimetres",""
"Precipitation Amount","1960 December","Malin Head","Millimetres","148.3"
"Precipitation Amount","1960 December","Claremorris","Millimetres","138.3"
"Precipitation Amount","1960 December","Valentia Observatory","Millimetres","221.6"
"Precipitation Amount","1960 December","Belmullet","Millimetres","150.1"
"Precipitation Amount","1960 December","Shannon Airport","Millimetres","175.1"
"Precipitation Amount","1960 December","Dublin Airport","Millimetres","95.4"
"Precipitation Amount","1960 December","Mullingar","Millimetres","102.9"
"Precipitation Amount","1960 December","Cork Airport","Millimetres",""
"Precipitation Amount","1960 December","Casement","Millimetres",""
"Precipitation Amount","1960 December","Phoenix Park","Millimetres",""
"Precipitation Amount","1960 December","Roches Point","Millimetres",""
"Precipitation Amount","1960 December","Markree","Millimetres",""
"Precipitation Amount","1961 January","Malin Head","Millimetres","100.9"
"Precipitation Amount","1961 January","Claremorris","Millimetres","168"
"Precipitation Amount","1961 January","Valentia Observatory","Millimetres","261.1"
"Precipitation Amount","1961 January","Belmullet","Millimetres","163.4"
"Precipitation Amount","1961 January","Shannon Airport","Millimetres","130.9"
"Precipitation Amount","1961 January","Dublin Airport","Millimetres","106.3"
"Precipitation Amount","1961 January","Mullingar","Millimetres","132.5"
"Precipitation Amount","1961 January","Cork Airport","Millimetres",""
"Precipitation Amount","1961 January","Casement","Millimetres",""
"Precipitation Amount","1961 January","Phoenix Park","Millimetres",""
"Precipitation Amount","1961 January","Roches Point","Millimetres",""
"Precipitation Amount","1961 January","Markree","Millimetres",""
"Precipitation Amount","1961 February","Malin Head","Millimetres","113.3"
"Precipitation Amount","1961 February","Claremorris","Millimetres","105.6"
"Precipitation Amount","1961 February","Valentia Observatory","Millimetres","124.2"
"Precipitation Amount","1961 February","Belmullet","Millimetres","86.5"
"Precipitation Amount","1961 February","Shannon Airport","Millimetres","97.1"
"Precipitation Amount","1961 February","Dublin Airport","Millimetres","50.8"
"Precipitation Amount","1961 February","Mullingar","Millimetres","75.8"
"Precipitation Amount","1961 February","Cork Airport","Millimetres",""
"Precipitation Amount","1961 February","Casement","Millimetres",""
"Precipitation Amount","1961 February","Phoenix Park","Millimetres",""
"Precipitation Amount","1961 February","Roches Point","Millimetres",""
"Precipitation Amount","1961 February","Markree","Millimetres",""
"Precipitation Amount","1961 March","Malin Head","Millimetres","60.4"
"Precipitation Amount","1961 March","Claremorris","Millimetres","30.4"
"Precipitation Amount","1961 March","Valentia Observatory","Millimetres","19.1"
"Precipitation Amount","1961 March","Belmullet","Millimetres","37.9"
"Precipitation Amount","1961 March","Shannon Airport","Millimetres","18"
"Precipitation Amount","1961 March","Dublin Airport","Millimetres","4"
"Precipitation Amount","1961 March","Mullingar","Millimetres","13.3"
"Precipitation Amount","1961 March","Cork Airport","Millimetres",""
"Precipitation Amount","1961 March","Casement","Millimetres",""
"Precipitation Amount","1961 March","Phoenix Park","Millimetres",""
"Precipitation Amount","1961 March","Roches Point","Millimetres",""
"Precipitation Amount","1961 March","Markree","Millimetres",""
"Precipitation Amount","1961 April","Malin Head","Millimetres","124.5"
"Precipitation Amount","1961 April","Claremorris","Millimetres","90.2"
"Precipitation Amount","1961 April","Valentia Observatory","Millimetres","147.8"
"Precipitation Amount","1961 April","Belmullet","Millimetres","91.9"
"Precipitation Amount","1961 April","Shannon Airport","Millimetres","95.9"
"Precipitation Amount","1961 April","Dublin Airport","Millimetres","90.4"
"Precipitation Amount","1961 April","Mullingar","Millimetres","109.8"
"Precipitation Amount","1961 April","Cork Airport","Millimetres",""
"Precipitation Amount","1961 April","Casement","Millimetres",""
"Precipitation Amount","1961 April","Phoenix Park","Millimetres",""
"Precipitation Amount","1961 April","Roches Point","Millimetres",""
"Precipitation Amount","1961 April","Markree","Millimetres",""
"Precipitation Amount","1961 May","Malin Head","Millimetres","47.2"
"Precipitation Amount","1961 May","Claremorris","Millimetres","57.5"
"Precipitation Amount","1961 May","Valentia Observatory","Millimetres","44.3"
"Precipitation Amount","1961 May","Belmullet","Millimetres","56.7"
"Precipitation Amount","1961 May","Shannon Airport","Millimetres","32.6"
"Precipitation Amount","1961 May","Dublin Airport","Millimetres","29.6"
"Precipitation Amount","1961 May","Mullingar","Millimetres","55.3"
"Precipitation Amount","1961 May","Cork Airport","Millimetres",""
"Precipitation Amount","1961 May","Casement","Millimetres",""
"Precipitation Amount","1961 May","Phoenix Park","Millimetres",""
"Precipitation Amount","1961 May","Roches Point","Millimetres",""
"Precipitation Amount","1961 May","Markree","Millimetres",""
"Precipitation Amount","1961 June","Malin Head","Millimetres","49.9"
"Precipitation Amount","1961 June","Claremorris","Millimetres","57.9"
"Precipitation Amount","1961 June","Valentia Observatory","Millimetres","59.4"
"Precipitation Amount","1961 June","Belmullet","Millimetres","64.5"
"Precipitation Amount","1961 June","Shannon Airport","Millimetres","42.2"
"Precipitation Amount","1961 June","Dublin Airport","Millimetres","42.4"
"Precipitation Amount","1961 June","Mullingar","Millimetres","56.9"
"Precipitation Amount","1961 June","Cork Airport","Millimetres",""
"Precipitation Amount","1961 June","Casement","Millimetres",""
"Precipitation Amount","1961 June","Phoenix Park","Millimetres",""
"Precipitation Amount","1961 June","Roches Point","Millimetres",""
"Precipitation Amount","1961 June","Markree","Millimetres",""
"Precipitation Amount","1961 July","Malin Head","Millimetres","73.3"
"Precipitation Amount","1961 July","Claremorris","Millimetres","122.7"
"Precipitation Amount","1961 July","Valentia Observatory","Millimetres","93.5"
"Precipitation Amount","1961 July","Belmullet","Millimetres","117.2"
"Precipitation Amount","1961 July","Shannon Airport","Millimetres","81.1"
"Precipitation Amount","1961 July","Dublin Airport","Millimetres","52.6"
"Precipitation Amount","1961 July","Mullingar","Millimetres","82.5"
"Precipitation Amount","1961 July","Cork Airport","Millimetres",""
"Precipitation Amount","1961 July","Casement","Millimetres",""
"Precipitation Amount","1961 July","Phoenix Park","Millimetres",""
"Precipitation Amount","1961 July","Roches Point","Millimetres",""
"Precipitation Amount","1961 July","Markree","Millimetres",""
"Precipitation Amount","1961 August","Malin Head","Millimetres","131.2"
"Precipitation Amount","1961 August","Claremorris","Millimetres","81.5"
"Precipitation Amount","1961 August","Valentia Observatory","Millimetres","47"
"Precipitation Amount","1961 August","Belmullet","Millimetres","96"
"Precipitation Amount","1961 August","Shannon Airport","Millimetres","76.5"
"Precipitation Amount","1961 August","Dublin Airport","Millimetres","47.3"
"Precipitation Amount","1961 August","Mullingar","Millimetres","74.1"
"Precipitation Amount","1961 August","Cork Airport","Millimetres",""
"Precipitation Amount","1961 August","Casement","Millimetres",""
"Precipitation Amount","1961 August","Phoenix Park","Millimetres",""
"Precipitation Amount","1961 August","Roches Point","Millimetres",""
"Precipitation Amount","1961 August","Markree","Millimetres",""
"Precipitation Amount","1961 September","Malin Head","Millimetres","92.2"
"Precipitation Amount","1961 September","Claremorris","Millimetres","148"
"Precipitation Amount","1961 September","Valentia Observatory","Millimetres","205.3"
"Precipitation Amount","1961 September","Belmullet","Millimetres","137.4"
"Precipitation Amount","1961 September","Shannon Airport","Millimetres","94.2"
"Precipitation Amount","1961 September","Dublin Airport","Millimetres","86.4"
"Precipitation Amount","1961 September","Mullingar","Millimetres","115.7"
"Precipitation Amount","1961 September","Cork Airport","Millimetres",""
"Precipitation Amount","1961 September","Casement","Millimetres",""
"Precipitation Amount","1961 September","Phoenix Park","Millimetres",""
"Precipitation Amount","1961 September","Roches Point","Millimetres",""
"Precipitation Amount","1961 September","Markree","Millimetres",""
"Precipitation Amount","1961 October","Malin Head","Millimetres","101.8"
"Precipitation Amount","1961 October","Claremorris","Millimetres","143.5"
"Precipitation Amount","1961 October","Valentia Observatory","Millimetres","173.6"
"Precipitation Amount","1961 October","Belmullet","Millimetres","194.8"
"Precipitation Amount","1961 October","Shannon Airport","Millimetres","84.8"
"Precipitation Amount","1961 October","Dublin Airport","Millimetres","58.8"
"Precipitation Amount","1961 October","Mullingar","Millimetres","73.5"
"Precipitation Amount","1961 October","Cork Airport","Millimetres",""
"Precipitation Amount","1961 October","Casement","Millimetres",""
"Precipitation Amount","1961 October","Phoenix Park","Millimetres",""
"Precipitation Amount","1961 October","Roches Point","Millimetres",""
"Precipitation Amount","1961 October","Markree","Millimetres",""
"Precipitation Amount","1961 November","Malin Head","Millimetres","90.7"
"Precipitation Amount","1961 November","Claremorris","Millimetres","84.1"
"Precipitation Amount","1961 November","Valentia Observatory","Millimetres","92.8"
"Precipitation Amount","1961 November","Belmullet","Millimetres","111.7"
"Precipitation Amount","1961 November","Shannon Airport","Millimetres","67.4"
"Precipitation Amount","1961 November","Dublin Airport","Millimetres","52.8"
"Precipitation Amount","1961 November","Mullingar","Millimetres","58.9"
"Precipitation Amount","1961 November","Cork Airport","Millimetres",""
"Precipitation Amount","1961 November","Casement","Millimetres",""
"Precipitation Amount","1961 November","Phoenix Park","Millimetres",""
"Precipitation Amount","1961 November","Roches Point","Millimetres",""
"Precipitation Amount","1961 November","Markree","Millimetres",""
"Precipitation Amount","1961 December","Malin Head","Millimetres","98"
"Precipitation Amount","1961 December","Claremorris","Millimetres","98"
"Precipitation Amount","1961 December","Valentia Observatory","Millimetres","107.7"
"Precipitation Amount","1961 December","Belmullet","Millimetres","103.6"
"Precipitation Amount","1961 December","Shannon Airport","Millimetres","83.7"
"Precipitation Amount","1961 December","Dublin Airport","Millimetres","57.1"
"Precipitation Amount","1961 December","Mullingar","Millimetres","66.1"
"Precipitation Amount","1961 December","Cork Airport","Millimetres",""
"Precipitation Amount","1961 December","Casement","Millimetres",""
"Precipitation Amount","1961 December","Phoenix Park","Millimetres",""
"Precipitation Amount","1961 December","Roches Point","Millimetres",""
"Precipitation Amount","1961 December","Markree","Millimetres",""
"Precipitation Amount","1962 January","Malin Head","Millimetres","143.6"
"Precipitation Amount","1962 January","Claremorris","Millimetres","146.1"
"Precipitation Amount","1962 January","Valentia Observatory","Millimetres","165.8"
"Precipitation Amount","1962 January","Belmullet","Millimetres","153.9"
"Precipitation Amount","1962 January","Shannon Airport","Millimetres","147.6"
"Precipitation Amount","1962 January","Dublin Airport","Millimetres","41.1"
"Precipitation Amount","1962 January","Mullingar","Millimetres","98.1"
"Precipitation Amount","1962 January","Cork Airport","Millimetres",""
"Precipitation Amount","1962 January","Casement","Millimetres",""
"Precipitation Amount","1962 January","Phoenix Park","Millimetres",""
"Precipitation Amount","1962 January","Roches Point","Millimetres",""
"Precipitation Amount","1962 January","Markree","Millimetres",""
"Precipitation Amount","1962 February","Malin Head","Millimetres","66.2"
"Precipitation Amount","1962 February","Claremorris","Millimetres","45.6"
"Precipitation Amount","1962 February","Valentia Observatory","Millimetres","36.6"
"Precipitation Amount","1962 February","Belmullet","Millimetres","48.1"
"Precipitation Amount","1962 February","Shannon Airport","Millimetres","37.7"
"Precipitation Amount","1962 February","Dublin Airport","Millimetres","26.7"
"Precipitation Amount","1962 February","Mullingar","Millimetres","63.7"
"Precipitation Amount","1962 February","Cork Airport","Millimetres",""
"Precipitation Amount","1962 February","Casement","Millimetres",""
"Precipitation Amount","1962 February","Phoenix Park","Millimetres",""
"Precipitation Amount","1962 February","Roches Point","Millimetres",""
"Precipitation Amount","1962 February","Markree","Millimetres",""
"Precipitation Amount","1962 March","Malin Head","Millimetres","78.6"
"Precipitation Amount","1962 March","Claremorris","Millimetres","82.1"
"Precipitation Amount","1962 March","Valentia Observatory","Millimetres","126.9"
"Precipitation Amount","1962 March","Belmullet","Millimetres","98.7"
"Precipitation Amount","1962 March","Shannon Airport","Millimetres","68.7"
"Precipitation Amount","1962 March","Dublin Airport","Millimetres","53.6"
"Precipitation Amount","1962 March","Mullingar","Millimetres","58.9"
"Precipitation Amount","1962 March","Cork Airport","Millimetres",""
"Precipitation Amount","1962 March","Casement","Millimetres",""
"Precipitation Amount","1962 March","Phoenix Park","Millimetres",""
"Precipitation Amount","1962 March","Roches Point","Millimetres",""
"Precipitation Amount","1962 March","Markree","Millimetres",""
"Precipitation Amount","1962 April","Malin Head","Millimetres","65.6"
"Precipitation Amount","1962 April","Claremorris","Millimetres","70.9"
"Precipitation Amount","1962 April","Valentia Observatory","Millimetres","75.1"
"Precipitation Amount","1962 April","Belmullet","Millimetres","68.9"
"Precipitation Amount","1962 April","Shannon Airport","Millimetres","57.5"
"Precipitation Amount","1962 April","Dublin Airport","Millimetres","40.8"
"Precipitation Amount","1962 April","Mullingar","Millimetres","58.7"
"Precipitation Amount","1962 April","Cork Airport","Millimetres","68.6"
"Precipitation Amount","1962 April","Casement","Millimetres",""
"Precipitation Amount","1962 April","Phoenix Park","Millimetres",""
"Precipitation Amount","1962 April","Roches Point","Millimetres",""
"Precipitation Amount","1962 April","Markree","Millimetres",""
"Precipitation Amount","1962 May","Malin Head","Millimetres","44.5"
"Precipitation Amount","1962 May","Claremorris","Millimetres","54.4"
"Precipitation Amount","1962 May","Valentia Observatory","Millimetres","95"
"Precipitation Amount","1962 May","Belmullet","Millimetres","50.3"
"Precipitation Amount","1962 May","Shannon Airport","Millimetres","49.1"
"Precipitation Amount","1962 May","Dublin Airport","Millimetres","56.8"
"Precipitation Amount","1962 May","Mullingar","Millimetres","84.2"
"Precipitation Amount","1962 May","Cork Airport","Millimetres","80.7"
"Precipitation Amount","1962 May","Casement","Millimetres",""
"Precipitation Amount","1962 May","Phoenix Park","Millimetres",""
"Precipitation Amount","1962 May","Roches Point","Millimetres",""
"Precipitation Amount","1962 May","Markree","Millimetres",""
"Precipitation Amount","1962 June","Malin Head","Millimetres","59.1"
"Precipitation Amount","1962 June","Claremorris","Millimetres","73.1"
"Precipitation Amount","1962 June","Valentia Observatory","Millimetres","69.3"
"Precipitation Amount","1962 June","Belmullet","Millimetres","56.2"
"Precipitation Amount","1962 June","Shannon Airport","Millimetres","46.1"
"Precipitation Amount","1962 June","Dublin Airport","Millimetres","24.9"
"Precipitation Amount","1962 June","Mullingar","Millimetres","40.6"
"Precipitation Amount","1962 June","Cork Airport","Millimetres","50.2"
"Precipitation Amount","1962 June","Casement","Millimetres",""
"Precipitation Amount","1962 June","Phoenix Park","Millimetres",""
"Precipitation Amount","1962 June","Roches Point","Millimetres",""
"Precipitation Amount","1962 June","Markree","Millimetres",""
"Precipitation Amount","1962 July","Malin Head","Millimetres","43.9"
"Precipitation Amount","1962 July","Claremorris","Millimetres","62.5"
"Precipitation Amount","1962 July","Valentia Observatory","Millimetres","68.6"
"Precipitation Amount","1962 July","Belmullet","Millimetres","42.7"
"Precipitation Amount","1962 July","Shannon Airport","Millimetres","53.9"
"Precipitation Amount","1962 July","Dublin Airport","Millimetres","68"
"Precipitation Amount","1962 July","Mullingar","Millimetres","55.9"
"Precipitation Amount","1962 July","Cork Airport","Millimetres","92.2"
"Precipitation Amount","1962 July","Casement","Millimetres",""
"Precipitation Amount","1962 July","Phoenix Park","Millimetres",""
"Precipitation Amount","1962 July","Roches Point","Millimetres",""
"Precipitation Amount","1962 July","Markree","Millimetres",""
"Precipitation Amount","1962 August","Malin Head","Millimetres","135.8"
"Precipitation Amount","1962 August","Claremorris","Millimetres","100.7"
"Precipitation Amount","1962 August","Valentia Observatory","Millimetres","125.1"
"Precipitation Amount","1962 August","Belmullet","Millimetres","105.6"
"Precipitation Amount","1962 August","Shannon Airport","Millimetres","131.9"
"Precipitation Amount","1962 August","Dublin Airport","Millimetres","73.1"
"Precipitation Amount","1962 August","Mullingar","Millimetres","106.2"
"Precipitation Amount","1962 August","Cork Airport","Millimetres","99.4"
"Precipitation Amount","1962 August","Casement","Millimetres",""
"Precipitation Amount","1962 August","Phoenix Park","Millimetres",""
"Precipitation Amount","1962 August","Roches Point","Millimetres",""
"Precipitation Amount","1962 August","Markree","Millimetres",""
"Precipitation Amount","1962 September","Malin Head","Millimetres","123"
"Precipitation Amount","1962 September","Claremorris","Millimetres","152.7"
"Precipitation Amount","1962 September","Valentia Observatory","Millimetres","143.5"
"Precipitation Amount","1962 September","Belmullet","Millimetres","130.3"
"Precipitation Amount","1962 September","Shannon Airport","Millimetres","107.6"
"Precipitation Amount","1962 September","Dublin Airport","Millimetres","129.2"
"Precipitation Amount","1962 September","Mullingar","Millimetres","177.3"
"Precipitation Amount","1962 September","Cork Airport","Millimetres","122.4"
"Precipitation Amount","1962 September","Casement","Millimetres",""
"Precipitation Amount","1962 September","Phoenix Park","Millimetres",""
"Precipitation Amount","1962 September","Roches Point","Millimetres",""
"Precipitation Amount","1962 September","Markree","Millimetres",""
"Precipitation Amount","1962 October","Malin Head","Millimetres","38.9"
"Precipitation Amount","1962 October","Claremorris","Millimetres","34.2"
"Precipitation Amount","1962 October","Valentia Observatory","Millimetres","71.4"
"Precipitation Amount","1962 October","Belmullet","Millimetres","59.3"
"Precipitation Amount","1962 October","Shannon Airport","Millimetres","47.5"
"Precipitation Amount","1962 October","Dublin Airport","Millimetres","16.8"
"Precipitation Amount","1962 October","Mullingar","Millimetres","38.8"
"Precipitation Amount","1962 October","Cork Airport","Millimetres","42.6"
"Precipitation Amount","1962 October","Casement","Millimetres",""
"Precipitation Amount","1962 October","Phoenix Park","Millimetres",""
"Precipitation Amount","1962 October","Roches Point","Millimetres",""
"Precipitation Amount","1962 October","Markree","Millimetres",""
"Precipitation Amount","1962 November","Malin Head","Millimetres","97.3"
"Precipitation Amount","1962 November","Claremorris","Millimetres","111.8"
"Precipitation Amount","1962 November","Valentia Observatory","Millimetres","123.3"
"Precipitation Amount","1962 November","Belmullet","Millimetres","145.3"
"Precipitation Amount","1962 November","Shannon Airport","Millimetres","83"
"Precipitation Amount","1962 November","Dublin Airport","Millimetres","47.9"
"Precipitation Amount","1962 November","Mullingar","Millimetres","73.5"
"Precipitation Amount","1962 November","Cork Airport","Millimetres","105.5"
"Precipitation Amount","1962 November","Casement","Millimetres",""
"Precipitation Amount","1962 November","Phoenix Park","Millimetres",""
"Precipitation Amount","1962 November","Roches Point","Millimetres",""
"Precipitation Amount","1962 November","Markree","Millimetres",""
"Precipitation Amount","1962 December","Malin Head","Millimetres","95.4"
"Precipitation Amount","1962 December","Claremorris","Millimetres","103"
"Precipitation Amount","1962 December","Valentia Observatory","Millimetres","131.7"
"Precipitation Amount","1962 December","Belmullet","Millimetres","98.2"
"Precipitation Amount","1962 December","Shannon Airport","Millimetres","90.6"
"Precipitation Amount","1962 December","Dublin Airport","Millimetres","75.3"
"Precipitation Amount","1962 December","Mullingar","Millimetres","112.3"
"Precipitation Amount","1962 December","Cork Airport","Millimetres","86.4"
"Precipitation Amount","1962 December","Casement","Millimetres",""
"Precipitation Amount","1962 December","Phoenix Park","Millimetres",""
"Precipitation Amount","1962 December","Roches Point","Millimetres",""
"Precipitation Amount","1962 December","Markree","Millimetres",""
"Precipitation Amount","1963 January","Malin Head","Millimetres","35.2"
"Precipitation Amount","1963 January","Claremorris","Millimetres","16.5"
"Precipitation Amount","1963 January","Valentia Observatory","Millimetres","26.1"
"Precipitation Amount","1963 January","Belmullet","Millimetres","21"
"Precipitation Amount","1963 January","Shannon Airport","Millimetres","11.2"
"Precipitation Amount","1963 January","Dublin Airport","Millimetres","41.1"
"Precipitation Amount","1963 January","Mullingar","Millimetres","27.5"
"Precipitation Amount","1963 January","Cork Airport","Millimetres","34.8"
"Precipitation Amount","1963 January","Casement","Millimetres",""
"Precipitation Amount","1963 January","Phoenix Park","Millimetres",""
"Precipitation Amount","1963 January","Roches Point","Millimetres",""
"Precipitation Amount","1963 January","Markree","Millimetres",""
"Precipitation Amount","1963 February","Malin Head","Millimetres","34.4"
"Precipitation Amount","1963 February","Claremorris","Millimetres","35.7"
"Precipitation Amount","1963 February","Valentia Observatory","Millimetres","122.4"
"Precipitation Amount","1963 February","Belmullet","Millimetres","30.8"
"Precipitation Amount","1963 February","Shannon Airport","Millimetres","34.7"
"Precipitation Amount","1963 February","Dublin Airport","Millimetres","61.9"
"Precipitation Amount","1963 February","Mullingar","Millimetres","33.2"
"Precipitation Amount","1963 February","Cork Airport","Millimetres","96"
"Precipitation Amount","1963 February","Casement","Millimetres",""
"Precipitation Amount","1963 February","Phoenix Park","Millimetres",""
"Precipitation Amount","1963 February","Roches Point","Millimetres",""
"Precipitation Amount","1963 February","Markree","Millimetres",""
"Precipitation Amount","1963 March","Malin Head","Millimetres","89.2"
"Precipitation Amount","1963 March","Claremorris","Millimetres","129.1"
"Precipitation Amount","1963 March","Valentia Observatory","Millimetres","260"
"Precipitation Amount","1963 March","Belmullet","Millimetres","141.3"
"Precipitation Amount","1963 March","Shannon Airport","Millimetres","82.2"
"Precipitation Amount","1963 March","Dublin Airport","Millimetres","65.2"
"Precipitation Amount","1963 March","Mullingar","Millimetres","106.1"
"Precipitation Amount","1963 March","Cork Airport","Millimetres","212.5"
"Precipitation Amount","1963 March","Casement","Millimetres",""
"Precipitation Amount","1963 March","Phoenix Park","Millimetres",""
"Precipitation Amount","1963 March","Roches Point","Millimetres",""
"Precipitation Amount","1963 March","Markree","Millimetres",""
"Precipitation Amount","1963 April","Malin Head","Millimetres","59.8"
"Precipitation Amount","1963 April","Claremorris","Millimetres","66.4"
"Precipitation Amount","1963 April","Valentia Observatory","Millimetres","99.2"
"Precipitation Amount","1963 April","Belmullet","Millimetres","72.5"
"Precipitation Amount","1963 April","Shannon Airport","Millimetres","59.4"
"Precipitation Amount","1963 April","Dublin Airport","Millimetres","47"
"Precipitation Amount","1963 April","Mullingar","Millimetres","64"
"Precipitation Amount","1963 April","Cork Airport","Millimetres","113.7"
"Precipitation Amount","1963 April","Casement","Millimetres",""
"Precipitation Amount","1963 April","Phoenix Park","Millimetres",""
"Precipitation Amount","1963 April","Roches Point","Millimetres",""
"Precipitation Amount","1963 April","Markree","Millimetres",""
"Precipitation Amount","1963 May","Malin Head","Millimetres","101.1"
"Precipitation Amount","1963 May","Claremorris","Millimetres","109.3"
"Precipitation Amount","1963 May","Valentia Observatory","Millimetres","83.1"
"Precipitation Amount","1963 May","Belmullet","Millimetres","106.9"
"Precipitation Amount","1963 May","Shannon Airport","Millimetres","54.3"
"Precipitation Amount","1963 May","Dublin Airport","Millimetres","42"
"Precipitation Amount","1963 May","Mullingar","Millimetres","64.8"
"Precipitation Amount","1963 May","Cork Airport","Millimetres","53.9"
"Precipitation Amount","1963 May","Casement","Millimetres",""
"Precipitation Amount","1963 May","Phoenix Park","Millimetres",""
"Precipitation Amount","1963 May","Roches Point","Millimetres",""
"Precipitation Amount","1963 May","Markree","Millimetres",""
"Precipitation Amount","1963 June","Malin Head","Millimetres","54.2"
"Precipitation Amount","1963 June","Claremorris","Millimetres","42.4"
"Precipitation Amount","1963 June","Valentia Observatory","Millimetres","54.5"
"Precipitation Amount","1963 June","Belmullet","Millimetres","51.2"
"Precipitation Amount","1963 June","Shannon Airport","Millimetres","46"
"Precipitation Amount","1963 June","Dublin Airport","Millimetres","54.3"
"Precipitation Amount","1963 June","Mullingar","Millimetres","56.4"
"Precipitation Amount","1963 June","Cork Airport","Millimetres","46.2"
"Precipitation Amount","1963 June","Casement","Millimetres",""
"Precipitation Amount","1963 June","Phoenix Park","Millimetres",""
"Precipitation Amount","1963 June","Roches Point","Millimetres",""
"Precipitation Amount","1963 June","Markree","Millimetres",""
"Precipitation Amount","1963 July","Malin Head","Millimetres","71.8"
"Precipitation Amount","1963 July","Claremorris","Millimetres","79.9"
"Precipitation Amount","1963 July","Valentia Observatory","Millimetres","118.3"
"Precipitation Amount","1963 July","Belmullet","Millimetres","98.2"
"Precipitation Amount","1963 July","Shannon Airport","Millimetres","57.8"
"Precipitation Amount","1963 July","Dublin Airport","Millimetres","23.5"
"Precipitation Amount","1963 July","Mullingar","Millimetres","73.5"
"Precipitation Amount","1963 July","Cork Airport","Millimetres","76.6"
"Precipitation Amount","1963 July","Casement","Millimetres",""
"Precipitation Amount","1963 July","Phoenix Park","Millimetres",""
"Precipitation Amount","1963 July","Roches Point","Millimetres",""
"Precipitation Amount","1963 July","Markree","Millimetres",""
"Precipitation Amount","1963 August","Malin Head","Millimetres","58.8"
"Precipitation Amount","1963 August","Claremorris","Millimetres","87.1"
"Precipitation Amount","1963 August","Valentia Observatory","Millimetres","116.7"
"Precipitation Amount","1963 August","Belmullet","Millimetres","98.6"
"Precipitation Amount","1963 August","Shannon Airport","Millimetres","91.5"
"Precipitation Amount","1963 August","Dublin Airport","Millimetres","103.1"
"Precipitation Amount","1963 August","Mullingar","Millimetres","90.5"
"Precipitation Amount","1963 August","Cork Airport","Millimetres","104.3"
"Precipitation Amount","1963 August","Casement","Millimetres",""
"Precipitation Amount","1963 August","Phoenix Park","Millimetres",""
"Precipitation Amount","1963 August","Roches Point","Millimetres",""
"Precipitation Amount","1963 August","Markree","Millimetres",""
"Precipitation Amount","1963 September","Malin Head","Millimetres","92.5"
"Precipitation Amount","1963 September","Claremorris","Millimetres","64.3"
"Precipitation Amount","1963 September","Valentia Observatory","Millimetres","66.5"
"Precipitation Amount","1963 September","Belmullet","Millimetres","88.4"
"Precipitation Amount","1963 September","Shannon Airport","Millimetres","61.1"
"Precipitation Amount","1963 September","Dublin Airport","Millimetres","44.9"
"Precipitation Amount","1963 September","Mullingar","Millimetres","67.7"
"Precipitation Amount","1963 September","Cork Airport","Millimetres","39.5"
"Precipitation Amount","1963 September","Casement","Millimetres",""
"Precipitation Amount","1963 September","Phoenix Park","Millimetres",""
"Precipitation Amount","1963 September","Roches Point","Millimetres",""
"Precipitation Amount","1963 September","Markree","Millimetres",""
"Precipitation Amount","1963 October","Malin Head","Millimetres","148.9"
"Precipitation Amount","1963 October","Claremorris","Millimetres","139.5"
"Precipitation Amount","1963 October","Valentia Observatory","Millimetres","160.6"
"Precipitation Amount","1963 October","Belmullet","Millimetres","116.4"
"Precipitation Amount","1963 October","Shannon Airport","Millimetres","116.1"
"Precipitation Amount","1963 October","Dublin Airport","Millimetres","47.6"
"Precipitation Amount","1963 October","Mullingar","Millimetres","111"
"Precipitation Amount","1963 October","Cork Airport","Millimetres","143.1"
"Precipitation Amount","1963 October","Casement","Millimetres",""
"Precipitation Amount","1963 October","Phoenix Park","Millimetres",""
"Precipitation Amount","1963 October","Roches Point","Millimetres",""
"Precipitation Amount","1963 October","Markree","Millimetres",""
"Precipitation Amount","1963 November","Malin Head","Millimetres","191.3"
"Precipitation Amount","1963 November","Claremorris","Millimetres","165.8"
"Precipitation Amount","1963 November","Valentia Observatory","Millimetres","209.4"
"Precipitation Amount","1963 November","Belmullet","Millimetres","174.1"
"Precipitation Amount","1963 November","Shannon Airport","Millimetres","145.3"
"Precipitation Amount","1963 November","Dublin Airport","Millimetres","95.9"
"Precipitation Amount","1963 November","Mullingar","Millimetres","137.1"
"Precipitation Amount","1963 November","Cork Airport","Millimetres","206.9"
"Precipitation Amount","1963 November","Casement","Millimetres",""
"Precipitation Amount","1963 November","Phoenix Park","Millimetres",""
"Precipitation Amount","1963 November","Roches Point","Millimetres",""
"Precipitation Amount","1963 November","Markree","Millimetres",""
"Precipitation Amount","1963 December","Malin Head","Millimetres","41"
"Precipitation Amount","1963 December","Claremorris","Millimetres","59.9"
"Precipitation Amount","1963 December","Valentia Observatory","Millimetres","79.2"
"Precipitation Amount","1963 December","Belmullet","Millimetres","58.9"
"Precipitation Amount","1963 December","Shannon Airport","Millimetres","29.8"
"Precipitation Amount","1963 December","Dublin Airport","Millimetres","16.4"
"Precipitation Amount","1963 December","Mullingar","Millimetres","22.9"
"Precipitation Amount","1963 December","Cork Airport","Millimetres","112.9"
"Precipitation Amount","1963 December","Casement","Millimetres",""
"Precipitation Amount","1963 December","Phoenix Park","Millimetres",""
"Precipitation Amount","1963 December","Roches Point","Millimetres",""
"Precipitation Amount","1963 December","Markree","Millimetres",""
"Precipitation Amount","1964 January","Malin Head","Millimetres","48.5"
"Precipitation Amount","1964 January","Claremorris","Millimetres","56.2"
"Precipitation Amount","1964 January","Valentia Observatory","Millimetres","49.6"
"Precipitation Amount","1964 January","Belmullet","Millimetres","78.5"
"Precipitation Amount","1964 January","Shannon Airport","Millimetres","48.5"
"Precipitation Amount","1964 January","Dublin Airport","Millimetres","14.8"
"Precipitation Amount","1964 January","Mullingar","Millimetres","46.2"
"Precipitation Amount","1964 January","Cork Airport","Millimetres","35.9"
"Precipitation Amount","1964 January","Casement","Millimetres","18.1"
"Precipitation Amount","1964 January","Phoenix Park","Millimetres",""
"Precipitation Amount","1964 January","Roches Point","Millimetres",""
"Precipitation Amount","1964 January","Markree","Millimetres",""
"Precipitation Amount","1964 February","Malin Head","Millimetres","22.7"
"Precipitation Amount","1964 February","Claremorris","Millimetres","48.4"
"Precipitation Amount","1964 February","Valentia Observatory","Millimetres","126.8"
"Precipitation Amount","1964 February","Belmullet","Millimetres","29.8"
"Precipitation Amount","1964 February","Shannon Airport","Millimetres","20.4"
"Precipitation Amount","1964 February","Dublin Airport","Millimetres","28.3"
"Precipitation Amount","1964 February","Mullingar","Millimetres","46.3"
"Precipitation Amount","1964 February","Cork Airport","Millimetres","166.4"
"Precipitation Amount","1964 February","Casement","Millimetres","22.4"
"Precipitation Amount","1964 February","Phoenix Park","Millimetres",""
"Precipitation Amount","1964 February","Roches Point","Millimetres",""
"Precipitation Amount","1964 February","Markree","Millimetres",""
"Precipitation Amount","1964 March","Malin Head","Millimetres","38"
"Precipitation Amount","1964 March","Claremorris","Millimetres","83.2"
"Precipitation Amount","1964 March","Valentia Observatory","Millimetres","194.4"
"Precipitation Amount","1964 March","Belmullet","Millimetres","44.5"
"Precipitation Amount","1964 March","Shannon Airport","Millimetres","74.8"
"Precipitation Amount","1964 March","Dublin Airport","Millimetres","106.6"
"Precipitation Amount","1964 March","Mullingar","Millimetres","88.7"
"Precipitation Amount","1964 March","Cork Airport","Millimetres","233.9"
"Precipitation Amount","1964 March","Casement","Millimetres","64.1"
"Precipitation Amount","1964 March","Phoenix Park","Millimetres",""
"Precipitation Amount","1964 March","Roches Point","Millimetres",""
"Precipitation Amount","1964 March","Markree","Millimetres",""
"Precipitation Amount","1964 April","Malin Head","Millimetres","64.9"
"Precipitation Amount","1964 April","Claremorris","Millimetres","74.1"
"Precipitation Amount","1964 April","Valentia Observatory","Millimetres","103.4"
"Precipitation Amount","1964 April","Belmullet","Millimetres","59.5"
"Precipitation Amount","1964 April","Shannon Airport","Millimetres","62.1"
"Precipitation Amount","1964 April","Dublin Airport","Millimetres","62.3"
"Precipitation Amount","1964 April","Mullingar","Millimetres","60.9"
"Precipitation Amount","1964 April","Cork Airport","Millimetres","82.9"
"Precipitation Amount","1964 April","Casement","Millimetres","49.5"
"Precipitation Amount","1964 April","Phoenix Park","Millimetres",""
"Precipitation Amount","1964 April","Roches Point","Millimetres",""
"Precipitation Amount","1964 April","Markree","Millimetres",""
"Precipitation Amount","1964 May","Malin Head","Millimetres","55.2"
"Precipitation Amount","1964 May","Claremorris","Millimetres","107.2"
"Precipitation Amount","1964 May","Valentia Observatory","Millimetres","147.4"
"Precipitation Amount","1964 May","Belmullet","Millimetres","84.4"
"Precipitation Amount","1964 May","Shannon Airport","Millimetres","82"
"Precipitation Amount","1964 May","Dublin Airport","Millimetres","45.4"
"Precipitation Amount","1964 May","Mullingar","Millimetres","76.5"
"Precipitation Amount","1964 May","Cork Airport","Millimetres","106.7"
"Precipitation Amount","1964 May","Casement","Millimetres","42.8"
"Precipitation Amount","1964 May","Phoenix Park","Millimetres",""
"Precipitation Amount","1964 May","Roches Point","Millimetres",""
"Precipitation Amount","1964 May","Markree","Millimetres",""
"Precipitation Amount","1964 June","Malin Head","Millimetres","101.1"
"Precipitation Amount","1964 June","Claremorris","Millimetres","137.5"
"Precipitation Amount","1964 June","Valentia Observatory","Millimetres","112.2"
"Precipitation Amount","1964 June","Belmullet","Millimetres","71.9"
"Precipitation Amount","1964 June","Shannon Airport","Millimetres","106"
"Precipitation Amount","1964 June","Dublin Airport","Millimetres","51"
"Precipitation Amount","1964 June","Mullingar","Millimetres","76.7"
"Precipitation Amount","1964 June","Cork Airport","Millimetres","89.8"
"Precipitation Amount","1964 June","Casement","Millimetres","46.7"
"Precipitation Amount","1964 June","Phoenix Park","Millimetres",""
"Precipitation Amount","1964 June","Roches Point","Millimetres",""
"Precipitation Amount","1964 June","Markree","Millimetres",""
"Precipitation Amount","1964 July","Malin Head","Millimetres","76.1"
"Precipitation Amount","1964 July","Claremorris","Millimetres","56.3"
"Precipitation Amount","1964 July","Valentia Observatory","Millimetres","97.8"
"Precipitation Amount","1964 July","Belmullet","Millimetres","74.5"
"Precipitation Amount","1964 July","Shannon Airport","Millimetres","69.5"
"Precipitation Amount","1964 July","Dublin Airport","Millimetres","47.4"
"Precipitation Amount","1964 July","Mullingar","Millimetres","51.6"
"Precipitation Amount","1964 July","Cork Airport","Millimetres","71.5"
"Precipitation Amount","1964 July","Casement","Millimetres","31.5"
"Precipitation Amount","1964 July","Phoenix Park","Millimetres",""
"Precipitation Amount","1964 July","Roches Point","Millimetres",""
"Precipitation Amount","1964 July","Markree","Millimetres",""
"Precipitation Amount","1964 August","Malin Head","Millimetres","100.4"
"Precipitation Amount","1964 August","Claremorris","Millimetres","139"
"Precipitation Amount","1964 August","Valentia Observatory","Millimetres","108.6"
"Precipitation Amount","1964 August","Belmullet","Millimetres","86"
"Precipitation Amount","1964 August","Shannon Airport","Millimetres","99.4"
"Precipitation Amount","1964 August","Dublin Airport","Millimetres","81.3"
"Precipitation Amount","1964 August","Mullingar","Millimetres","101.5"
"Precipitation Amount","1964 August","Cork Airport","Millimetres","134.6"
"Precipitation Amount","1964 August","Casement","Millimetres","78.7"
"Precipitation Amount","1964 August","Phoenix Park","Millimetres",""
"Precipitation Amount","1964 August","Roches Point","Millimetres",""
"Precipitation Amount","1964 August","Markree","Millimetres",""
"Precipitation Amount","1964 September","Malin Head","Millimetres","132.4"
"Precipitation Amount","1964 September","Claremorris","Millimetres","110.2"
"Precipitation Amount","1964 September","Valentia Observatory","Millimetres","102.8"
"Precipitation Amount","1964 September","Belmullet","Millimetres","144.5"
"Precipitation Amount","1964 September","Shannon Airport","Millimetres","68.5"
"Precipitation Amount","1964 September","Dublin Airport","Millimetres","51.7"
"Precipitation Amount","1964 September","Mullingar","Millimetres","56.3"
"Precipitation Amount","1964 September","Cork Airport","Millimetres","75.6"
"Precipitation Amount","1964 September","Casement","Millimetres","44.5"
"Precipitation Amount","1964 September","Phoenix Park","Millimetres",""
"Precipitation Amount","1964 September","Roches Point","Millimetres",""
"Precipitation Amount","1964 September","Markree","Millimetres",""
"Precipitation Amount","1964 October","Malin Head","Millimetres","115.3"
"Precipitation Amount","1964 October","Claremorris","Millimetres","147.3"
"Precipitation Amount","1964 October","Valentia Observatory","Millimetres","148.1"
"Precipitation Amount","1964 October","Belmullet","Millimetres","120.3"
"Precipitation Amount","1964 October","Shannon Airport","Millimetres","96.4"
"Precipitation Amount","1964 October","Dublin Airport","Millimetres","62.3"
"Precipitation Amount","1964 October","Mullingar","Millimetres","122.2"
"Precipitation Amount","1964 October","Cork Airport","Millimetres","80.2"
"Precipitation Amount","1964 October","Casement","Millimetres","72.4"
"Precipitation Amount","1964 October","Phoenix Park","Millimetres",""
"Precipitation Amount","1964 October","Roches Point","Millimetres",""
"Precipitation Amount","1964 October","Markree","Millimetres",""
"Precipitation Amount","1964 November","Malin Head","Millimetres","94.7"
"Precipitation Amount","1964 November","Claremorris","Millimetres","97.7"
"Precipitation Amount","1964 November","Valentia Observatory","Millimetres","112.4"
"Precipitation Amount","1964 November","Belmullet","Millimetres","99.1"
"Precipitation Amount","1964 November","Shannon Airport","Millimetres","74.8"
"Precipitation Amount","1964 November","Dublin Airport","Millimetres","26.2"
"Precipitation Amount","1964 November","Mullingar","Millimetres","56.8"
"Precipitation Amount","1964 November","Cork Airport","Millimetres","73.9"
"Precipitation Amount","1964 November","Casement","Millimetres","26.9"
"Precipitation Amount","1964 November","Phoenix Park","Millimetres",""
"Precipitation Amount","1964 November","Roches Point","Millimetres",""
"Precipitation Amount","1964 November","Markree","Millimetres",""
"Precipitation Amount","1964 December","Malin Head","Millimetres","147.9"
"Precipitation Amount","1964 December","Claremorris","Millimetres","130.9"
"Precipitation Amount","1964 December","Valentia Observatory","Millimetres","182.4"
"Precipitation Amount","1964 December","Belmullet","Millimetres","146.8"
"Precipitation Amount","1964 December","Shannon Airport","Millimetres","148.7"
"Precipitation Amount","1964 December","Dublin Airport","Millimetres","111.8"
"Precipitation Amount","1964 December","Mullingar","Millimetres","162.6"
"Precipitation Amount","1964 December","Cork Airport","Millimetres","152.1"
"Precipitation Amount","1964 December","Casement","Millimetres","131.4"
"Precipitation Amount","1964 December","Phoenix Park","Millimetres",""
"Precipitation Amount","1964 December","Roches Point","Millimetres",""
"Precipitation Amount","1964 December","Markree","Millimetres",""
"Precipitation Amount","1965 January","Malin Head","Millimetres","107.1"
"Precipitation Amount","1965 January","Claremorris","Millimetres","148.2"
"Precipitation Amount","1965 January","Valentia Observatory","Millimetres","181.1"
"Precipitation Amount","1965 January","Belmullet","Millimetres","166.6"
"Precipitation Amount","1965 January","Shannon Airport","Millimetres","127.7"
"Precipitation Amount","1965 January","Dublin Airport","Millimetres","97.3"
"Precipitation Amount","1965 January","Mullingar","Millimetres","153.7"
"Precipitation Amount","1965 January","Cork Airport","Millimetres","141.6"
"Precipitation Amount","1965 January","Casement","Millimetres","96.5"
"Precipitation Amount","1965 January","Phoenix Park","Millimetres",""
"Precipitation Amount","1965 January","Roches Point","Millimetres",""
"Precipitation Amount","1965 January","Markree","Millimetres",""
"Precipitation Amount","1965 February","Malin Head","Millimetres","15.9"
"Precipitation Amount","1965 February","Claremorris","Millimetres","12.5"
"Precipitation Amount","1965 February","Valentia Observatory","Millimetres","2.3"
"Precipitation Amount","1965 February","Belmullet","Millimetres","17.9"
"Precipitation Amount","1965 February","Shannon Airport","Millimetres","4.7"
"Precipitation Amount","1965 February","Dublin Airport","Millimetres","4.7"
"Precipitation Amount","1965 February","Mullingar","Millimetres","10.1"
"Precipitation Amount","1965 February","Cork Airport","Millimetres","5.9"
"Precipitation Amount","1965 February","Casement","Millimetres","7.6"
"Precipitation Amount","1965 February","Phoenix Park","Millimetres",""
"Precipitation Amount","1965 February","Roches Point","Millimetres",""
"Precipitation Amount","1965 February","Markree","Millimetres",""
"Precipitation Amount","1965 March","Malin Head","Millimetres","87.5"
"Precipitation Amount","1965 March","Claremorris","Millimetres","87.5"
"Precipitation Amount","1965 March","Valentia Observatory","Millimetres","106.2"
"Precipitation Amount","1965 March","Belmullet","Millimetres","84.7"
"Precipitation Amount","1965 March","Shannon Airport","Millimetres","65.8"
"Precipitation Amount","1965 March","Dublin Airport","Millimetres","54.6"
"Precipitation Amount","1965 March","Mullingar","Millimetres","87.2"
"Precipitation Amount","1965 March","Cork Airport","Millimetres","132.6"
"Precipitation Amount","1965 March","Casement","Millimetres","56.2"
"Precipitation Amount","1965 March","Phoenix Park","Millimetres",""
"Precipitation Amount","1965 March","Roches Point","Millimetres",""
"Precipitation Amount","1965 March","Markree","Millimetres",""
"Precipitation Amount","1965 April","Malin Head","Millimetres","73.6"
"Precipitation Amount","1965 April","Claremorris","Millimetres","81.2"
"Precipitation Amount","1965 April","Valentia Observatory","Millimetres","89.8"
"Precipitation Amount","1965 April","Belmullet","Millimetres","84.7"
"Precipitation Amount","1965 April","Shannon Airport","Millimetres","95.8"
"Precipitation Amount","1965 April","Dublin Airport","Millimetres","45.4"
"Precipitation Amount","1965 April","Mullingar","Millimetres","77.8"
"Precipitation Amount","1965 April","Cork Airport","Millimetres","98.4"
"Precipitation Amount","1965 April","Casement","Millimetres","49.2"
"Precipitation Amount","1965 April","Phoenix Park","Millimetres",""
"Precipitation Amount","1965 April","Roches Point","Millimetres",""
"Precipitation Amount","1965 April","Markree","Millimetres",""
"Precipitation Amount","1965 May","Malin Head","Millimetres","46.7"
"Precipitation Amount","1965 May","Claremorris","Millimetres","77.1"
"Precipitation Amount","1965 May","Valentia Observatory","Millimetres","84.3"
"Precipitation Amount","1965 May","Belmullet","Millimetres","63"
"Precipitation Amount","1965 May","Shannon Airport","Millimetres","94.3"
"Precipitation Amount","1965 May","Dublin Airport","Millimetres","51.9"
"Precipitation Amount","1965 May","Mullingar","Millimetres","98.8"
"Precipitation Amount","1965 May","Cork Airport","Millimetres","100.5"
"Precipitation Amount","1965 May","Casement","Millimetres","50"
"Precipitation Amount","1965 May","Phoenix Park","Millimetres",""
"Precipitation Amount","1965 May","Roches Point","Millimetres",""
"Precipitation Amount","1965 May","Markree","Millimetres",""
"Precipitation Amount","1965 June","Malin Head","Millimetres","105.3"
"Precipitation Amount","1965 June","Claremorris","Millimetres","114.6"
"Precipitation Amount","1965 June","Valentia Observatory","Millimetres","134"
"Precipitation Amount","1965 June","Belmullet","Millimetres","106.8"
"Precipitation Amount","1965 June","Shannon Airport","Millimetres","99.2"
"Precipitation Amount","1965 June","Dublin Airport","Millimetres","72.9"
"Precipitation Amount","1965 June","Mullingar","Millimetres","85.6"
"Precipitation Amount","1965 June","Cork Airport","Millimetres","128.8"
"Precipitation Amount","1965 June","Casement","Millimetres","72.3"
"Precipitation Amount","1965 June","Phoenix Park","Millimetres",""
"Precipitation Amount","1965 June","Roches Point","Millimetres",""
"Precipitation Amount","1965 June","Markree","Millimetres",""
"Precipitation Amount","1965 July","Malin Head","Millimetres","64"
"Precipitation Amount","1965 July","Claremorris","Millimetres","62.5"
"Precipitation Amount","1965 July","Valentia Observatory","Millimetres","64"
"Precipitation Amount","1965 July","Belmullet","Millimetres","35.3"
"Precipitation Amount","1965 July","Shannon Airport","Millimetres","69.3"
"Precipitation Amount","1965 July","Dublin Airport","Millimetres","79.2"
"Precipitation Amount","1965 July","Mullingar","Millimetres","96.7"
"Precipitation Amount","1965 July","Cork Airport","Millimetres","98.3"
"Precipitation Amount","1965 July","Casement","Millimetres","78.4"
"Precipitation Amount","1965 July","Phoenix Park","Millimetres",""
"Precipitation Amount","1965 July","Roches Point","Millimetres",""
"Precipitation Amount","1965 July","Markree","Millimetres",""
"Precipitation Amount","1965 August","Malin Head","Millimetres","110"
"Precipitation Amount","1965 August","Claremorris","Millimetres","90.3"
"Precipitation Amount","1965 August","Valentia Observatory","Millimetres","98.8"
"Precipitation Amount","1965 August","Belmullet","Millimetres","108.3"
"Precipitation Amount","1965 August","Shannon Airport","Millimetres","87.2"
"Precipitation Amount","1965 August","Dublin Airport","Millimetres","55.4"
"Precipitation Amount","1965 August","Mullingar","Millimetres","81.6"
"Precipitation Amount","1965 August","Cork Airport","Millimetres","79"
"Precipitation Amount","1965 August","Casement","Millimetres","64.6"
"Precipitation Amount","1965 August","Phoenix Park","Millimetres",""
"Precipitation Amount","1965 August","Roches Point","Millimetres",""
"Precipitation Amount","1965 August","Markree","Millimetres",""
"Precipitation Amount","1965 September","Malin Head","Millimetres","98.8"
"Precipitation Amount","1965 September","Claremorris","Millimetres","112"
"Precipitation Amount","1965 September","Valentia Observatory","Millimetres","156.9"
"Precipitation Amount","1965 September","Belmullet","Millimetres","91.8"
"Precipitation Amount","1965 September","Shannon Airport","Millimetres","49.9"
"Precipitation Amount","1965 September","Dublin Airport","Millimetres","67.7"
"Precipitation Amount","1965 September","Mullingar","Millimetres","63.7"
"Precipitation Amount","1965 September","Cork Airport","Millimetres","94.1"
"Precipitation Amount","1965 September","Casement","Millimetres","55.1"
"Precipitation Amount","1965 September","Phoenix Park","Millimetres",""
"Precipitation Amount","1965 September","Roches Point","Millimetres",""
"Precipitation Amount","1965 September","Markree","Millimetres",""
"Precipitation Amount","1965 October","Malin Head","Millimetres","112.6"
"Precipitation Amount","1965 October","Claremorris","Millimetres","72.7"
"Precipitation Amount","1965 October","Valentia Observatory","Millimetres","63.6"
"Precipitation Amount","1965 October","Belmullet","Millimetres","94.4"
"Precipitation Amount","1965 October","Shannon Airport","Millimetres","26.9"
"Precipitation Amount","1965 October","Dublin Airport","Millimetres","41.4"
"Precipitation Amount","1965 October","Mullingar","Millimetres","66.2"
"Precipitation Amount","1965 October","Cork Airport","Millimetres","35.4"
"Precipitation Amount","1965 October","Casement","Millimetres","38"
"Precipitation Amount","1965 October","Phoenix Park","Millimetres",""
"Precipitation Amount","1965 October","Roches Point","Millimetres",""
"Precipitation Amount","1965 October","Markree","Millimetres",""
"Precipitation Amount","1965 November","Malin Head","Millimetres","97.9"
"Precipitation Amount","1965 November","Claremorris","Millimetres","127.1"
"Precipitation Amount","1965 November","Valentia Observatory","Millimetres","155.3"
"Precipitation Amount","1965 November","Belmullet","Millimetres","126.7"
"Precipitation Amount","1965 November","Shannon Airport","Millimetres","87.9"
"Precipitation Amount","1965 November","Dublin Airport","Millimetres","182.3"
"Precipitation Amount","1965 November","Mullingar","Millimetres","205.1"
"Precipitation Amount","1965 November","Cork Airport","Millimetres","206.9"
"Precipitation Amount","1965 November","Casement","Millimetres","170.4"
"Precipitation Amount","1965 November","Phoenix Park","Millimetres",""
"Precipitation Amount","1965 November","Roches Point","Millimetres",""
"Precipitation Amount","1965 November","Markree","Millimetres",""
"Precipitation Amount","1965 December","Malin Head","Millimetres","113.8"
"Precipitation Amount","1965 December","Claremorris","Millimetres","130"
"Precipitation Amount","1965 December","Valentia Observatory","Millimetres","222.8"
"Precipitation Amount","1965 December","Belmullet","Millimetres","136"
"Precipitation Amount","1965 December","Shannon Airport","Millimetres","159.4"
"Precipitation Amount","1965 December","Dublin Airport","Millimetres","97.1"
"Precipitation Amount","1965 December","Mullingar","Millimetres","140.5"
"Precipitation Amount","1965 December","Cork Airport","Millimetres","196.2"
"Precipitation Amount","1965 December","Casement","Millimetres","78.3"
"Precipitation Amount","1965 December","Phoenix Park","Millimetres",""
"Precipitation Amount","1965 December","Roches Point","Millimetres",""
"Precipitation Amount","1965 December","Markree","Millimetres",""
"Precipitation Amount","1966 January","Malin Head","Millimetres","54.1"
"Precipitation Amount","1966 January","Claremorris","Millimetres","101.2"
"Precipitation Amount","1966 January","Valentia Observatory","Millimetres","175.5"
"Precipitation Amount","1966 January","Belmullet","Millimetres","77.6"
"Precipitation Amount","1966 January","Shannon Airport","Millimetres","73.1"
"Precipitation Amount","1966 January","Dublin Airport","Millimetres","94.6"
"Precipitation Amount","1966 January","Mullingar","Millimetres","74.7"
"Precipitation Amount","1966 January","Cork Airport","Millimetres","209.8"
"Precipitation Amount","1966 January","Casement","Millimetres","58.8"
"Precipitation Amount","1966 January","Phoenix Park","Millimetres",""
"Precipitation Amount","1966 January","Roches Point","Millimetres",""
"Precipitation Amount","1966 January","Markree","Millimetres",""
"Precipitation Amount","1966 February","Malin Head","Millimetres","104.5"
"Precipitation Amount","1966 February","Claremorris","Millimetres","132.3"
"Precipitation Amount","1966 February","Valentia Observatory","Millimetres","240.9"
"Precipitation Amount","1966 February","Belmullet","Millimetres","114.5"
"Precipitation Amount","1966 February","Shannon Airport","Millimetres","93.7"
"Precipitation Amount","1966 February","Dublin Airport","Millimetres","114.5"
"Precipitation Amount","1966 February","Mullingar","Millimetres","114.4"
"Precipitation Amount","1966 February","Cork Airport","Millimetres","299.9"
"Precipitation Amount","1966 February","Casement","Millimetres","96.7"
"Precipitation Amount","1966 February","Phoenix Park","Millimetres",""
"Precipitation Amount","1966 February","Roches Point","Millimetres",""
"Precipitation Amount","1966 February","Markree","Millimetres",""
"Precipitation Amount","1966 March","Malin Head","Millimetres","100.2"
"Precipitation Amount","1966 March","Claremorris","Millimetres","77.8"
"Precipitation Amount","1966 March","Valentia Observatory","Millimetres","65.6"
"Precipitation Amount","1966 March","Belmullet","Millimetres","84.8"
"Precipitation Amount","1966 March","Shannon Airport","Millimetres","47.8"
"Precipitation Amount","1966 March","Dublin Airport","Millimetres","40.2"
"Precipitation Amount","1966 March","Mullingar","Millimetres","53.4"
"Precipitation Amount","1966 March","Cork Airport","Millimetres","37.6"
"Precipitation Amount","1966 March","Casement","Millimetres","31.5"
"Precipitation Amount","1966 March","Phoenix Park","Millimetres",""
"Precipitation Amount","1966 March","Roches Point","Millimetres",""
"Precipitation Amount","1966 March","Markree","Millimetres",""
"Precipitation Amount","1966 April","Malin Head","Millimetres","56.6"
"Precipitation Amount","1966 April","Claremorris","Millimetres","118.8"
"Precipitation Amount","1966 April","Valentia Observatory","Millimetres","149.5"
"Precipitation Amount","1966 April","Belmullet","Millimetres","96.6"
"Precipitation Amount","1966 April","Shannon Airport","Millimetres","116.5"
"Precipitation Amount","1966 April","Dublin Airport","Millimetres","151.8"
"Precipitation Amount","1966 April","Mullingar","Millimetres","117"
"Precipitation Amount","1966 April","Cork Airport","Millimetres","235.6"
"Precipitation Amount","1966 April","Casement","Millimetres","125.4"
"Precipitation Amount","1966 April","Phoenix Park","Millimetres",""
"Precipitation Amount","1966 April","Roches Point","Millimetres",""
"Precipitation Amount","1966 April","Markree","Millimetres",""
"Precipitation Amount","1966 May","Malin Head","Millimetres","65.7"
"Precipitation Amount","1966 May","Claremorris","Millimetres","97.4"
"Precipitation Amount","1966 May","Valentia Observatory","Millimetres","127"
"Precipitation Amount","1966 May","Belmullet","Millimetres","95"
"Precipitation Amount","1966 May","Shannon Airport","Millimetres","89.9"
"Precipitation Amount","1966 May","Dublin Airport","Millimetres","52.3"
"Precipitation Amount","1966 May","Mullingar","Millimetres","88.2"
"Precipitation Amount","1966 May","Cork Airport","Millimetres","80.9"
"Precipitation Amount","1966 May","Casement","Millimetres","58.3"
"Precipitation Amount","1966 May","Phoenix Park","Millimetres",""
"Precipitation Amount","1966 May","Roches Point","Millimetres",""
"Precipitation Amount","1966 May","Markree","Millimetres",""
"Precipitation Amount","1966 June","Malin Head","Millimetres","88.9"
"Precipitation Amount","1966 June","Claremorris","Millimetres","99"
"Precipitation Amount","1966 June","Valentia Observatory","Millimetres","91.5"
"Precipitation Amount","1966 June","Belmullet","Millimetres","90.8"
"Precipitation Amount","1966 June","Shannon Airport","Millimetres","133.3"
"Precipitation Amount","1966 June","Dublin Airport","Millimetres","119.5"
"Precipitation Amount","1966 June","Mullingar","Millimetres","102.6"
"Precipitation Amount","1966 June","Cork Airport","Millimetres","102.2"
"Precipitation Amount","1966 June","Casement","Millimetres","98.6"
"Precipitation Amount","1966 June","Phoenix Park","Millimetres",""
"Precipitation Amount","1966 June","Roches Point","Millimetres",""
"Precipitation Amount","1966 June","Markree","Millimetres",""
"Precipitation Amount","1966 July","Malin Head","Millimetres","72"
"Precipitation Amount","1966 July","Claremorris","Millimetres","84.7"
"Precipitation Amount","1966 July","Valentia Observatory","Millimetres","47.4"
"Precipitation Amount","1966 July","Belmullet","Millimetres","73.7"
"Precipitation Amount","1966 July","Shannon Airport","Millimetres","39.7"
"Precipitation Amount","1966 July","Dublin Airport","Millimetres","37.1"
"Precipitation Amount","1966 July","Mullingar","Millimetres","54.4"
"Precipitation Amount","1966 July","Cork Airport","Millimetres","21.3"
"Precipitation Amount","1966 July","Casement","Millimetres","43.7"
"Precipitation Amount","1966 July","Phoenix Park","Millimetres",""
"Precipitation Amount","1966 July","Roches Point","Millimetres",""
"Precipitation Amount","1966 July","Markree","Millimetres",""
"Precipitation Amount","1966 August","Malin Head","Millimetres","55.1"
"Precipitation Amount","1966 August","Claremorris","Millimetres","101.1"
"Precipitation Amount","1966 August","Valentia Observatory","Millimetres","83.4"
"Precipitation Amount","1966 August","Belmullet","Millimetres","70.7"
"Precipitation Amount","1966 August","Shannon Airport","Millimetres","96.1"
"Precipitation Amount","1966 August","Dublin Airport","Millimetres","56.5"
"Precipitation Amount","1966 August","Mullingar","Millimetres","58.4"
"Precipitation Amount","1966 August","Cork Airport","Millimetres","90"
"Precipitation Amount","1966 August","Casement","Millimetres","47"
"Precipitation Amount","1966 August","Phoenix Park","Millimetres",""
"Precipitation Amount","1966 August","Roches Point","Millimetres",""
"Precipitation Amount","1966 August","Markree","Millimetres",""
"Precipitation Amount","1966 September","Malin Head","Millimetres","86.3"
"Precipitation Amount","1966 September","Claremorris","Millimetres","73"
"Precipitation Amount","1966 September","Valentia Observatory","Millimetres","70.2"
"Precipitation Amount","1966 September","Belmullet","Millimetres","102.8"
"Precipitation Amount","1966 September","Shannon Airport","Millimetres","59.2"
"Precipitation Amount","1966 September","Dublin Airport","Millimetres","61.3"
"Precipitation Amount","1966 September","Mullingar","Millimetres","79.7"
"Precipitation Amount","1966 September","Cork Airport","Millimetres","82.6"
"Precipitation Amount","1966 September","Casement","Millimetres","69"
"Precipitation Amount","1966 September","Phoenix Park","Millimetres",""
"Precipitation Amount","1966 September","Roches Point","Millimetres",""
"Precipitation Amount","1966 September","Markree","Millimetres",""
"Precipitation Amount","1966 October","Malin Head","Millimetres","77.9"
"Precipitation Amount","1966 October","Claremorris","Millimetres","82.8"
"Precipitation Amount","1966 October","Valentia Observatory","Millimetres","185.9"
"Precipitation Amount","1966 October","Belmullet","Millimetres","76.7"
"Precipitation Amount","1966 October","Shannon Airport","Millimetres","78.1"
"Precipitation Amount","1966 October","Dublin Airport","Millimetres","132.9"
"Precipitation Amount","1966 October","Mullingar","Millimetres","125.4"
"Precipitation Amount","1966 October","Cork Airport","Millimetres","232.2"
"Precipitation Amount","1966 October","Casement","Millimetres","143"
"Precipitation Amount","1966 October","Phoenix Park","Millimetres",""
"Precipitation Amount","1966 October","Roches Point","Millimetres",""
"Precipitation Amount","1966 October","Markree","Millimetres",""
"Precipitation Amount","1966 November","Malin Head","Millimetres","94.8"
"Precipitation Amount","1966 November","Claremorris","Millimetres","56.6"
"Precipitation Amount","1966 November","Valentia Observatory","Millimetres","69.4"
"Precipitation Amount","1966 November","Belmullet","Millimetres","129.3"
"Precipitation Amount","1966 November","Shannon Airport","Millimetres","50.2"
"Precipitation Amount","1966 November","Dublin Airport","Millimetres","43.3"
"Precipitation Amount","1966 November","Mullingar","Millimetres","48.8"
"Precipitation Amount","1966 November","Cork Airport","Millimetres","37.6"
"Precipitation Amount","1966 November","Casement","Millimetres","33.9"
"Precipitation Amount","1966 November","Phoenix Park","Millimetres",""
"Precipitation Amount","1966 November","Roches Point","Millimetres",""
"Precipitation Amount","1966 November","Markree","Millimetres",""
"Precipitation Amount","1966 December","Malin Head","Millimetres","173.4"
"Precipitation Amount","1966 December","Claremorris","Millimetres","142.1"
"Precipitation Amount","1966 December","Valentia Observatory","Millimetres","101"
"Precipitation Amount","1966 December","Belmullet","Millimetres","199.2"
"Precipitation Amount","1966 December","Shannon Airport","Millimetres","100"
"Precipitation Amount","1966 December","Dublin Airport","Millimetres","115.1"
"Precipitation Amount","1966 December","Mullingar","Millimetres","134.4"
"Precipitation Amount","1966 December","Cork Airport","Millimetres","84.4"
"Precipitation Amount","1966 December","Casement","Millimetres","105.8"
"Precipitation Amount","1966 December","Phoenix Park","Millimetres",""
"Precipitation Amount","1966 December","Roches Point","Millimetres",""
"Precipitation Amount","1966 December","Markree","Millimetres",""
"Precipitation Amount","1967 January","Malin Head","Millimetres","79.3"
"Precipitation Amount","1967 January","Claremorris","Millimetres","55.9"
"Precipitation Amount","1967 January","Valentia Observatory","Millimetres","125.8"
"Precipitation Amount","1967 January","Belmullet","Millimetres","95.3"
"Precipitation Amount","1967 January","Shannon Airport","Millimetres","57.4"
"Precipitation Amount","1967 January","Dublin Airport","Millimetres","48.5"
"Precipitation Amount","1967 January","Mullingar","Millimetres","61"
"Precipitation Amount","1967 January","Cork Airport","Millimetres","121.4"
"Precipitation Amount","1967 January","Casement","Millimetres","30.5"
"Precipitation Amount","1967 January","Phoenix Park","Millimetres",""
"Precipitation Amount","1967 January","Roches Point","Millimetres",""
"Precipitation Amount","1967 January","Markree","Millimetres",""
"Precipitation Amount","1967 February","Malin Head","Millimetres","82.2"
"Precipitation Amount","1967 February","Claremorris","Millimetres","100.1"
"Precipitation Amount","1967 February","Valentia Observatory","Millimetres","146.9"
"Precipitation Amount","1967 February","Belmullet","Millimetres","107"
"Precipitation Amount","1967 February","Shannon Airport","Millimetres","119.1"
"Precipitation Amount","1967 February","Dublin Airport","Millimetres","83.8"
"Precipitation Amount","1967 February","Mullingar","Millimetres","94.4"
"Precipitation Amount","1967 February","Cork Airport","Millimetres","136.2"
"Precipitation Amount","1967 February","Casement","Millimetres","109.4"
"Precipitation Amount","1967 February","Phoenix Park","Millimetres",""
"Precipitation Amount","1967 February","Roches Point","Millimetres",""
"Precipitation Amount","1967 February","Markree","Millimetres",""
"Precipitation Amount","1967 March","Malin Head","Millimetres","104.2"
"Precipitation Amount","1967 March","Claremorris","Millimetres","88.2"
"Precipitation Amount","1967 March","Valentia Observatory","Millimetres","67.7"
"Precipitation Amount","1967 March","Belmullet","Millimetres","85.2"
"Precipitation Amount","1967 March","Shannon Airport","Millimetres","60.7"
"Precipitation Amount","1967 March","Dublin Airport","Millimetres","26.4"
"Precipitation Amount","1967 March","Mullingar","Millimetres","49.2"
"Precipitation Amount","1967 March","Cork Airport","Millimetres","34.1"
"Precipitation Amount","1967 March","Casement","Millimetres","35.8"
"Precipitation Amount","1967 March","Phoenix Park","Millimetres",""
"Precipitation Amount","1967 March","Roches Point","Millimetres",""
"Precipitation Amount","1967 March","Markree","Millimetres",""
"Precipitation Amount","1967 April","Malin Head","Millimetres","43.6"
"Precipitation Amount","1967 April","Claremorris","Millimetres","52.3"
"Precipitation Amount","1967 April","Valentia Observatory","Millimetres","38"
"Precipitation Amount","1967 April","Belmullet","Millimetres","53.2"
"Precipitation Amount","1967 April","Shannon Airport","Millimetres","29.6"
"Precipitation Amount","1967 April","Dublin Airport","Millimetres","33.9"
"Precipitation Amount","1967 April","Mullingar","Millimetres","39"
"Precipitation Amount","1967 April","Cork Airport","Millimetres","18.1"
"Precipitation Amount","1967 April","Casement","Millimetres","28.6"
"Precipitation Amount","1967 April","Phoenix Park","Millimetres",""
"Precipitation Amount","1967 April","Roches Point","Millimetres",""
"Precipitation Amount","1967 April","Markree","Millimetres",""
"Precipitation Amount","1967 May","Malin Head","Millimetres","66.7"
"Precipitation Amount","1967 May","Claremorris","Millimetres","132.5"
"Precipitation Amount","1967 May","Valentia Observatory","Millimetres","136"
"Precipitation Amount","1967 May","Belmullet","Millimetres","86.4"
"Precipitation Amount","1967 May","Shannon Airport","Millimetres","86"
"Precipitation Amount","1967 May","Dublin Airport","Millimetres","129.4"
"Precipitation Amount","1967 May","Mullingar","Millimetres","147.1"
"Precipitation Amount","1967 May","Cork Airport","Millimetres","134.7"
"Precipitation Amount","1967 May","Casement","Millimetres","148.6"
"Precipitation Amount","1967 May","Phoenix Park","Millimetres",""
"Precipitation Amount","1967 May","Roches Point","Millimetres",""
"Precipitation Amount","1967 May","Markree","Millimetres",""
"Precipitation Amount","1967 June","Malin Head","Millimetres","50.7"
"Precipitation Amount","1967 June","Claremorris","Millimetres","35.4"
"Precipitation Amount","1967 June","Valentia Observatory","Millimetres","28.6"
"Precipitation Amount","1967 June","Belmullet","Millimetres","49.1"
"Precipitation Amount","1967 June","Shannon Airport","Millimetres","35.4"
"Precipitation Amount","1967 June","Dublin Airport","Millimetres","11.4"
"Precipitation Amount","1967 June","Mullingar","Millimetres","28.6"
"Precipitation Amount","1967 June","Cork Airport","Millimetres","35.9"
"Precipitation Amount","1967 June","Casement","Millimetres","13.2"
"Precipitation Amount","1967 June","Phoenix Park","Millimetres",""
"Precipitation Amount","1967 June","Roches Point","Millimetres",""
"Precipitation Amount","1967 June","Markree","Millimetres",""
"Precipitation Amount","1967 July","Malin Head","Millimetres","69"
"Precipitation Amount","1967 July","Claremorris","Millimetres","78.8"
"Precipitation Amount","1967 July","Valentia Observatory","Millimetres","85.9"
"Precipitation Amount","1967 July","Belmullet","Millimetres","80.1"
"Precipitation Amount","1967 July","Shannon Airport","Millimetres","44.6"
"Precipitation Amount","1967 July","Dublin Airport","Millimetres","83.7"
"Precipitation Amount","1967 July","Mullingar","Millimetres","113.2"
"Precipitation Amount","1967 July","Cork Airport","Millimetres","99.3"
"Precipitation Amount","1967 July","Casement","Millimetres","30.1"
"Precipitation Amount","1967 July","Phoenix Park","Millimetres",""
"Precipitation Amount","1967 July","Roches Point","Millimetres",""
"Precipitation Amount","1967 July","Markree","Millimetres",""
"Precipitation Amount","1967 August","Malin Head","Millimetres","110.9"
"Precipitation Amount","1967 August","Claremorris","Millimetres","94.4"
"Precipitation Amount","1967 August","Valentia Observatory","Millimetres","145.2"
"Precipitation Amount","1967 August","Belmullet","Millimetres","114.3"
"Precipitation Amount","1967 August","Shannon Airport","Millimetres","68.9"
"Precipitation Amount","1967 August","Dublin Airport","Millimetres","64.3"
"Precipitation Amount","1967 August","Mullingar","Millimetres","84.7"
"Precipitation Amount","1967 August","Cork Airport","Millimetres","101.9"
"Precipitation Amount","1967 August","Casement","Millimetres","64.4"
"Precipitation Amount","1967 August","Phoenix Park","Millimetres",""
"Precipitation Amount","1967 August","Roches Point","Millimetres",""
"Precipitation Amount","1967 August","Markree","Millimetres",""
"Precipitation Amount","1967 September","Malin Head","Millimetres","143"
"Precipitation Amount","1967 September","Claremorris","Millimetres","135.4"
"Precipitation Amount","1967 September","Valentia Observatory","Millimetres","135.6"
"Precipitation Amount","1967 September","Belmullet","Millimetres","107.7"
"Precipitation Amount","1967 September","Shannon Airport","Millimetres","94.4"
"Precipitation Amount","1967 September","Dublin Airport","Millimetres","115.5"
"Precipitation Amount","1967 September","Mullingar","Millimetres","112.9"
"Precipitation Amount","1967 September","Cork Airport","Millimetres","148"
"Precipitation Amount","1967 September","Casement","Millimetres","96.7"
"Precipitation Amount","1967 September","Phoenix Park","Millimetres",""
"Precipitation Amount","1967 September","Roches Point","Millimetres",""
"Precipitation Amount","1967 September","Markree","Millimetres",""
"Precipitation Amount","1967 October","Malin Head","Millimetres","223.6"
"Precipitation Amount","1967 October","Claremorris","Millimetres","199.5"
"Precipitation Amount","1967 October","Valentia Observatory","Millimetres","196.5"
"Precipitation Amount","1967 October","Belmullet","Millimetres","188.7"
"Precipitation Amount","1967 October","Shannon Airport","Millimetres","167.9"
"Precipitation Amount","1967 October","Dublin Airport","Millimetres","94.4"
"Precipitation Amount","1967 October","Mullingar","Millimetres","157.1"
"Precipitation Amount","1967 October","Cork Airport","Millimetres","151.1"
"Precipitation Amount","1967 October","Casement","Millimetres","125.9"
"Precipitation Amount","1967 October","Phoenix Park","Millimetres",""
"Precipitation Amount","1967 October","Roches Point","Millimetres",""
"Precipitation Amount","1967 October","Markree","Millimetres",""
"Precipitation Amount","1967 November","Malin Head","Millimetres","143.2"
"Precipitation Amount","1967 November","Claremorris","Millimetres","75.3"
"Precipitation Amount","1967 November","Valentia Observatory","Millimetres","137.9"
"Precipitation Amount","1967 November","Belmullet","Millimetres","93.9"
"Precipitation Amount","1967 November","Shannon Airport","Millimetres","71.5"
"Precipitation Amount","1967 November","Dublin Airport","Millimetres","45.7"
"Precipitation Amount","1967 November","Mullingar","Millimetres","67.7"
"Precipitation Amount","1967 November","Cork Airport","Millimetres","64.2"
"Precipitation Amount","1967 November","Casement","Millimetres","46.4"
"Precipitation Amount","1967 November","Phoenix Park","Millimetres",""
"Precipitation Amount","1967 November","Roches Point","Millimetres",""
"Precipitation Amount","1967 November","Markree","Millimetres",""
"Precipitation Amount","1967 December","Malin Head","Millimetres","124.8"
"Precipitation Amount","1967 December","Claremorris","Millimetres","88.2"
"Precipitation Amount","1967 December","Valentia Observatory","Millimetres","99.9"
"Precipitation Amount","1967 December","Belmullet","Millimetres","82.8"
"Precipitation Amount","1967 December","Shannon Airport","Millimetres","42.6"
"Precipitation Amount","1967 December","Dublin Airport","Millimetres","45.5"
"Precipitation Amount","1967 December","Mullingar","Millimetres","68.4"
"Precipitation Amount","1967 December","Cork Airport","Millimetres","65"
"Precipitation Amount","1967 December","Casement","Millimetres","36.3"
"Precipitation Amount","1967 December","Phoenix Park","Millimetres",""
"Precipitation Amount","1967 December","Roches Point","Millimetres",""
"Precipitation Amount","1967 December","Markree","Millimetres",""
"Precipitation Amount","1968 January","Malin Head","Millimetres","160.5"
"Precipitation Amount","1968 January","Claremorris","Millimetres","133.4"
"Precipitation Amount","1968 January","Valentia Observatory","Millimetres","137.3"
"Precipitation Amount","1968 January","Belmullet","Millimetres","127.3"
"Precipitation Amount","1968 January","Shannon Airport","Millimetres","113.6"
"Precipitation Amount","1968 January","Dublin Airport","Millimetres","96.1"
"Precipitation Amount","1968 January","Mullingar","Millimetres","135.6"
"Precipitation Amount","1968 January","Cork Airport","Millimetres","96.5"
"Precipitation Amount","1968 January","Casement","Millimetres","68"
"Precipitation Amount","1968 January","Phoenix Park","Millimetres",""
"Precipitation Amount","1968 January","Roches Point","Millimetres",""
"Precipitation Amount","1968 January","Markree","Millimetres",""
"Precipitation Amount","1968 February","Malin Head","Millimetres","62.4"
"Precipitation Amount","1968 February","Claremorris","Millimetres","36.1"
"Precipitation Amount","1968 February","Valentia Observatory","Millimetres","78.3"
"Precipitation Amount","1968 February","Belmullet","Millimetres","62.4"
"Precipitation Amount","1968 February","Shannon Airport","Millimetres","24.5"
"Precipitation Amount","1968 February","Dublin Airport","Millimetres","15.9"
"Precipitation Amount","1968 February","Mullingar","Millimetres","17.4"
"Precipitation Amount","1968 February","Cork Airport","Millimetres","64.3"
"Precipitation Amount","1968 February","Casement","Millimetres","28.6"
"Precipitation Amount","1968 February","Phoenix Park","Millimetres",""
"Precipitation Amount","1968 February","Roches Point","Millimetres",""
"Precipitation Amount","1968 February","Markree","Millimetres",""
"Precipitation Amount","1968 March","Malin Head","Millimetres","104.9"
"Precipitation Amount","1968 March","Claremorris","Millimetres","81.9"
"Precipitation Amount","1968 March","Valentia Observatory","Millimetres","80.1"
"Precipitation Amount","1968 March","Belmullet","Millimetres","106"
"Precipitation Amount","1968 March","Shannon Airport","Millimetres","73.7"
"Precipitation Amount","1968 March","Dublin Airport","Millimetres","41.5"
"Precipitation Amount","1968 March","Mullingar","Millimetres","71.6"
"Precipitation Amount","1968 March","Cork Airport","Millimetres","70.8"
"Precipitation Amount","1968 March","Casement","Millimetres","61.4"
"Precipitation Amount","1968 March","Phoenix Park","Millimetres",""
"Precipitation Amount","1968 March","Roches Point","Millimetres",""
"Precipitation Amount","1968 March","Markree","Millimetres",""
"Precipitation Amount","1968 April","Malin Head","Millimetres","57.7"
"Precipitation Amount","1968 April","Claremorris","Millimetres","51.7"
"Precipitation Amount","1968 April","Valentia Observatory","Millimetres","131.1"
"Precipitation Amount","1968 April","Belmullet","Millimetres","51"
"Precipitation Amount","1968 April","Shannon Airport","Millimetres","39.2"
"Precipitation Amount","1968 April","Dublin Airport","Millimetres","58.6"
"Precipitation Amount","1968 April","Mullingar","Millimetres","69.5"
"Precipitation Amount","1968 April","Cork Airport","Millimetres","92.6"
"Precipitation Amount","1968 April","Casement","Millimetres","44.6"
"Precipitation Amount","1968 April","Phoenix Park","Millimetres",""
"Precipitation Amount","1968 April","Roches Point","Millimetres",""
"Precipitation Amount","1968 April","Markree","Millimetres",""
"Precipitation Amount","1968 May","Malin Head","Millimetres","73.1"
"Precipitation Amount","1968 May","Claremorris","Millimetres","84.6"
"Precipitation Amount","1968 May","Valentia Observatory","Millimetres","65.9"
"Precipitation Amount","1968 May","Belmullet","Millimetres","54.5"
"Precipitation Amount","1968 May","Shannon Airport","Millimetres","43"
"Precipitation Amount","1968 May","Dublin Airport","Millimetres","51.8"
"Precipitation Amount","1968 May","Mullingar","Millimetres","57"
"Precipitation Amount","1968 May","Cork Airport","Millimetres","79.7"
"Precipitation Amount","1968 May","Casement","Millimetres","43.2"
"Precipitation Amount","1968 May","Phoenix Park","Millimetres",""
"Precipitation Amount","1968 May","Roches Point","Millimetres",""
"Precipitation Amount","1968 May","Markree","Millimetres",""
"Precipitation Amount","1968 June","Malin Head","Millimetres","59.9"
"Precipitation Amount","1968 June","Claremorris","Millimetres","105.1"
"Precipitation Amount","1968 June","Valentia Observatory","Millimetres","78.8"
"Precipitation Amount","1968 June","Belmullet","Millimetres","61.2"
"Precipitation Amount","1968 June","Shannon Airport","Millimetres","49.6"
"Precipitation Amount","1968 June","Dublin Airport","Millimetres","51.4"
"Precipitation Amount","1968 June","Mullingar","Millimetres","73.4"
"Precipitation Amount","1968 June","Cork Airport","Millimetres","59.8"
"Precipitation Amount","1968 June","Casement","Millimetres","35.5"
"Precipitation Amount","1968 June","Phoenix Park","Millimetres",""
"Precipitation Amount","1968 June","Roches Point","Millimetres",""
"Precipitation Amount","1968 June","Markree","Millimetres",""
"Precipitation Amount","1968 July","Malin Head","Millimetres","25"
"Precipitation Amount","1968 July","Claremorris","Millimetres","22.8"
"Precipitation Amount","1968 July","Valentia Observatory","Millimetres","32.1"
"Precipitation Amount","1968 July","Belmullet","Millimetres","38.7"
"Precipitation Amount","1968 July","Shannon Airport","Millimetres","32.7"
"Precipitation Amount","1968 July","Dublin Airport","Millimetres","15.9"
"Precipitation Amount","1968 July","Mullingar","Millimetres","22.2"
"Precipitation Amount","1968 July","Cork Airport","Millimetres","55.9"
"Precipitation Amount","1968 July","Casement","Millimetres","13.3"
"Precipitation Amount","1968 July","Phoenix Park","Millimetres",""
"Precipitation Amount","1968 July","Roches Point","Millimetres",""
"Precipitation Amount","1968 July","Markree","Millimetres",""
"Precipitation Amount","1968 August","Malin Head","Millimetres","47.2"
"Precipitation Amount","1968 August","Claremorris","Millimetres","109.3"
"Precipitation Amount","1968 August","Valentia Observatory","Millimetres","106.1"
"Precipitation Amount","1968 August","Belmullet","Millimetres","68.3"
"Precipitation Amount","1968 August","Shannon Airport","Millimetres","76.2"
"Precipitation Amount","1968 August","Dublin Airport","Millimetres","106.6"
"Precipitation Amount","1968 August","Mullingar","Millimetres","88.5"
"Precipitation Amount","1968 August","Cork Airport","Millimetres","74.6"
"Precipitation Amount","1968 August","Casement","Millimetres","60.9"
"Precipitation Amount","1968 August","Phoenix Park","Millimetres",""
"Precipitation Amount","1968 August","Roches Point","Millimetres",""
"Precipitation Amount","1968 August","Markree","Millimetres",""
"Precipitation Amount","1968 September","Malin Head","Millimetres","97.3"
"Precipitation Amount","1968 September","Claremorris","Millimetres","141.2"
"Precipitation Amount","1968 September","Valentia Observatory","Millimetres","180"
"Precipitation Amount","1968 September","Belmullet","Millimetres","109.3"
"Precipitation Amount","1968 September","Shannon Airport","Millimetres","141.7"
"Precipitation Amount","1968 September","Dublin Airport","Millimetres","103.5"
"Precipitation Amount","1968 September","Mullingar","Millimetres","119"
"Precipitation Amount","1968 September","Cork Airport","Millimetres","156.9"
"Precipitation Amount","1968 September","Casement","Millimetres","83.7"
"Precipitation Amount","1968 September","Phoenix Park","Millimetres",""
"Precipitation Amount","1968 September","Roches Point","Millimetres",""
"Precipitation Amount","1968 September","Markree","Millimetres",""
"Precipitation Amount","1968 October","Malin Head","Millimetres","149.3"
"Precipitation Amount","1968 October","Claremorris","Millimetres","189.9"
"Precipitation Amount","1968 October","Valentia Observatory","Millimetres","137.5"
"Precipitation Amount","1968 October","Belmullet","Millimetres","151.5"
"Precipitation Amount","1968 October","Shannon Airport","Millimetres","93.2"
"Precipitation Amount","1968 October","Dublin Airport","Millimetres","59.8"
"Precipitation Amount","1968 October","Mullingar","Millimetres","91.5"
"Precipitation Amount","1968 October","Cork Airport","Millimetres","152.6"
"Precipitation Amount","1968 October","Casement","Millimetres","58.3"
"Precipitation Amount","1968 October","Phoenix Park","Millimetres",""
"Precipitation Amount","1968 October","Roches Point","Millimetres",""
"Precipitation Amount","1968 October","Markree","Millimetres",""
"Precipitation Amount","1968 November","Malin Head","Millimetres","65.4"
"Precipitation Amount","1968 November","Claremorris","Millimetres","147.8"
"Precipitation Amount","1968 November","Valentia Observatory","Millimetres","226.7"
"Precipitation Amount","1968 November","Belmullet","Millimetres","109.8"
"Precipitation Amount","1968 November","Shannon Airport","Millimetres","90"
"Precipitation Amount","1968 November","Dublin Airport","Millimetres","78.8"
"Precipitation Amount","1968 November","Mullingar","Millimetres","112.1"
"Precipitation Amount","1968 November","Cork Airport","Millimetres","186.8"
"Precipitation Amount","1968 November","Casement","Millimetres","99.8"
"Precipitation Amount","1968 November","Phoenix Park","Millimetres",""
"Precipitation Amount","1968 November","Roches Point","Millimetres",""
"Precipitation Amount","1968 November","Markree","Millimetres",""
"Precipitation Amount","1968 December","Malin Head","Millimetres","72.2"
"Precipitation Amount","1968 December","Claremorris","Millimetres","139.8"
"Precipitation Amount","1968 December","Valentia Observatory","Millimetres","207.3"
"Precipitation Amount","1968 December","Belmullet","Millimetres","107"
"Precipitation Amount","1968 December","Shannon Airport","Millimetres","163.9"
"Precipitation Amount","1968 December","Dublin Airport","Millimetres","109.1"
"Precipitation Amount","1968 December","Mullingar","Millimetres","117.2"
"Precipitation Amount","1968 December","Cork Airport","Millimetres","174.2"
"Precipitation Amount","1968 December","Casement","Millimetres","112.7"
"Precipitation Amount","1968 December","Phoenix Park","Millimetres",""
"Precipitation Amount","1968 December","Roches Point","Millimetres",""
"Precipitation Amount","1968 December","Markree","Millimetres",""
"Precipitation Amount","1969 January","Malin Head","Millimetres","139.3"
"Precipitation Amount","1969 January","Claremorris","Millimetres","151.7"
"Precipitation Amount","1969 January","Valentia Observatory","Millimetres","230.3"
"Precipitation Amount","1969 January","Belmullet","Millimetres","129"
"Precipitation Amount","1969 January","Shannon Airport","Millimetres","141.8"
"Precipitation Amount","1969 January","Dublin Airport","Millimetres","105.4"
"Precipitation Amount","1969 January","Mullingar","Millimetres","133.3"
"Precipitation Amount","1969 January","Cork Airport","Millimetres","275"
"Precipitation Amount","1969 January","Casement","Millimetres","82.2"
"Precipitation Amount","1969 January","Phoenix Park","Millimetres",""
"Precipitation Amount","1969 January","Roches Point","Millimetres",""
"Precipitation Amount","1969 January","Markree","Millimetres",""
"Precipitation Amount","1969 February","Malin Head","Millimetres","106.3"
"Precipitation Amount","1969 February","Claremorris","Millimetres","64.3"
"Precipitation Amount","1969 February","Valentia Observatory","Millimetres","51"
"Precipitation Amount","1969 February","Belmullet","Millimetres","85.4"
"Precipitation Amount","1969 February","Shannon Airport","Millimetres","43.9"
"Precipitation Amount","1969 February","Dublin Airport","Millimetres","41.8"
"Precipitation Amount","1969 February","Mullingar","Millimetres","48.1"
"Precipitation Amount","1969 February","Cork Airport","Millimetres","54.4"
"Precipitation Amount","1969 February","Casement","Millimetres","63.3"
"Precipitation Amount","1969 February","Phoenix Park","Millimetres",""
"Precipitation Amount","1969 February","Roches Point","Millimetres",""
"Precipitation Amount","1969 February","Markree","Millimetres",""
"Precipitation Amount","1969 March","Malin Head","Millimetres","45.1"
"Precipitation Amount","1969 March","Claremorris","Millimetres","39.5"
"Precipitation Amount","1969 March","Valentia Observatory","Millimetres","30.9"
"Precipitation Amount","1969 March","Belmullet","Millimetres","42.4"
"Precipitation Amount","1969 March","Shannon Airport","Millimetres","44.4"
"Precipitation Amount","1969 March","Dublin Airport","Millimetres","46.9"
"Precipitation Amount","1969 March","Mullingar","Millimetres","33.8"
"Precipitation Amount","1969 March","Cork Airport","Millimetres","79.2"
"Precipitation Amount","1969 March","Casement","Millimetres","26.8"
"Precipitation Amount","1969 March","Phoenix Park","Millimetres",""
"Precipitation Amount","1969 March","Roches Point","Millimetres",""
"Precipitation Amount","1969 March","Markree","Millimetres",""
"Precipitation Amount","1969 April","Malin Head","Millimetres","50.2"
"Precipitation Amount","1969 April","Claremorris","Millimetres","72.3"
"Precipitation Amount","1969 April","Valentia Observatory","Millimetres","66.4"
"Precipitation Amount","1969 April","Belmullet","Millimetres","51.5"
"Precipitation Amount","1969 April","Shannon Airport","Millimetres","61.5"
"Precipitation Amount","1969 April","Dublin Airport","Millimetres","62.3"
"Precipitation Amount","1969 April","Mullingar","Millimetres","75"
"Precipitation Amount","1969 April","Cork Airport","Millimetres","71.2"
"Precipitation Amount","1969 April","Casement","Millimetres","54.3"
"Precipitation Amount","1969 April","Phoenix Park","Millimetres",""
"Precipitation Amount","1969 April","Roches Point","Millimetres",""
"Precipitation Amount","1969 April","Markree","Millimetres",""
"Precipitation Amount","1969 May","Malin Head","Millimetres","52"
"Precipitation Amount","1969 May","Claremorris","Millimetres","57.2"
"Precipitation Amount","1969 May","Valentia Observatory","Millimetres","61.8"
"Precipitation Amount","1969 May","Belmullet","Millimetres","40.6"
"Precipitation Amount","1969 May","Shannon Airport","Millimetres","61.5"
"Precipitation Amount","1969 May","Dublin Airport","Millimetres","111.2"
"Precipitation Amount","1969 May","Mullingar","Millimetres","90.4"
"Precipitation Amount","1969 May","Cork Airport","Millimetres","117.6"
"Precipitation Amount","1969 May","Casement","Millimetres","115.3"
"Precipitation Amount","1969 May","Phoenix Park","Millimetres",""
"Precipitation Amount","1969 May","Roches Point","Millimetres",""
"Precipitation Amount","1969 May","Markree","Millimetres",""
"Precipitation Amount","1969 June","Malin Head","Millimetres","62.3"
"Precipitation Amount","1969 June","Claremorris","Millimetres","82.2"
"Precipitation Amount","1969 June","Valentia Observatory","Millimetres","87.1"
"Precipitation Amount","1969 June","Belmullet","Millimetres","77.7"
"Precipitation Amount","1969 June","Shannon Airport","Millimetres","75.4"
"Precipitation Amount","1969 June","Dublin Airport","Millimetres","46.4"
"Precipitation Amount","1969 June","Mullingar","Millimetres","58"
"Precipitation Amount","1969 June","Cork Airport","Millimetres","84.5"
"Precipitation Amount","1969 June","Casement","Millimetres","43.1"
"Precipitation Amount","1969 June","Phoenix Park","Millimetres",""
"Precipitation Amount","1969 June","Roches Point","Millimetres",""
"Precipitation Amount","1969 June","Markree","Millimetres",""
"Precipitation Amount","1969 July","Malin Head","Millimetres","47.7"
"Precipitation Amount","1969 July","Claremorris","Millimetres","30.1"
"Precipitation Amount","1969 July","Valentia Observatory","Millimetres","78.9"
"Precipitation Amount","1969 July","Belmullet","Millimetres","33.9"
"Precipitation Amount","1969 July","Shannon Airport","Millimetres","31.1"
"Precipitation Amount","1969 July","Dublin Airport","Millimetres","43.8"
"Precipitation Amount","1969 July","Mullingar","Millimetres","45.8"
"Precipitation Amount","1969 July","Cork Airport","Millimetres","28.6"
"Precipitation Amount","1969 July","Casement","Millimetres","37"
"Precipitation Amount","1969 July","Phoenix Park","Millimetres",""
"Precipitation Amount","1969 July","Roches Point","Millimetres",""
"Precipitation Amount","1969 July","Markree","Millimetres",""
"Precipitation Amount","1969 August","Malin Head","Millimetres","66.3"
"Precipitation Amount","1969 August","Claremorris","Millimetres","64.4"
"Precipitation Amount","1969 August","Valentia Observatory","Millimetres","98.1"
"Precipitation Amount","1969 August","Belmullet","Millimetres","61.2"
"Precipitation Amount","1969 August","Shannon Airport","Millimetres","30.6"
"Precipitation Amount","1969 August","Dublin Airport","Millimetres","34.1"
"Precipitation Amount","1969 August","Mullingar","Millimetres","32.6"
"Precipitation Amount","1969 August","Cork Airport","Millimetres","38.4"
"Precipitation Amount","1969 August","Casement","Millimetres","55.2"
"Precipitation Amount","1969 August","Phoenix Park","Millimetres",""
"Precipitation Amount","1969 August","Roches Point","Millimetres",""
"Precipitation Amount","1969 August","Markree","Millimetres",""
"Precipitation Amount","1969 September","Malin Head","Millimetres","76.9"
"Precipitation Amount","1969 September","Claremorris","Millimetres","64.8"
"Precipitation Amount","1969 September","Valentia Observatory","Millimetres","58.4"
"Precipitation Amount","1969 September","Belmullet","Millimetres","58.3"
"Precipitation Amount","1969 September","Shannon Airport","Millimetres","49.6"
"Precipitation Amount","1969 September","Dublin Airport","Millimetres","44.9"
"Precipitation Amount","1969 September","Mullingar","Millimetres","29.2"
"Precipitation Amount","1969 September","Cork Airport","Millimetres","51.3"
"Precipitation Amount","1969 September","Casement","Millimetres","46.7"
"Precipitation Amount","1969 September","Phoenix Park","Millimetres",""
"Precipitation Amount","1969 September","Roches Point","Millimetres",""
"Precipitation Amount","1969 September","Markree","Millimetres",""
"Precipitation Amount","1969 October","Malin Head","Millimetres","91.1"
"Precipitation Amount","1969 October","Claremorris","Millimetres","91.1"
"Precipitation Amount","1969 October","Valentia Observatory","Millimetres","74.2"
"Precipitation Amount","1969 October","Belmullet","Millimetres","116"
"Precipitation Amount","1969 October","Shannon Airport","Millimetres","52.5"
"Precipitation Amount","1969 October","Dublin Airport","Millimetres","11.1"
"Precipitation Amount","1969 October","Mullingar","Millimetres","34.6"
"Precipitation Amount","1969 October","Cork Airport","Millimetres","38.7"
"Precipitation Amount","1969 October","Casement","Millimetres","13.9"
"Precipitation Amount","1969 October","Phoenix Park","Millimetres",""
"Precipitation Amount","1969 October","Roches Point","Millimetres",""
"Precipitation Amount","1969 October","Markree","Millimetres",""
"Precipitation Amount","1969 November","Malin Head","Millimetres","195.5"
"Precipitation Amount","1969 November","Claremorris","Millimetres","107.2"
"Precipitation Amount","1969 November","Valentia Observatory","Millimetres","148.2"
"Precipitation Amount","1969 November","Belmullet","Millimetres","166.3"
"Precipitation Amount","1969 November","Shannon Airport","Millimetres","115.4"
"Precipitation Amount","1969 November","Dublin Airport","Millimetres","90"
"Precipitation Amount","1969 November","Mullingar","Millimetres","75.4"
"Precipitation Amount","1969 November","Cork Airport","Millimetres","113.1"
"Precipitation Amount","1969 November","Casement","Millimetres","82.8"
"Precipitation Amount","1969 November","Phoenix Park","Millimetres",""
"Precipitation Amount","1969 November","Roches Point","Millimetres",""
"Precipitation Amount","1969 November","Markree","Millimetres",""
"Precipitation Amount","1969 December","Malin Head","Millimetres","118.8"
"Precipitation Amount","1969 December","Claremorris","Millimetres","130.5"
"Precipitation Amount","1969 December","Valentia Observatory","Millimetres","146.3"
"Precipitation Amount","1969 December","Belmullet","Millimetres","130.1"
"Precipitation Amount","1969 December","Shannon Airport","Millimetres","116.5"
"Precipitation Amount","1969 December","Dublin Airport","Millimetres","63.5"
"Precipitation Amount","1969 December","Mullingar","Millimetres","91.5"
"Precipitation Amount","1969 December","Cork Airport","Millimetres","101.8"
"Precipitation Amount","1969 December","Casement","Millimetres","41.7"
"Precipitation Amount","1969 December","Phoenix Park","Millimetres",""
"Precipitation Amount","1969 December","Roches Point","Millimetres",""
"Precipitation Amount","1969 December","Markree","Millimetres",""
"Precipitation Amount","1970 January","Malin Head","Millimetres","59.8"
"Precipitation Amount","1970 January","Claremorris","Millimetres","79.1"
"Precipitation Amount","1970 January","Valentia Observatory","Millimetres","194.6"
"Precipitation Amount","1970 January","Belmullet","Millimetres","80.8"
"Precipitation Amount","1970 January","Shannon Airport","Millimetres","47"
"Precipitation Amount","1970 January","Dublin Airport","Millimetres","62.5"
"Precipitation Amount","1970 January","Mullingar","Millimetres","83"
"Precipitation Amount","1970 January","Cork Airport","Millimetres","219.1"
"Precipitation Amount","1970 January","Casement","Millimetres","55.7"
"Precipitation Amount","1970 January","Phoenix Park","Millimetres",""
"Precipitation Amount","1970 January","Roches Point","Millimetres",""
"Precipitation Amount","1970 January","Markree","Millimetres",""
"Precipitation Amount","1970 February","Malin Head","Millimetres","143.7"
"Precipitation Amount","1970 February","Claremorris","Millimetres","153.3"
"Precipitation Amount","1970 February","Valentia Observatory","Millimetres","155"
"Precipitation Amount","1970 February","Belmullet","Millimetres","157.7"
"Precipitation Amount","1970 February","Shannon Airport","Millimetres","136.6"
"Precipitation Amount","1970 February","Dublin Airport","Millimetres","60.4"
"Precipitation Amount","1970 February","Mullingar","Millimetres","105.1"
"Precipitation Amount","1970 February","Cork Airport","Millimetres","93.6"
"Precipitation Amount","1970 February","Casement","Millimetres","64.7"
"Precipitation Amount","1970 February","Phoenix Park","Millimetres",""
"Precipitation Amount","1970 February","Roches Point","Millimetres",""
"Precipitation Amount","1970 February","Markree","Millimetres",""
"Precipitation Amount","1970 March","Malin Head","Millimetres","76.1"
"Precipitation Amount","1970 March","Claremorris","Millimetres","56.5"
"Precipitation Amount","1970 March","Valentia Observatory","Millimetres","58"
"Precipitation Amount","1970 March","Belmullet","Millimetres","76.9"
"Precipitation Amount","1970 March","Shannon Airport","Millimetres","45.9"
"Precipitation Amount","1970 March","Dublin Airport","Millimetres","32.5"
"Precipitation Amount","1970 March","Mullingar","Millimetres","47"
"Precipitation Amount","1970 March","Cork Airport","Millimetres","35.4"
"Precipitation Amount","1970 March","Casement","Millimetres","40.2"
"Precipitation Amount","1970 March","Phoenix Park","Millimetres",""
"Precipitation Amount","1970 March","Roches Point","Millimetres",""
"Precipitation Amount","1970 March","Markree","Millimetres",""
"Precipitation Amount","1970 April","Malin Head","Millimetres","81.2"
"Precipitation Amount","1970 April","Claremorris","Millimetres","101.1"
"Precipitation Amount","1970 April","Valentia Observatory","Millimetres","133.5"
"Precipitation Amount","1970 April","Belmullet","Millimetres","75.6"
"Precipitation Amount","1970 April","Shannon Airport","Millimetres","93.2"
"Precipitation Amount","1970 April","Dublin Airport","Millimetres","85.3"
"Precipitation Amount","1970 April","Mullingar","Millimetres","87.3"
"Precipitation Amount","1970 April","Cork Airport","Millimetres","71.8"
"Precipitation Amount","1970 April","Casement","Millimetres","87.1"
"Precipitation Amount","1970 April","Phoenix Park","Millimetres",""
"Precipitation Amount","1970 April","Roches Point","Millimetres",""
"Precipitation Amount","1970 April","Markree","Millimetres",""
"Precipitation Amount","1970 May","Malin Head","Millimetres","50.5"
"Precipitation Amount","1970 May","Claremorris","Millimetres","40.9"
"Precipitation Amount","1970 May","Valentia Observatory","Millimetres","54.8"
"Precipitation Amount","1970 May","Belmullet","Millimetres","31.5"
"Precipitation Amount","1970 May","Shannon Airport","Millimetres","35.4"
"Precipitation Amount","1970 May","Dublin Airport","Millimetres","13.2"
"Precipitation Amount","1970 May","Mullingar","Millimetres","30.8"
"Precipitation Amount","1970 May","Cork Airport","Millimetres","33.6"
"Precipitation Amount","1970 May","Casement","Millimetres","16.8"
"Precipitation Amount","1970 May","Phoenix Park","Millimetres",""
"Precipitation Amount","1970 May","Roches Point","Millimetres",""
"Precipitation Amount","1970 May","Markree","Millimetres",""
"Precipitation Amount","1970 June","Malin Head","Millimetres","54.2"
"Precipitation Amount","1970 June","Claremorris","Millimetres","49.2"
"Precipitation Amount","1970 June","Valentia Observatory","Millimetres","107.6"
"Precipitation Amount","1970 June","Belmullet","Millimetres","74.2"
"Precipitation Amount","1970 June","Shannon Airport","Millimetres","46.2"
"Precipitation Amount","1970 June","Dublin Airport","Millimetres","31.6"
"Precipitation Amount","1970 June","Mullingar","Millimetres","67.7"
"Precipitation Amount","1970 June","Cork Airport","Millimetres","56.8"
"Precipitation Amount","1970 June","Casement","Millimetres","22.1"
"Precipitation Amount","1970 June","Phoenix Park","Millimetres",""
"Precipitation Amount","1970 June","Roches Point","Millimetres",""
"Precipitation Amount","1970 June","Markree","Millimetres",""
"Precipitation Amount","1970 July","Malin Head","Millimetres","105.7"
"Precipitation Amount","1970 July","Claremorris","Millimetres","71.5"
"Precipitation Amount","1970 July","Valentia Observatory","Millimetres","87.7"
"Precipitation Amount","1970 July","Belmullet","Millimetres","71.1"
"Precipitation Amount","1970 July","Shannon Airport","Millimetres","98.8"
"Precipitation Amount","1970 July","Dublin Airport","Millimetres","68.2"
"Precipitation Amount","1970 July","Mullingar","Millimetres","71.6"
"Precipitation Amount","1970 July","Cork Airport","Millimetres","86.3"
"Precipitation Amount","1970 July","Casement","Millimetres","52"
"Precipitation Amount","1970 July","Phoenix Park","Millimetres",""
"Precipitation Amount","1970 July","Roches Point","Millimetres",""
"Precipitation Amount","1970 July","Markree","Millimetres",""
"Precipitation Amount","1970 August","Malin Head","Millimetres","83.3"
"Precipitation Amount","1970 August","Claremorris","Millimetres","89"
"Precipitation Amount","1970 August","Valentia Observatory","Millimetres","51.7"
"Precipitation Amount","1970 August","Belmullet","Millimetres","58.6"
"Precipitation Amount","1970 August","Shannon Airport","Millimetres","52.6"
"Precipitation Amount","1970 August","Dublin Airport","Millimetres","68.3"
"Precipitation Amount","1970 August","Mullingar","Millimetres","72.9"
"Precipitation Amount","1970 August","Cork Airport","Millimetres","48.3"
"Precipitation Amount","1970 August","Casement","Millimetres","62.9"
"Precipitation Amount","1970 August","Phoenix Park","Millimetres",""
"Precipitation Amount","1970 August","Roches Point","Millimetres",""
"Precipitation Amount","1970 August","Markree","Millimetres",""
"Precipitation Amount","1970 September","Malin Head","Millimetres","106.4"
"Precipitation Amount","1970 September","Claremorris","Millimetres","163.7"
"Precipitation Amount","1970 September","Valentia Observatory","Millimetres","163.6"
"Precipitation Amount","1970 September","Belmullet","Millimetres","196.7"
"Precipitation Amount","1970 September","Shannon Airport","Millimetres","94.2"
"Precipitation Amount","1970 September","Dublin Airport","Millimetres","53.8"
"Precipitation Amount","1970 September","Mullingar","Millimetres","101.4"
"Precipitation Amount","1970 September","Cork Airport","Millimetres","111"
"Precipitation Amount","1970 September","Casement","Millimetres","43.4"
"Precipitation Amount","1970 September","Phoenix Park","Millimetres",""
"Precipitation Amount","1970 September","Roches Point","Millimetres",""
"Precipitation Amount","1970 September","Markree","Millimetres",""
"Precipitation Amount","1970 October","Malin Head","Millimetres","163.6"
"Precipitation Amount","1970 October","Claremorris","Millimetres","120.1"
"Precipitation Amount","1970 October","Valentia Observatory","Millimetres","77"
"Precipitation Amount","1970 October","Belmullet","Millimetres","142.8"
"Precipitation Amount","1970 October","Shannon Airport","Millimetres","75.3"
"Precipitation Amount","1970 October","Dublin Airport","Millimetres","59.2"
"Precipitation Amount","1970 October","Mullingar","Millimetres","106.6"
"Precipitation Amount","1970 October","Cork Airport","Millimetres","36.3"
"Precipitation Amount","1970 October","Casement","Millimetres","59.7"
"Precipitation Amount","1970 October","Phoenix Park","Millimetres",""
"Precipitation Amount","1970 October","Roches Point","Millimetres",""
"Precipitation Amount","1970 October","Markree","Millimetres",""
"Precipitation Amount","1970 November","Malin Head","Millimetres","147.2"
"Precipitation Amount","1970 November","Claremorris","Millimetres","132.9"
"Precipitation Amount","1970 November","Valentia Observatory","Millimetres","207.9"
"Precipitation Amount","1970 November","Belmullet","Millimetres","140.8"
"Precipitation Amount","1970 November","Shannon Airport","Millimetres","170.2"
"Precipitation Amount","1970 November","Dublin Airport","Millimetres","128"
"Precipitation Amount","1970 November","Mullingar","Millimetres","134.2"
"Precipitation Amount","1970 November","Cork Airport","Millimetres","216.3"
"Precipitation Amount","1970 November","Casement","Millimetres","116.1"
"Precipitation Amount","1970 November","Phoenix Park","Millimetres",""
"Precipitation Amount","1970 November","Roches Point","Millimetres",""
"Precipitation Amount","1970 November","Markree","Millimetres",""
"Precipitation Amount","1970 December","Malin Head","Millimetres","58.5"
"Precipitation Amount","1970 December","Claremorris","Millimetres","70.7"
"Precipitation Amount","1970 December","Valentia Observatory","Millimetres","96.2"
"Precipitation Amount","1970 December","Belmullet","Millimetres","77.4"
"Precipitation Amount","1970 December","Shannon Airport","Millimetres","46.4"
"Precipitation Amount","1970 December","Dublin Airport","Millimetres","50.6"
"Precipitation Amount","1970 December","Mullingar","Millimetres","45.6"
"Precipitation Amount","1970 December","Cork Airport","Millimetres","39"
"Precipitation Amount","1970 December","Casement","Millimetres","49.2"
"Precipitation Amount","1970 December","Phoenix Park","Millimetres",""
"Precipitation Amount","1970 December","Roches Point","Millimetres",""
"Precipitation Amount","1970 December","Markree","Millimetres",""
"Precipitation Amount","1971 January","Malin Head","Millimetres","81.6"
"Precipitation Amount","1971 January","Claremorris","Millimetres","110.2"
"Precipitation Amount","1971 January","Valentia Observatory","Millimetres","181.3"
"Precipitation Amount","1971 January","Belmullet","Millimetres","117.7"
"Precipitation Amount","1971 January","Shannon Airport","Millimetres","67.7"
"Precipitation Amount","1971 January","Dublin Airport","Millimetres","39.4"
"Precipitation Amount","1971 January","Mullingar","Millimetres","61.4"
"Precipitation Amount","1971 January","Cork Airport","Millimetres","162.6"
"Precipitation Amount","1971 January","Casement","Millimetres","30.2"
"Precipitation Amount","1971 January","Phoenix Park","Millimetres",""
"Precipitation Amount","1971 January","Roches Point","Millimetres",""
"Precipitation Amount","1971 January","Markree","Millimetres",""
"Precipitation Amount","1971 February","Malin Head","Millimetres","94.9"
"Precipitation Amount","1971 February","Claremorris","Millimetres","74.4"
"Precipitation Amount","1971 February","Valentia Observatory","Millimetres","64.2"
"Precipitation Amount","1971 February","Belmullet","Millimetres","81.9"
"Precipitation Amount","1971 February","Shannon Airport","Millimetres","65"
"Precipitation Amount","1971 February","Dublin Airport","Millimetres","39.7"
"Precipitation Amount","1971 February","Mullingar","Millimetres","50.8"
"Precipitation Amount","1971 February","Cork Airport","Millimetres","34.2"
"Precipitation Amount","1971 February","Casement","Millimetres","30.5"
"Precipitation Amount","1971 February","Phoenix Park","Millimetres",""
"Precipitation Amount","1971 February","Roches Point","Millimetres",""
"Precipitation Amount","1971 February","Markree","Millimetres",""
"Precipitation Amount","1971 March","Malin Head","Millimetres","65.1"
"Precipitation Amount","1971 March","Claremorris","Millimetres","55.8"
"Precipitation Amount","1971 March","Valentia Observatory","Millimetres","61"
"Precipitation Amount","1971 March","Belmullet","Millimetres","47.1"
"Precipitation Amount","1971 March","Shannon Airport","Millimetres","63.6"
"Precipitation Amount","1971 March","Dublin Airport","Millimetres","78.8"
"Precipitation Amount","1971 March","Mullingar","Millimetres","42.4"
"Precipitation Amount","1971 March","Cork Airport","Millimetres","47.2"
"Precipitation Amount","1971 March","Casement","Millimetres","65.6"
"Precipitation Amount","1971 March","Phoenix Park","Millimetres",""
"Precipitation Amount","1971 March","Roches Point","Millimetres",""
"Precipitation Amount","1971 March","Markree","Millimetres",""
"Precipitation Amount","1971 April","Malin Head","Millimetres","76.2"
"Precipitation Amount","1971 April","Claremorris","Millimetres","27.5"
"Precipitation Amount","1971 April","Valentia Observatory","Millimetres","54.1"
"Precipitation Amount","1971 April","Belmullet","Millimetres","28.7"
"Precipitation Amount","1971 April","Shannon Airport","Millimetres","29.7"
"Precipitation Amount","1971 April","Dublin Airport","Millimetres","52.4"
"Precipitation Amount","1971 April","Mullingar","Millimetres","41.7"
"Precipitation Amount","1971 April","Cork Airport","Millimetres","56.1"
"Precipitation Amount","1971 April","Casement","Millimetres","43.3"
"Precipitation Amount","1971 April","Phoenix Park","Millimetres",""
"Precipitation Amount","1971 April","Roches Point","Millimetres",""
"Precipitation Amount","1971 April","Markree","Millimetres",""
"Precipitation Amount","1971 May","Malin Head","Millimetres","95"
"Precipitation Amount","1971 May","Claremorris","Millimetres","52.1"
"Precipitation Amount","1971 May","Valentia Observatory","Millimetres","61.5"
"Precipitation Amount","1971 May","Belmullet","Millimetres","43.1"
"Precipitation Amount","1971 May","Shannon Airport","Millimetres","24.3"
"Precipitation Amount","1971 May","Dublin Airport","Millimetres","34"
"Precipitation Amount","1971 May","Mullingar","Millimetres","43.1"
"Precipitation Amount","1971 May","Cork Airport","Millimetres","43.6"
"Precipitation Amount","1971 May","Casement","Millimetres","29.7"
"Precipitation Amount","1971 May","Phoenix Park","Millimetres",""
"Precipitation Amount","1971 May","Roches Point","Millimetres",""
"Precipitation Amount","1971 May","Markree","Millimetres",""
"Precipitation Amount","1971 June","Malin Head","Millimetres","88.6"
"Precipitation Amount","1971 June","Claremorris","Millimetres","81.3"
"Precipitation Amount","1971 June","Valentia Observatory","Millimetres","76.4"
"Precipitation Amount","1971 June","Belmullet","Millimetres","92.4"
"Precipitation Amount","1971 June","Shannon Airport","Millimetres","68.2"
"Precipitation Amount","1971 June","Dublin Airport","Millimetres","71.8"
"Precipitation Amount","1971 June","Mullingar","Millimetres","82.4"
"Precipitation Amount","1971 June","Cork Airport","Millimetres","66.5"
"Precipitation Amount","1971 June","Casement","Millimetres","75.3"
"Precipitation Amount","1971 June","Phoenix Park","Millimetres",""
"Precipitation Amount","1971 June","Roches Point","Millimetres",""
"Precipitation Amount","1971 June","Markree","Millimetres",""
"Precipitation Amount","1971 July","Malin Head","Millimetres","46.1"
"Precipitation Amount","1971 July","Claremorris","Millimetres","57.6"
"Precipitation Amount","1971 July","Valentia Observatory","Millimetres","44.5"
"Precipitation Amount","1971 July","Belmullet","Millimetres","41.7"
"Precipitation Amount","1971 July","Shannon Airport","Millimetres","39.1"
"Precipitation Amount","1971 July","Dublin Airport","Millimetres","62.8"
"Precipitation Amount","1971 July","Mullingar","Millimetres","24.3"
"Precipitation Amount","1971 July","Cork Airport","Millimetres","84.8"
"Precipitation Amount","1971 July","Casement","Millimetres","57.3"
"Precipitation Amount","1971 July","Phoenix Park","Millimetres",""
"Precipitation Amount","1971 July","Roches Point","Millimetres",""
"Precipitation Amount","1971 July","Markree","Millimetres",""
"Precipitation Amount","1971 August","Malin Head","Millimetres","131.1"
"Precipitation Amount","1971 August","Claremorris","Millimetres","98.6"
"Precipitation Amount","1971 August","Valentia Observatory","Millimetres","82.2"
"Precipitation Amount","1971 August","Belmullet","Millimetres","116.7"
"Precipitation Amount","1971 August","Shannon Airport","Millimetres","70.4"
"Precipitation Amount","1971 August","Dublin Airport","Millimetres","66.9"
"Precipitation Amount","1971 August","Mullingar","Millimetres","79.2"
"Precipitation Amount","1971 August","Cork Airport","Millimetres","121.8"
"Precipitation Amount","1971 August","Casement","Millimetres","69.4"
"Precipitation Amount","1971 August","Phoenix Park","Millimetres",""
"Precipitation Amount","1971 August","Roches Point","Millimetres",""
"Precipitation Amount","1971 August","Markree","Millimetres",""
"Precipitation Amount","1971 September","Malin Head","Millimetres","24.1"
"Precipitation Amount","1971 September","Claremorris","Millimetres","59.8"
"Precipitation Amount","1971 September","Valentia Observatory","Millimetres","44.1"
"Precipitation Amount","1971 September","Belmullet","Millimetres","62.8"
"Precipitation Amount","1971 September","Shannon Airport","Millimetres","57.3"
"Precipitation Amount","1971 September","Dublin Airport","Millimetres","27"
"Precipitation Amount","1971 September","Mullingar","Millimetres","43.3"
"Precipitation Amount","1971 September","Cork Airport","Millimetres","56.6"
"Precipitation Amount","1971 September","Casement","Millimetres","27.2"
"Precipitation Amount","1971 September","Phoenix Park","Millimetres",""
"Precipitation Amount","1971 September","Roches Point","Millimetres",""
"Precipitation Amount","1971 September","Markree","Millimetres",""
"Precipitation Amount","1971 October","Malin Head","Millimetres","90.7"
"Precipitation Amount","1971 October","Claremorris","Millimetres","97.1"
"Precipitation Amount","1971 October","Valentia Observatory","Millimetres","152.1"
"Precipitation Amount","1971 October","Belmullet","Millimetres","95.3"
"Precipitation Amount","1971 October","Shannon Airport","Millimetres","97"
"Precipitation Amount","1971 October","Dublin Airport","Millimetres","34.4"
"Precipitation Amount","1971 October","Mullingar","Millimetres","46.8"
"Precipitation Amount","1971 October","Cork Airport","Millimetres","128.5"
"Precipitation Amount","1971 October","Casement","Millimetres","43.4"
"Precipitation Amount","1971 October","Phoenix Park","Millimetres",""
"Precipitation Amount","1971 October","Roches Point","Millimetres",""
"Precipitation Amount","1971 October","Markree","Millimetres",""
"Precipitation Amount","1971 November","Malin Head","Millimetres","143.5"
"Precipitation Amount","1971 November","Claremorris","Millimetres","130.2"
"Precipitation Amount","1971 November","Valentia Observatory","Millimetres","112.2"
"Precipitation Amount","1971 November","Belmullet","Millimetres","149.1"
"Precipitation Amount","1971 November","Shannon Airport","Millimetres","88.2"
"Precipitation Amount","1971 November","Dublin Airport","Millimetres","48"
"Precipitation Amount","1971 November","Mullingar","Millimetres","83.3"
"Precipitation Amount","1971 November","Cork Airport","Millimetres","55.6"
"Precipitation Amount","1971 November","Casement","Millimetres","66.9"
"Precipitation Amount","1971 November","Phoenix Park","Millimetres",""
"Precipitation Amount","1971 November","Roches Point","Millimetres",""
"Precipitation Amount","1971 November","Markree","Millimetres",""
"Precipitation Amount","1971 December","Malin Head","Millimetres","53"
"Precipitation Amount","1971 December","Claremorris","Millimetres","41.4"
"Precipitation Amount","1971 December","Valentia Observatory","Millimetres","57.8"
"Precipitation Amount","1971 December","Belmullet","Millimetres","47.3"
"Precipitation Amount","1971 December","Shannon Airport","Millimetres","38.6"
"Precipitation Amount","1971 December","Dublin Airport","Millimetres","36.4"
"Precipitation Amount","1971 December","Mullingar","Millimetres","48.4"
"Precipitation Amount","1971 December","Cork Airport","Millimetres","71.4"
"Precipitation Amount","1971 December","Casement","Millimetres","42.1"
"Precipitation Amount","1971 December","Phoenix Park","Millimetres",""
"Precipitation Amount","1971 December","Roches Point","Millimetres",""
"Precipitation Amount","1971 December","Markree","Millimetres",""
"Precipitation Amount","1972 January","Malin Head","Millimetres","113.7"
"Precipitation Amount","1972 January","Claremorris","Millimetres","103.9"
"Precipitation Amount","1972 January","Valentia Observatory","Millimetres","202.1"
"Precipitation Amount","1972 January","Belmullet","Millimetres","66.9"
"Precipitation Amount","1972 January","Shannon Airport","Millimetres","103.8"
"Precipitation Amount","1972 January","Dublin Airport","Millimetres","110.6"
"Precipitation Amount","1972 January","Mullingar","Millimetres","102.9"
"Precipitation Amount","1972 January","Cork Airport","Millimetres","171.3"
"Precipitation Amount","1972 January","Casement","Millimetres","89.9"
"Precipitation Amount","1972 January","Phoenix Park","Millimetres",""
"Precipitation Amount","1972 January","Roches Point","Millimetres",""
"Precipitation Amount","1972 January","Markree","Millimetres",""
"Precipitation Amount","1972 February","Malin Head","Millimetres","38.7"
"Precipitation Amount","1972 February","Claremorris","Millimetres","100.7"
"Precipitation Amount","1972 February","Valentia Observatory","Millimetres","164"
"Precipitation Amount","1972 February","Belmullet","Millimetres","75"
"Precipitation Amount","1972 February","Shannon Airport","Millimetres","59.4"
"Precipitation Amount","1972 February","Dublin Airport","Millimetres","59.7"
"Precipitation Amount","1972 February","Mullingar","Millimetres","64.6"
"Precipitation Amount","1972 February","Cork Airport","Millimetres","190.5"
"Precipitation Amount","1972 February","Casement","Millimetres","70.5"
"Precipitation Amount","1972 February","Phoenix Park","Millimetres",""
"Precipitation Amount","1972 February","Roches Point","Millimetres",""
"Precipitation Amount","1972 February","Markree","Millimetres",""
"Precipitation Amount","1972 March","Malin Head","Millimetres","97.2"
"Precipitation Amount","1972 March","Claremorris","Millimetres","82.5"
"Precipitation Amount","1972 March","Valentia Observatory","Millimetres","106.8"
"Precipitation Amount","1972 March","Belmullet","Millimetres","86.7"
"Precipitation Amount","1972 March","Shannon Airport","Millimetres","85.5"
"Precipitation Amount","1972 March","Dublin Airport","Millimetres","50.1"
"Precipitation Amount","1972 March","Mullingar","Millimetres","67.7"
"Precipitation Amount","1972 March","Cork Airport","Millimetres","100.3"
"Precipitation Amount","1972 March","Casement","Millimetres","54.3"
"Precipitation Amount","1972 March","Phoenix Park","Millimetres",""
"Precipitation Amount","1972 March","Roches Point","Millimetres",""
"Precipitation Amount","1972 March","Markree","Millimetres",""
"Precipitation Amount","1972 April","Malin Head","Millimetres","104.3"
"Precipitation Amount","1972 April","Claremorris","Millimetres","92"
"Precipitation Amount","1972 April","Valentia Observatory","Millimetres","91.3"
"Precipitation Amount","1972 April","Belmullet","Millimetres","98.5"
"Precipitation Amount","1972 April","Shannon Airport","Millimetres","72.5"
"Precipitation Amount","1972 April","Dublin Airport","Millimetres","49.2"
"Precipitation Amount","1972 April","Mullingar","Millimetres","93.8"
"Precipitation Amount","1972 April","Cork Airport","Millimetres","50.4"
"Precipitation Amount","1972 April","Casement","Millimetres","60.7"
"Precipitation Amount","1972 April","Phoenix Park","Millimetres",""
"Precipitation Amount","1972 April","Roches Point","Millimetres",""
"Precipitation Amount","1972 April","Markree","Millimetres",""
"Precipitation Amount","1972 May","Malin Head","Millimetres","86.3"
"Precipitation Amount","1972 May","Claremorris","Millimetres","147.6"
"Precipitation Amount","1972 May","Valentia Observatory","Millimetres","137.4"
"Precipitation Amount","1972 May","Belmullet","Millimetres","96.6"
"Precipitation Amount","1972 May","Shannon Airport","Millimetres","84.6"
"Precipitation Amount","1972 May","Dublin Airport","Millimetres","66.7"
"Precipitation Amount","1972 May","Mullingar","Millimetres","112"
"Precipitation Amount","1972 May","Cork Airport","Millimetres","145.6"
"Precipitation Amount","1972 May","Casement","Millimetres","59"
"Precipitation Amount","1972 May","Phoenix Park","Millimetres",""
"Precipitation Amount","1972 May","Roches Point","Millimetres",""
"Precipitation Amount","1972 May","Markree","Millimetres",""
"Precipitation Amount","1972 June","Malin Head","Millimetres","88.6"
"Precipitation Amount","1972 June","Claremorris","Millimetres","47"
"Precipitation Amount","1972 June","Valentia Observatory","Millimetres","85.6"
"Precipitation Amount","1972 June","Belmullet","Millimetres","58.6"
"Precipitation Amount","1972 June","Shannon Airport","Millimetres","65.8"
"Precipitation Amount","1972 June","Dublin Airport","Millimetres","58.6"
"Precipitation Amount","1972 June","Mullingar","Millimetres","66.4"
"Precipitation Amount","1972 June","Cork Airport","Millimetres","34.2"
"Precipitation Amount","1972 June","Casement","Millimetres","65.8"
"Precipitation Amount","1972 June","Phoenix Park","Millimetres",""
"Precipitation Amount","1972 June","Roches Point","Millimetres",""
"Precipitation Amount","1972 June","Markree","Millimetres",""
"Precipitation Amount","1972 July","Malin Head","Millimetres","44.8"
"Precipitation Amount","1972 July","Claremorris","Millimetres","42.3"
"Precipitation Amount","1972 July","Valentia Observatory","Millimetres","84.9"
"Precipitation Amount","1972 July","Belmullet","Millimetres","50.8"
"Precipitation Amount","1972 July","Shannon Airport","Millimetres","57.4"
"Precipitation Amount","1972 July","Dublin Airport","Millimetres","41.1"
"Precipitation Amount","1972 July","Mullingar","Millimetres","66.1"
"Precipitation Amount","1972 July","Cork Airport","Millimetres","40.2"
"Precipitation Amount","1972 July","Casement","Millimetres","67.8"
"Precipitation Amount","1972 July","Phoenix Park","Millimetres",""
"Precipitation Amount","1972 July","Roches Point","Millimetres",""
"Precipitation Amount","1972 July","Markree","Millimetres",""
"Precipitation Amount","1972 August","Malin Head","Millimetres","85.7"
"Precipitation Amount","1972 August","Claremorris","Millimetres","60.8"
"Precipitation Amount","1972 August","Valentia Observatory","Millimetres","80.6"
"Precipitation Amount","1972 August","Belmullet","Millimetres","52.4"
"Precipitation Amount","1972 August","Shannon Airport","Millimetres","57.7"
"Precipitation Amount","1972 August","Dublin Airport","Millimetres","24"
"Precipitation Amount","1972 August","Mullingar","Millimetres","36.8"
"Precipitation Amount","1972 August","Cork Airport","Millimetres","44.2"
"Precipitation Amount","1972 August","Casement","Millimetres","17.2"
"Precipitation Amount","1972 August","Phoenix Park","Millimetres",""
"Precipitation Amount","1972 August","Roches Point","Millimetres",""
"Precipitation Amount","1972 August","Markree","Millimetres",""
"Precipitation Amount","1972 September","Malin Head","Millimetres","25.2"
"Precipitation Amount","1972 September","Claremorris","Millimetres","13.1"
"Precipitation Amount","1972 September","Valentia Observatory","Millimetres","29.7"
"Precipitation Amount","1972 September","Belmullet","Millimetres","38.1"
"Precipitation Amount","1972 September","Shannon Airport","Millimetres","13.2"
"Precipitation Amount","1972 September","Dublin Airport","Millimetres","7.5"
"Precipitation Amount","1972 September","Mullingar","Millimetres","8.6"
"Precipitation Amount","1972 September","Cork Airport","Millimetres","11.2"
"Precipitation Amount","1972 September","Casement","Millimetres","7.1"
"Precipitation Amount","1972 September","Phoenix Park","Millimetres",""
"Precipitation Amount","1972 September","Roches Point","Millimetres",""
"Precipitation Amount","1972 September","Markree","Millimetres",""
"Precipitation Amount","1972 October","Malin Head","Millimetres","47.1"
"Precipitation Amount","1972 October","Claremorris","Millimetres","53.9"
"Precipitation Amount","1972 October","Valentia Observatory","Millimetres","124"
"Precipitation Amount","1972 October","Belmullet","Millimetres","65.8"
"Precipitation Amount","1972 October","Shannon Airport","Millimetres","43.8"
"Precipitation Amount","1972 October","Dublin Airport","Millimetres","40.8"
"Precipitation Amount","1972 October","Mullingar","Millimetres","53.2"
"Precipitation Amount","1972 October","Cork Airport","Millimetres","84.8"
"Precipitation Amount","1972 October","Casement","Millimetres","37.3"
"Precipitation Amount","1972 October","Phoenix Park","Millimetres",""
"Precipitation Amount","1972 October","Roches Point","Millimetres",""
"Precipitation Amount","1972 October","Markree","Millimetres",""
"Precipitation Amount","1972 November","Malin Head","Millimetres","140.1"
"Precipitation Amount","1972 November","Claremorris","Millimetres","137.8"
"Precipitation Amount","1972 November","Valentia Observatory","Millimetres","175.5"
"Precipitation Amount","1972 November","Belmullet","Millimetres","109.7"
"Precipitation Amount","1972 November","Shannon Airport","Millimetres","145.3"
"Precipitation Amount","1972 November","Dublin Airport","Millimetres","78.2"
"Precipitation Amount","1972 November","Mullingar","Millimetres","109.5"
"Precipitation Amount","1972 November","Cork Airport","Millimetres","121.9"
"Precipitation Amount","1972 November","Casement","Millimetres","75.6"
"Precipitation Amount","1972 November","Phoenix Park","Millimetres",""
"Precipitation Amount","1972 November","Roches Point","Millimetres",""
"Precipitation Amount","1972 November","Markree","Millimetres",""
"Precipitation Amount","1972 December","Malin Head","Millimetres","91.8"
"Precipitation Amount","1972 December","Claremorris","Millimetres","165"
"Precipitation Amount","1972 December","Valentia Observatory","Millimetres","218.7"
"Precipitation Amount","1972 December","Belmullet","Millimetres","159.2"
"Precipitation Amount","1972 December","Shannon Airport","Millimetres","105.8"
"Precipitation Amount","1972 December","Dublin Airport","Millimetres","82.6"
"Precipitation Amount","1972 December","Mullingar","Millimetres","88.4"
"Precipitation Amount","1972 December","Cork Airport","Millimetres","175.9"
"Precipitation Amount","1972 December","Casement","Millimetres","71.2"
"Precipitation Amount","1972 December","Phoenix Park","Millimetres",""
"Precipitation Amount","1972 December","Roches Point","Millimetres",""
"Precipitation Amount","1972 December","Markree","Millimetres",""
"Precipitation Amount","1973 January","Malin Head","Millimetres","99.8"
"Precipitation Amount","1973 January","Claremorris","Millimetres","123.3"
"Precipitation Amount","1973 January","Valentia Observatory","Millimetres","151.2"
"Precipitation Amount","1973 January","Belmullet","Millimetres","123"
"Precipitation Amount","1973 January","Shannon Airport","Millimetres","70.7"
"Precipitation Amount","1973 January","Dublin Airport","Millimetres","52.2"
"Precipitation Amount","1973 January","Mullingar","Millimetres","66.6"
"Precipitation Amount","1973 January","Cork Airport","Millimetres","129.6"
"Precipitation Amount","1973 January","Casement","Millimetres","40.2"
"Precipitation Amount","1973 January","Phoenix Park","Millimetres",""
"Precipitation Amount","1973 January","Roches Point","Millimetres",""
"Precipitation Amount","1973 January","Markree","Millimetres",""
"Precipitation Amount","1973 February","Malin Head","Millimetres","82.6"
"Precipitation Amount","1973 February","Claremorris","Millimetres","65.8"
"Precipitation Amount","1973 February","Valentia Observatory","Millimetres","133.8"
"Precipitation Amount","1973 February","Belmullet","Millimetres","100.5"
"Precipitation Amount","1973 February","Shannon Airport","Millimetres","92.8"
"Precipitation Amount","1973 February","Dublin Airport","Millimetres","32.5"
"Precipitation Amount","1973 February","Mullingar","Millimetres","43.7"
"Precipitation Amount","1973 February","Cork Airport","Millimetres","84.3"
"Precipitation Amount","1973 February","Casement","Millimetres","32.8"
"Precipitation Amount","1973 February","Phoenix Park","Millimetres",""
"Precipitation Amount","1973 February","Roches Point","Millimetres",""
"Precipitation Amount","1973 February","Markree","Millimetres",""
"Precipitation Amount","1973 March","Malin Head","Millimetres","41"
"Precipitation Amount","1973 March","Claremorris","Millimetres","51"
"Precipitation Amount","1973 March","Valentia Observatory","Millimetres","63.9"
"Precipitation Amount","1973 March","Belmullet","Millimetres","57.9"
"Precipitation Amount","1973 March","Shannon Airport","Millimetres","30.5"
"Precipitation Amount","1973 March","Dublin Airport","Millimetres","11.1"
"Precipitation Amount","1973 March","Mullingar","Millimetres","29"
"Precipitation Amount","1973 March","Cork Airport","Millimetres","38.8"
"Precipitation Amount","1973 March","Casement","Millimetres","18.7"
"Precipitation Amount","1973 March","Phoenix Park","Millimetres",""
"Precipitation Amount","1973 March","Roches Point","Millimetres",""
"Precipitation Amount","1973 March","Markree","Millimetres",""
"Precipitation Amount","1973 April","Malin Head","Millimetres","64.2"
"Precipitation Amount","1973 April","Claremorris","Millimetres","50.3"
"Precipitation Amount","1973 April","Valentia Observatory","Millimetres","39.3"
"Precipitation Amount","1973 April","Belmullet","Millimetres","46.5"
"Precipitation Amount","1973 April","Shannon Airport","Millimetres","40.8"
"Precipitation Amount","1973 April","Dublin Airport","Millimetres","48.1"
"Precipitation Amount","1973 April","Mullingar","Millimetres","48.8"
"Precipitation Amount","1973 April","Cork Airport","Millimetres","34"
"Precipitation Amount","1973 April","Casement","Millimetres","37.9"
"Precipitation Amount","1973 April","Phoenix Park","Millimetres",""
"Precipitation Amount","1973 April","Roches Point","Millimetres",""
"Precipitation Amount","1973 April","Markree","Millimetres",""
"Precipitation Amount","1973 May","Malin Head","Millimetres","75.2"
"Precipitation Amount","1973 May","Claremorris","Millimetres","87.3"
"Precipitation Amount","1973 May","Valentia Observatory","Millimetres","93.6"
"Precipitation Amount","1973 May","Belmullet","Millimetres","85.7"
"Precipitation Amount","1973 May","Shannon Airport","Millimetres","104.3"
"Precipitation Amount","1973 May","Dublin Airport","Millimetres","70.9"
"Precipitation Amount","1973 May","Mullingar","Millimetres","80.9"
"Precipitation Amount","1973 May","Cork Airport","Millimetres","182.5"
"Precipitation Amount","1973 May","Casement","Millimetres","74.8"
"Precipitation Amount","1973 May","Phoenix Park","Millimetres",""
"Precipitation Amount","1973 May","Roches Point","Millimetres",""
"Precipitation Amount","1973 May","Markree","Millimetres",""
"Precipitation Amount","1973 June","Malin Head","Millimetres","42.3"
"Precipitation Amount","1973 June","Claremorris","Millimetres","58"
"Precipitation Amount","1973 June","Valentia Observatory","Millimetres","47.7"
"Precipitation Amount","1973 June","Belmullet","Millimetres","54.2"
"Precipitation Amount","1973 June","Shannon Airport","Millimetres","17.3"
"Precipitation Amount","1973 June","Dublin Airport","Millimetres","20.2"
"Precipitation Amount","1973 June","Mullingar","Millimetres","23"
"Precipitation Amount","1973 June","Cork Airport","Millimetres","25.1"
"Precipitation Amount","1973 June","Casement","Millimetres","18.1"
"Precipitation Amount","1973 June","Phoenix Park","Millimetres",""
"Precipitation Amount","1973 June","Roches Point","Millimetres",""
"Precipitation Amount","1973 June","Markree","Millimetres",""
"Precipitation Amount","1973 July","Malin Head","Millimetres","88.5"
"Precipitation Amount","1973 July","Claremorris","Millimetres","58.6"
"Precipitation Amount","1973 July","Valentia Observatory","Millimetres","77.2"
"Precipitation Amount","1973 July","Belmullet","Millimetres","58.7"
"Precipitation Amount","1973 July","Shannon Airport","Millimetres","65.6"
"Precipitation Amount","1973 July","Dublin Airport","Millimetres","72.8"
"Precipitation Amount","1973 July","Mullingar","Millimetres","86.4"
"Precipitation Amount","1973 July","Cork Airport","Millimetres","63.8"
"Precipitation Amount","1973 July","Casement","Millimetres","93.6"
"Precipitation Amount","1973 July","Phoenix Park","Millimetres",""
"Precipitation Amount","1973 July","Roches Point","Millimetres",""
"Precipitation Amount","1973 July","Markree","Millimetres",""
"Precipitation Amount","1973 August","Malin Head","Millimetres","101"
"Precipitation Amount","1973 August","Claremorris","Millimetres","140.4"
"Precipitation Amount","1973 August","Valentia Observatory","Millimetres","115.3"
"Precipitation Amount","1973 August","Belmullet","Millimetres","119.6"
"Precipitation Amount","1973 August","Shannon Airport","Millimetres","110.5"
"Precipitation Amount","1973 August","Dublin Airport","Millimetres","108.9"
"Precipitation Amount","1973 August","Mullingar","Millimetres","98.5"
"Precipitation Amount","1973 August","Cork Airport","Millimetres","74.6"
"Precipitation Amount","1973 August","Casement","Millimetres","83.7"
"Precipitation Amount","1973 August","Phoenix Park","Millimetres",""
"Precipitation Amount","1973 August","Roches Point","Millimetres",""
"Precipitation Amount","1973 August","Markree","Millimetres",""
"Precipitation Amount","1973 September","Malin Head","Millimetres","121.6"
"Precipitation Amount","1973 September","Claremorris","Millimetres","81.3"
"Precipitation Amount","1973 September","Valentia Observatory","Millimetres","147.8"
"Precipitation Amount","1973 September","Belmullet","Millimetres","97.2"
"Precipitation Amount","1973 September","Shannon Airport","Millimetres","116.2"
"Precipitation Amount","1973 September","Dublin Airport","Millimetres","76.2"
"Precipitation Amount","1973 September","Mullingar","Millimetres","103.2"
"Precipitation Amount","1973 September","Cork Airport","Millimetres","156.3"
"Precipitation Amount","1973 September","Casement","Millimetres","74.6"
"Precipitation Amount","1973 September","Phoenix Park","Millimetres",""
"Precipitation Amount","1973 September","Roches Point","Millimetres",""
"Precipitation Amount","1973 September","Markree","Millimetres",""
"Precipitation Amount","1973 October","Malin Head","Millimetres","66"
"Precipitation Amount","1973 October","Claremorris","Millimetres","63.4"
"Precipitation Amount","1973 October","Valentia Observatory","Millimetres","60.6"
"Precipitation Amount","1973 October","Belmullet","Millimetres","68.4"
"Precipitation Amount","1973 October","Shannon Airport","Millimetres","50.8"
"Precipitation Amount","1973 October","Dublin Airport","Millimetres","59.2"
"Precipitation Amount","1973 October","Mullingar","Millimetres","51.3"
"Precipitation Amount","1973 October","Cork Airport","Millimetres","107.3"
"Precipitation Amount","1973 October","Casement","Millimetres","40.2"
"Precipitation Amount","1973 October","Phoenix Park","Millimetres",""
"Precipitation Amount","1973 October","Roches Point","Millimetres",""
"Precipitation Amount","1973 October","Markree","Millimetres",""
"Precipitation Amount","1973 November","Malin Head","Millimetres","123.2"
"Precipitation Amount","1973 November","Claremorris","Millimetres","134.2"
"Precipitation Amount","1973 November","Valentia Observatory","Millimetres","162.8"
"Precipitation Amount","1973 November","Belmullet","Millimetres","147.8"
"Precipitation Amount","1973 November","Shannon Airport","Millimetres","143.8"
"Precipitation Amount","1973 November","Dublin Airport","Millimetres","60.8"
"Precipitation Amount","1973 November","Mullingar","Millimetres","98.6"
"Precipitation Amount","1973 November","Cork Airport","Millimetres","101.7"
"Precipitation Amount","1973 November","Casement","Millimetres","64.7"
"Precipitation Amount","1973 November","Phoenix Park","Millimetres",""
"Precipitation Amount","1973 November","Roches Point","Millimetres",""
"Precipitation Amount","1973 November","Markree","Millimetres",""
"Precipitation Amount","1973 December","Malin Head","Millimetres","135.4"
"Precipitation Amount","1973 December","Claremorris","Millimetres","108.5"
"Precipitation Amount","1973 December","Valentia Observatory","Millimetres","143.1"
"Precipitation Amount","1973 December","Belmullet","Millimetres","130.2"
"Precipitation Amount","1973 December","Shannon Airport","Millimetres","98.5"
"Precipitation Amount","1973 December","Dublin Airport","Millimetres","72.7"
"Precipitation Amount","1973 December","Mullingar","Millimetres","67.9"
"Precipitation Amount","1973 December","Cork Airport","Millimetres","118.4"
"Precipitation Amount","1973 December","Casement","Millimetres","65.7"
"Precipitation Amount","1973 December","Phoenix Park","Millimetres",""
"Precipitation Amount","1973 December","Roches Point","Millimetres",""
"Precipitation Amount","1973 December","Markree","Millimetres",""
"Precipitation Amount","1974 January","Malin Head","Millimetres","130.9"
"Precipitation Amount","1974 January","Claremorris","Millimetres","205.2"
"Precipitation Amount","1974 January","Valentia Observatory","Millimetres","318.6"
"Precipitation Amount","1974 January","Belmullet","Millimetres","205.4"
"Precipitation Amount","1974 January","Shannon Airport","Millimetres","168.2"
"Precipitation Amount","1974 January","Dublin Airport","Millimetres","81.4"
"Precipitation Amount","1974 January","Mullingar","Millimetres","135.1"
"Precipitation Amount","1974 January","Cork Airport","Millimetres","340.9"
"Precipitation Amount","1974 January","Casement","Millimetres","95.8"
"Precipitation Amount","1974 January","Phoenix Park","Millimetres",""
"Precipitation Amount","1974 January","Roches Point","Millimetres",""
"Precipitation Amount","1974 January","Markree","Millimetres",""
"Precipitation Amount","1974 February","Malin Head","Millimetres","77.3"
"Precipitation Amount","1974 February","Claremorris","Millimetres","113.9"
"Precipitation Amount","1974 February","Valentia Observatory","Millimetres","177.7"
"Precipitation Amount","1974 February","Belmullet","Millimetres","112.9"
"Precipitation Amount","1974 February","Shannon Airport","Millimetres","102.4"
"Precipitation Amount","1974 February","Dublin Airport","Millimetres","50.9"
"Precipitation Amount","1974 February","Mullingar","Millimetres","61.9"
"Precipitation Amount","1974 February","Cork Airport","Millimetres","134.4"
"Precipitation Amount","1974 February","Casement","Millimetres","51.4"
"Precipitation Amount","1974 February","Phoenix Park","Millimetres",""
"Precipitation Amount","1974 February","Roches Point","Millimetres",""
"Precipitation Amount","1974 February","Markree","Millimetres",""
"Precipitation Amount","1974 March","Malin Head","Millimetres","50.1"
"Precipitation Amount","1974 March","Claremorris","Millimetres","49.2"
"Precipitation Amount","1974 March","Valentia Observatory","Millimetres","76.3"
"Precipitation Amount","1974 March","Belmullet","Millimetres","58.3"
"Precipitation Amount","1974 March","Shannon Airport","Millimetres","40.7"
"Precipitation Amount","1974 March","Dublin Airport","Millimetres","31.7"
"Precipitation Amount","1974 March","Mullingar","Millimetres","29.5"
"Precipitation Amount","1974 March","Cork Airport","Millimetres","40.9"
"Precipitation Amount","1974 March","Casement","Millimetres","21.6"
"Precipitation Amount","1974 March","Phoenix Park","Millimetres",""
"Precipitation Amount","1974 March","Roches Point","Millimetres",""
"Precipitation Amount","1974 March","Markree","Millimetres",""
"Precipitation Amount","1974 April","Malin Head","Millimetres","9.9"
"Precipitation Amount","1974 April","Claremorris","Millimetres","19.5"
"Precipitation Amount","1974 April","Valentia Observatory","Millimetres","59.8"
"Precipitation Amount","1974 April","Belmullet","Millimetres","19.5"
"Precipitation Amount","1974 April","Shannon Airport","Millimetres","21.4"
"Precipitation Amount","1974 April","Dublin Airport","Millimetres","43.4"
"Precipitation Amount","1974 April","Mullingar","Millimetres","39.7"
"Precipitation Amount","1974 April","Cork Airport","Millimetres","56.9"
"Precipitation Amount","1974 April","Casement","Millimetres","37.8"
"Precipitation Amount","1974 April","Phoenix Park","Millimetres",""
"Precipitation Amount","1974 April","Roches Point","Millimetres",""
"Precipitation Amount","1974 April","Markree","Millimetres",""
"Precipitation Amount","1974 May","Malin Head","Millimetres","56"
"Precipitation Amount","1974 May","Claremorris","Millimetres","58.5"
"Precipitation Amount","1974 May","Valentia Observatory","Millimetres","152.4"
"Precipitation Amount","1974 May","Belmullet","Millimetres","56.8"
"Precipitation Amount","1974 May","Shannon Airport","Millimetres","52"
"Precipitation Amount","1974 May","Dublin Airport","Millimetres","87.6"
"Precipitation Amount","1974 May","Mullingar","Millimetres","72"
"Precipitation Amount","1974 May","Cork Airport","Millimetres","151.9"
"Precipitation Amount","1974 May","Casement","Millimetres","55.6"
"Precipitation Amount","1974 May","Phoenix Park","Millimetres",""
"Precipitation Amount","1974 May","Roches Point","Millimetres",""
"Precipitation Amount","1974 May","Markree","Millimetres",""
"Precipitation Amount","1974 June","Malin Head","Millimetres","42.8"
"Precipitation Amount","1974 June","Claremorris","Millimetres","53.3"
"Precipitation Amount","1974 June","Valentia Observatory","Millimetres","38.3"
"Precipitation Amount","1974 June","Belmullet","Millimetres","70.1"
"Precipitation Amount","1974 June","Shannon Airport","Millimetres","37.1"
"Precipitation Amount","1974 June","Dublin Airport","Millimetres","39.5"
"Precipitation Amount","1974 June","Mullingar","Millimetres","39.8"
"Precipitation Amount","1974 June","Cork Airport","Millimetres","21.3"
"Precipitation Amount","1974 June","Casement","Millimetres","38.1"
"Precipitation Amount","1974 June","Phoenix Park","Millimetres",""
"Precipitation Amount","1974 June","Roches Point","Millimetres",""
"Precipitation Amount","1974 June","Markree","Millimetres",""
"Precipitation Amount","1974 July","Malin Head","Millimetres","87.9"
"Precipitation Amount","1974 July","Claremorris","Millimetres","96.3"
"Precipitation Amount","1974 July","Valentia Observatory","Millimetres","97.6"
"Precipitation Amount","1974 July","Belmullet","Millimetres","84"
"Precipitation Amount","1974 July","Shannon Airport","Millimetres","82.1"
"Precipitation Amount","1974 July","Dublin Airport","Millimetres","99.7"
"Precipitation Amount","1974 July","Mullingar","Millimetres","114"
"Precipitation Amount","1974 July","Cork Airport","Millimetres","45.1"
"Precipitation Amount","1974 July","Casement","Millimetres","105.9"
"Precipitation Amount","1974 July","Phoenix Park","Millimetres",""
"Precipitation Amount","1974 July","Roches Point","Millimetres",""
"Precipitation Amount","1974 July","Markree","Millimetres",""
"Precipitation Amount","1974 August","Malin Head","Millimetres","82.2"
"Precipitation Amount","1974 August","Claremorris","Millimetres","98.2"
"Precipitation Amount","1974 August","Valentia Observatory","Millimetres","168.7"
"Precipitation Amount","1974 August","Belmullet","Millimetres","112.2"
"Precipitation Amount","1974 August","Shannon Airport","Millimetres","139"
"Precipitation Amount","1974 August","Dublin Airport","Millimetres","30.2"
"Precipitation Amount","1974 August","Mullingar","Millimetres","80.5"
"Precipitation Amount","1974 August","Cork Airport","Millimetres","118.9"
"Precipitation Amount","1974 August","Casement","Millimetres","30.5"
"Precipitation Amount","1974 August","Phoenix Park","Millimetres",""
"Precipitation Amount","1974 August","Roches Point","Millimetres",""
"Precipitation Amount","1974 August","Markree","Millimetres",""
"Precipitation Amount","1974 September","Malin Head","Millimetres","123.3"
"Precipitation Amount","1974 September","Claremorris","Millimetres","148.6"
"Precipitation Amount","1974 September","Valentia Observatory","Millimetres","225.7"
"Precipitation Amount","1974 September","Belmullet","Millimetres","172.6"
"Precipitation Amount","1974 September","Shannon Airport","Millimetres","170.1"
"Precipitation Amount","1974 September","Dublin Airport","Millimetres","116"
"Precipitation Amount","1974 September","Mullingar","Millimetres","129.6"
"Precipitation Amount","1974 September","Cork Airport","Millimetres","187.4"
"Precipitation Amount","1974 September","Casement","Millimetres","99.9"
"Precipitation Amount","1974 September","Phoenix Park","Millimetres",""
"Precipitation Amount","1974 September","Roches Point","Millimetres",""
"Precipitation Amount","1974 September","Markree","Millimetres",""
"Precipitation Amount","1974 October","Malin Head","Millimetres","63"
"Precipitation Amount","1974 October","Claremorris","Millimetres","47.1"
"Precipitation Amount","1974 October","Valentia Observatory","Millimetres","75.7"
"Precipitation Amount","1974 October","Belmullet","Millimetres","82.4"
"Precipitation Amount","1974 October","Shannon Airport","Millimetres","53.7"
"Precipitation Amount","1974 October","Dublin Airport","Millimetres","26.6"
"Precipitation Amount","1974 October","Mullingar","Millimetres","53.9"
"Precipitation Amount","1974 October","Cork Airport","Millimetres","31.5"
"Precipitation Amount","1974 October","Casement","Millimetres","34.9"
"Precipitation Amount","1974 October","Phoenix Park","Millimetres",""
"Precipitation Amount","1974 October","Roches Point","Millimetres",""
"Precipitation Amount","1974 October","Markree","Millimetres",""
"Precipitation Amount","1974 November","Malin Head","Millimetres","130"
"Precipitation Amount","1974 November","Claremorris","Millimetres","113.9"
"Precipitation Amount","1974 November","Valentia Observatory","Millimetres","109.5"
"Precipitation Amount","1974 November","Belmullet","Millimetres","127.8"
"Precipitation Amount","1974 November","Shannon Airport","Millimetres","97.3"
"Precipitation Amount","1974 November","Dublin Airport","Millimetres","57.7"
"Precipitation Amount","1974 November","Mullingar","Millimetres","94.3"
"Precipitation Amount","1974 November","Cork Airport","Millimetres","80.3"
"Precipitation Amount","1974 November","Casement","Millimetres","51.8"
"Precipitation Amount","1974 November","Phoenix Park","Millimetres",""
"Precipitation Amount","1974 November","Roches Point","Millimetres",""
"Precipitation Amount","1974 November","Markree","Millimetres",""
"Precipitation Amount","1974 December","Malin Head","Millimetres","132.8"
"Precipitation Amount","1974 December","Claremorris","Millimetres","118"
"Precipitation Amount","1974 December","Valentia Observatory","Millimetres","93.3"
"Precipitation Amount","1974 December","Belmullet","Millimetres","118.4"
"Precipitation Amount","1974 December","Shannon Airport","Millimetres","88.5"
"Precipitation Amount","1974 December","Dublin Airport","Millimetres","37.9"
"Precipitation Amount","1974 December","Mullingar","Millimetres","85.9"
"Precipitation Amount","1974 December","Cork Airport","Millimetres","68.6"
"Precipitation Amount","1974 December","Casement","Millimetres","40.7"
"Precipitation Amount","1974 December","Phoenix Park","Millimetres",""
"Precipitation Amount","1974 December","Roches Point","Millimetres",""
"Precipitation Amount","1974 December","Markree","Millimetres",""
"Precipitation Amount","1975 January","Malin Head","Millimetres","155.4"
"Precipitation Amount","1975 January","Claremorris","Millimetres","193.7"
"Precipitation Amount","1975 January","Valentia Observatory","Millimetres","209.9"
"Precipitation Amount","1975 January","Belmullet","Millimetres","210.7"
"Precipitation Amount","1975 January","Shannon Airport","Millimetres","125.5"
"Precipitation Amount","1975 January","Dublin Airport","Millimetres","82.6"
"Precipitation Amount","1975 January","Mullingar","Millimetres","154.2"
"Precipitation Amount","1975 January","Cork Airport","Millimetres","162.8"
"Precipitation Amount","1975 January","Casement","Millimetres","121.9"
"Precipitation Amount","1975 January","Phoenix Park","Millimetres",""
"Precipitation Amount","1975 January","Roches Point","Millimetres",""
"Precipitation Amount","1975 January","Markree","Millimetres",""
"Precipitation Amount","1975 February","Malin Head","Millimetres","17.3"
"Precipitation Amount","1975 February","Claremorris","Millimetres","38.2"
"Precipitation Amount","1975 February","Valentia Observatory","Millimetres","80.4"
"Precipitation Amount","1975 February","Belmullet","Millimetres","28.7"
"Precipitation Amount","1975 February","Shannon Airport","Millimetres","41.7"
"Precipitation Amount","1975 February","Dublin Airport","Millimetres","26.2"
"Precipitation Amount","1975 February","Mullingar","Millimetres","31.7"
"Precipitation Amount","1975 February","Cork Airport","Millimetres","56.2"
"Precipitation Amount","1975 February","Casement","Millimetres","20"
"Precipitation Amount","1975 February","Phoenix Park","Millimetres",""
"Precipitation Amount","1975 February","Roches Point","Millimetres",""
"Precipitation Amount","1975 February","Markree","Millimetres",""
"Precipitation Amount","1975 March","Malin Head","Millimetres","60"
"Precipitation Amount","1975 March","Claremorris","Millimetres","52.2"
"Precipitation Amount","1975 March","Valentia Observatory","Millimetres","74.4"
"Precipitation Amount","1975 March","Belmullet","Millimetres","42.7"
"Precipitation Amount","1975 March","Shannon Airport","Millimetres","43.9"
"Precipitation Amount","1975 March","Dublin Airport","Millimetres","43.3"
"Precipitation Amount","1975 March","Mullingar","Millimetres","29.8"
"Precipitation Amount","1975 March","Cork Airport","Millimetres","34"
"Precipitation Amount","1975 March","Casement","Millimetres","31.1"
"Precipitation Amount","1975 March","Phoenix Park","Millimetres",""
"Precipitation Amount","1975 March","Roches Point","Millimetres",""
"Precipitation Amount","1975 March","Markree","Millimetres",""
"Precipitation Amount","1975 April","Malin Head","Millimetres","62.5"
"Precipitation Amount","1975 April","Claremorris","Millimetres","60.6"
"Precipitation Amount","1975 April","Valentia Observatory","Millimetres","97.2"
"Precipitation Amount","1975 April","Belmullet","Millimetres","60.9"
"Precipitation Amount","1975 April","Shannon Airport","Millimetres","58"
"Precipitation Amount","1975 April","Dublin Airport","Millimetres","42.8"
"Precipitation Amount","1975 April","Mullingar","Millimetres","53.2"
"Precipitation Amount","1975 April","Cork Airport","Millimetres","42.6"
"Precipitation Amount","1975 April","Casement","Millimetres","48.2"
"Precipitation Amount","1975 April","Phoenix Park","Millimetres",""
"Precipitation Amount","1975 April","Roches Point","Millimetres",""
"Precipitation Amount","1975 April","Markree","Millimetres",""
"Precipitation Amount","1975 May","Malin Head","Millimetres","15.7"
"Precipitation Amount","1975 May","Claremorris","Millimetres","17.6"
"Precipitation Amount","1975 May","Valentia Observatory","Millimetres","29.4"
"Precipitation Amount","1975 May","Belmullet","Millimetres","14.9"
"Precipitation Amount","1975 May","Shannon Airport","Millimetres","28.6"
"Precipitation Amount","1975 May","Dublin Airport","Millimetres","43.4"
"Precipitation Amount","1975 May","Mullingar","Millimetres","32"
"Precipitation Amount","1975 May","Cork Airport","Millimetres","32.3"
"Precipitation Amount","1975 May","Casement","Millimetres","44.3"
"Precipitation Amount","1975 May","Phoenix Park","Millimetres",""
"Precipitation Amount","1975 May","Roches Point","Millimetres",""
"Precipitation Amount","1975 May","Markree","Millimetres",""
"Precipitation Amount","1975 June","Malin Head","Millimetres","29.3"
"Precipitation Amount","1975 June","Claremorris","Millimetres","21.8"
"Precipitation Amount","1975 June","Valentia Observatory","Millimetres","18"
"Precipitation Amount","1975 June","Belmullet","Millimetres","29.4"
"Precipitation Amount","1975 June","Shannon Airport","Millimetres","15.7"
"Precipitation Amount","1975 June","Dublin Airport","Millimetres","14.9"
"Precipitation Amount","1975 June","Mullingar","Millimetres","18.9"
"Precipitation Amount","1975 June","Cork Airport","Millimetres","20.2"
"Precipitation Amount","1975 June","Casement","Millimetres","5.6"
"Precipitation Amount","1975 June","Phoenix Park","Millimetres",""
"Precipitation Amount","1975 June","Roches Point","Millimetres",""
"Precipitation Amount","1975 June","Markree","Millimetres",""
"Precipitation Amount","1975 July","Malin Head","Millimetres","85.1"
"Precipitation Amount","1975 July","Claremorris","Millimetres","115.6"
"Precipitation Amount","1975 July","Valentia Observatory","Millimetres","80.9"
"Precipitation Amount","1975 July","Belmullet","Millimetres","87.8"
"Precipitation Amount","1975 July","Shannon Airport","Millimetres","75.7"
"Precipitation Amount","1975 July","Dublin Airport","Millimetres","27.8"
"Precipitation Amount","1975 July","Mullingar","Millimetres","55.2"
"Precipitation Amount","1975 July","Cork Airport","Millimetres","186.3"
"Precipitation Amount","1975 July","Casement","Millimetres","36.4"
"Precipitation Amount","1975 July","Phoenix Park","Millimetres",""
"Precipitation Amount","1975 July","Roches Point","Millimetres",""
"Precipitation Amount","1975 July","Markree","Millimetres",""
"Precipitation Amount","1975 August","Malin Head","Millimetres","58.3"
"Precipitation Amount","1975 August","Claremorris","Millimetres","63.8"
"Precipitation Amount","1975 August","Valentia Observatory","Millimetres","34.7"
"Precipitation Amount","1975 August","Belmullet","Millimetres","70.4"
"Precipitation Amount","1975 August","Shannon Airport","Millimetres","37.6"
"Precipitation Amount","1975 August","Dublin Airport","Millimetres","35.9"
"Precipitation Amount","1975 August","Mullingar","Millimetres","34.4"
"Precipitation Amount","1975 August","Cork Airport","Millimetres","42.4"
"Precipitation Amount","1975 August","Casement","Millimetres","30"
"Precipitation Amount","1975 August","Phoenix Park","Millimetres",""
"Precipitation Amount","1975 August","Roches Point","Millimetres",""
"Precipitation Amount","1975 August","Markree","Millimetres",""
"Precipitation Amount","1975 September","Malin Head","Millimetres","122"
"Precipitation Amount","1975 September","Claremorris","Millimetres","137.4"
"Precipitation Amount","1975 September","Valentia Observatory","Millimetres","160.2"
"Precipitation Amount","1975 September","Belmullet","Millimetres","139.8"
"Precipitation Amount","1975 September","Shannon Airport","Millimetres","145"
"Precipitation Amount","1975 September","Dublin Airport","Millimetres","124.3"
"Precipitation Amount","1975 September","Mullingar","Millimetres","122.9"
"Precipitation Amount","1975 September","Cork Airport","Millimetres","139.7"
"Precipitation Amount","1975 September","Casement","Millimetres","102.5"
"Precipitation Amount","1975 September","Phoenix Park","Millimetres",""
"Precipitation Amount","1975 September","Roches Point","Millimetres",""
"Precipitation Amount","1975 September","Markree","Millimetres",""
"Precipitation Amount","1975 October","Malin Head","Millimetres","91.8"
"Precipitation Amount","1975 October","Claremorris","Millimetres","165.7"
"Precipitation Amount","1975 October","Valentia Observatory","Millimetres","213.9"
"Precipitation Amount","1975 October","Belmullet","Millimetres","104.8"
"Precipitation Amount","1975 October","Shannon Airport","Millimetres","81.7"
"Precipitation Amount","1975 October","Dublin Airport","Millimetres","55.1"
"Precipitation Amount","1975 October","Mullingar","Millimetres","81.6"
"Precipitation Amount","1975 October","Cork Airport","Millimetres","204.7"
"Precipitation Amount","1975 October","Casement","Millimetres","47.3"
"Precipitation Amount","1975 October","Phoenix Park","Millimetres",""
"Precipitation Amount","1975 October","Roches Point","Millimetres",""
"Precipitation Amount","1975 October","Markree","Millimetres",""
"Precipitation Amount","1975 November","Malin Head","Millimetres","101.2"
"Precipitation Amount","1975 November","Claremorris","Millimetres","105.4"
"Precipitation Amount","1975 November","Valentia Observatory","Millimetres","126.9"
"Precipitation Amount","1975 November","Belmullet","Millimetres","95.8"
"Precipitation Amount","1975 November","Shannon Airport","Millimetres","83.9"
"Precipitation Amount","1975 November","Dublin Airport","Millimetres","54.3"
"Precipitation Amount","1975 November","Mullingar","Millimetres","73.9"
"Precipitation Amount","1975 November","Cork Airport","Millimetres","56.6"
"Precipitation Amount","1975 November","Casement","Millimetres","47.6"
"Precipitation Amount","1975 November","Phoenix Park","Millimetres",""
"Precipitation Amount","1975 November","Roches Point","Millimetres",""
"Precipitation Amount","1975 November","Markree","Millimetres",""
"Precipitation Amount","1975 December","Malin Head","Millimetres","65.3"
"Precipitation Amount","1975 December","Claremorris","Millimetres","87.1"
"Precipitation Amount","1975 December","Valentia Observatory","Millimetres","74.2"
"Precipitation Amount","1975 December","Belmullet","Millimetres","62"
"Precipitation Amount","1975 December","Shannon Airport","Millimetres","73.5"
"Precipitation Amount","1975 December","Dublin Airport","Millimetres","33.1"
"Precipitation Amount","1975 December","Mullingar","Millimetres","50.5"
"Precipitation Amount","1975 December","Cork Airport","Millimetres","31.1"
"Precipitation Amount","1975 December","Casement","Millimetres","38.2"
"Precipitation Amount","1975 December","Phoenix Park","Millimetres",""
"Precipitation Amount","1975 December","Roches Point","Millimetres",""
"Precipitation Amount","1975 December","Markree","Millimetres",""
"Precipitation Amount","1976 January","Malin Head","Millimetres","144.6"
"Precipitation Amount","1976 January","Claremorris","Millimetres","156.4"
"Precipitation Amount","1976 January","Valentia Observatory","Millimetres","96.3"
"Precipitation Amount","1976 January","Belmullet","Millimetres","133.2"
"Precipitation Amount","1976 January","Shannon Airport","Millimetres","126"
"Precipitation Amount","1976 January","Dublin Airport","Millimetres","66.1"
"Precipitation Amount","1976 January","Mullingar","Millimetres","89.6"
"Precipitation Amount","1976 January","Cork Airport","Millimetres","90.3"
"Precipitation Amount","1976 January","Casement","Millimetres","65.4"
"Precipitation Amount","1976 January","Phoenix Park","Millimetres",""
"Precipitation Amount","1976 January","Roches Point","Millimetres",""
"Precipitation Amount","1976 January","Markree","Millimetres",""
"Precipitation Amount","1976 February","Malin Head","Millimetres","48.7"
"Precipitation Amount","1976 February","Claremorris","Millimetres","49.1"
"Precipitation Amount","1976 February","Valentia Observatory","Millimetres","81.7"
"Precipitation Amount","1976 February","Belmullet","Millimetres","51.8"
"Precipitation Amount","1976 February","Shannon Airport","Millimetres","57.9"
"Precipitation Amount","1976 February","Dublin Airport","Millimetres","29.3"
"Precipitation Amount","1976 February","Mullingar","Millimetres","52.9"
"Precipitation Amount","1976 February","Cork Airport","Millimetres","67"
"Precipitation Amount","1976 February","Casement","Millimetres","37"
"Precipitation Amount","1976 February","Phoenix Park","Millimetres",""
"Precipitation Amount","1976 February","Roches Point","Millimetres",""
"Precipitation Amount","1976 February","Markree","Millimetres",""
"Precipitation Amount","1976 March","Malin Head","Millimetres","65.7"
"Precipitation Amount","1976 March","Claremorris","Millimetres","104.4"
"Precipitation Amount","1976 March","Valentia Observatory","Millimetres","189.6"
"Precipitation Amount","1976 March","Belmullet","Millimetres","114"
"Precipitation Amount","1976 March","Shannon Airport","Millimetres","59"
"Precipitation Amount","1976 March","Dublin Airport","Millimetres","65.8"
"Precipitation Amount","1976 March","Mullingar","Millimetres","71.4"
"Precipitation Amount","1976 March","Cork Airport","Millimetres","111"
"Precipitation Amount","1976 March","Casement","Millimetres","45.8"
"Precipitation Amount","1976 March","Phoenix Park","Millimetres",""
"Precipitation Amount","1976 March","Roches Point","Millimetres",""
"Precipitation Amount","1976 March","Markree","Millimetres",""
"Precipitation Amount","1976 April","Malin Head","Millimetres","21.3"
"Precipitation Amount","1976 April","Claremorris","Millimetres","37"
"Precipitation Amount","1976 April","Valentia Observatory","Millimetres","34.4"
"Precipitation Amount","1976 April","Belmullet","Millimetres","30.2"
"Precipitation Amount","1976 April","Shannon Airport","Millimetres","21.4"
"Precipitation Amount","1976 April","Dublin Airport","Millimetres","17.7"
"Precipitation Amount","1976 April","Mullingar","Millimetres","27.5"
"Precipitation Amount","1976 April","Cork Airport","Millimetres","20.7"
"Precipitation Amount","1976 April","Casement","Millimetres","22.5"
"Precipitation Amount","1976 April","Phoenix Park","Millimetres",""
"Precipitation Amount","1976 April","Roches Point","Millimetres",""
"Precipitation Amount","1976 April","Markree","Millimetres",""
"Precipitation Amount","1976 May","Malin Head","Millimetres","114.6"
"Precipitation Amount","1976 May","Claremorris","Millimetres","102"
"Precipitation Amount","1976 May","Valentia Observatory","Millimetres","125.6"
"Precipitation Amount","1976 May","Belmullet","Millimetres","116.3"
"Precipitation Amount","1976 May","Shannon Airport","Millimetres","65.3"
"Precipitation Amount","1976 May","Dublin Airport","Millimetres","47.7"
"Precipitation Amount","1976 May","Mullingar","Millimetres","122"
"Precipitation Amount","1976 May","Cork Airport","Millimetres","113.1"
"Precipitation Amount","1976 May","Casement","Millimetres","70"
"Precipitation Amount","1976 May","Phoenix Park","Millimetres",""
"Precipitation Amount","1976 May","Roches Point","Millimetres",""
"Precipitation Amount","1976 May","Markree","Millimetres",""
"Precipitation Amount","1976 June","Malin Head","Millimetres","54.2"
"Precipitation Amount","1976 June","Claremorris","Millimetres","63.6"
"Precipitation Amount","1976 June","Valentia Observatory","Millimetres","111.5"
"Precipitation Amount","1976 June","Belmullet","Millimetres","59.2"
"Precipitation Amount","1976 June","Shannon Airport","Millimetres","34.4"
"Precipitation Amount","1976 June","Dublin Airport","Millimetres","22.5"
"Precipitation Amount","1976 June","Mullingar","Millimetres","35.6"
"Precipitation Amount","1976 June","Cork Airport","Millimetres","51.6"
"Precipitation Amount","1976 June","Casement","Millimetres","20.7"
"Precipitation Amount","1976 June","Phoenix Park","Millimetres",""
"Precipitation Amount","1976 June","Roches Point","Millimetres",""
"Precipitation Amount","1976 June","Markree","Millimetres",""
"Precipitation Amount","1976 July","Malin Head","Millimetres","93"
"Precipitation Amount","1976 July","Claremorris","Millimetres","75.3"
"Precipitation Amount","1976 July","Valentia Observatory","Millimetres","73.7"
"Precipitation Amount","1976 July","Belmullet","Millimetres","59.6"
"Precipitation Amount","1976 July","Shannon Airport","Millimetres","59.5"
"Precipitation Amount","1976 July","Dublin Airport","Millimetres","82.8"
"Precipitation Amount","1976 July","Mullingar","Millimetres","47.9"
"Precipitation Amount","1976 July","Cork Airport","Millimetres","92.8"
"Precipitation Amount","1976 July","Casement","Millimetres","52.4"
"Precipitation Amount","1976 July","Phoenix Park","Millimetres",""
"Precipitation Amount","1976 July","Roches Point","Millimetres",""
"Precipitation Amount","1976 July","Markree","Millimetres",""
"Precipitation Amount","1976 August","Malin Head","Millimetres","19.4"
"Precipitation Amount","1976 August","Claremorris","Millimetres","6.9"
"Precipitation Amount","1976 August","Valentia Observatory","Millimetres","16.4"
"Precipitation Amount","1976 August","Belmullet","Millimetres","12"
"Precipitation Amount","1976 August","Shannon Airport","Millimetres","13.5"
"Precipitation Amount","1976 August","Dublin Airport","Millimetres","6.6"
"Precipitation Amount","1976 August","Mullingar","Millimetres","7.7"
"Precipitation Amount","1976 August","Cork Airport","Millimetres","14"
"Precipitation Amount","1976 August","Casement","Millimetres","4.2"
"Precipitation Amount","1976 August","Phoenix Park","Millimetres",""
"Precipitation Amount","1976 August","Roches Point","Millimetres",""
"Precipitation Amount","1976 August","Markree","Millimetres",""
"Precipitation Amount","1976 September","Malin Head","Millimetres","67"
"Precipitation Amount","1976 September","Claremorris","Millimetres","78.3"
"Precipitation Amount","1976 September","Valentia Observatory","Millimetres","171.3"
"Precipitation Amount","1976 September","Belmullet","Millimetres","63.8"
"Precipitation Amount","1976 September","Shannon Airport","Millimetres","93.1"
"Precipitation Amount","1976 September","Dublin Airport","Millimetres","144.3"
"Precipitation Amount","1976 September","Mullingar","Millimetres","107.3"
"Precipitation Amount","1976 September","Cork Airport","Millimetres","106.9"
"Precipitation Amount","1976 September","Casement","Millimetres","138.1"
"Precipitation Amount","1976 September","Phoenix Park","Millimetres",""
"Precipitation Amount","1976 September","Roches Point","Millimetres",""
"Precipitation Amount","1976 September","Markree","Millimetres",""
"Precipitation Amount","1976 October","Malin Head","Millimetres","136.5"
"Precipitation Amount","1976 October","Claremorris","Millimetres","132.4"
"Precipitation Amount","1976 October","Valentia Observatory","Millimetres","187.6"
"Precipitation Amount","1976 October","Belmullet","Millimetres","102.6"
"Precipitation Amount","1976 October","Shannon Airport","Millimetres","136.3"
"Precipitation Amount","1976 October","Dublin Airport","Millimetres","156.7"
"Precipitation Amount","1976 October","Mullingar","Millimetres","139.2"
"Precipitation Amount","1976 October","Cork Airport","Millimetres","209.8"
"Precipitation Amount","1976 October","Casement","Millimetres","118.9"
"Precipitation Amount","1976 October","Phoenix Park","Millimetres",""
"Precipitation Amount","1976 October","Roches Point","Millimetres",""
"Precipitation Amount","1976 October","Markree","Millimetres",""
"Precipitation Amount","1976 November","Malin Head","Millimetres","123.9"
"Precipitation Amount","1976 November","Claremorris","Millimetres","99.4"
"Precipitation Amount","1976 November","Valentia Observatory","Millimetres","169.6"
"Precipitation Amount","1976 November","Belmullet","Millimetres","136.2"
"Precipitation Amount","1976 November","Shannon Airport","Millimetres","85.8"
"Precipitation Amount","1976 November","Dublin Airport","Millimetres","39.1"
"Precipitation Amount","1976 November","Mullingar","Millimetres","65.5"
"Precipitation Amount","1976 November","Cork Airport","Millimetres","104.2"
"Precipitation Amount","1976 November","Casement","Millimetres","35.5"
"Precipitation Amount","1976 November","Phoenix Park","Millimetres",""
"Precipitation Amount","1976 November","Roches Point","Millimetres",""
"Precipitation Amount","1976 November","Markree","Millimetres",""
"Precipitation Amount","1976 December","Malin Head","Millimetres","93.3"
"Precipitation Amount","1976 December","Claremorris","Millimetres","133.1"
"Precipitation Amount","1976 December","Valentia Observatory","Millimetres","189.3"
"Precipitation Amount","1976 December","Belmullet","Millimetres","116.3"
"Precipitation Amount","1976 December","Shannon Airport","Millimetres","111.6"
"Precipitation Amount","1976 December","Dublin Airport","Millimetres","48"
"Precipitation Amount","1976 December","Mullingar","Millimetres","52.7"
"Precipitation Amount","1976 December","Cork Airport","Millimetres","147.5"
"Precipitation Amount","1976 December","Casement","Millimetres","52"
"Precipitation Amount","1976 December","Phoenix Park","Millimetres",""
"Precipitation Amount","1976 December","Roches Point","Millimetres",""
"Precipitation Amount","1976 December","Markree","Millimetres",""
"Precipitation Amount","1977 January","Malin Head","Millimetres","68.2"
"Precipitation Amount","1977 January","Claremorris","Millimetres","91.2"
"Precipitation Amount","1977 January","Valentia Observatory","Millimetres","173.1"
"Precipitation Amount","1977 January","Belmullet","Millimetres","109.6"
"Precipitation Amount","1977 January","Shannon Airport","Millimetres","50.5"
"Precipitation Amount","1977 January","Dublin Airport","Millimetres","57.8"
"Precipitation Amount","1977 January","Mullingar","Millimetres","75.4"
"Precipitation Amount","1977 January","Cork Airport","Millimetres","162.1"
"Precipitation Amount","1977 January","Casement","Millimetres","66.7"
"Precipitation Amount","1977 January","Phoenix Park","Millimetres",""
"Precipitation Amount","1977 January","Roches Point","Millimetres",""
"Precipitation Amount","1977 January","Markree","Millimetres",""
"Precipitation Amount","1977 February","Malin Head","Millimetres","151.1"
"Precipitation Amount","1977 February","Claremorris","Millimetres","109.7"
"Precipitation Amount","1977 February","Valentia Observatory","Millimetres","191.6"
"Precipitation Amount","1977 February","Belmullet","Millimetres","82.9"
"Precipitation Amount","1977 February","Shannon Airport","Millimetres","102.6"
"Precipitation Amount","1977 February","Dublin Airport","Millimetres","124.4"
"Precipitation Amount","1977 February","Mullingar","Millimetres","137.3"
"Precipitation Amount","1977 February","Cork Airport","Millimetres","237.1"
"Precipitation Amount","1977 February","Casement","Millimetres","110.7"
"Precipitation Amount","1977 February","Phoenix Park","Millimetres",""
"Precipitation Amount","1977 February","Roches Point","Millimetres",""
"Precipitation Amount","1977 February","Markree","Millimetres",""
"Precipitation Amount","1977 March","Malin Head","Millimetres","64.4"
"Precipitation Amount","1977 March","Claremorris","Millimetres","123"
"Precipitation Amount","1977 March","Valentia Observatory","Millimetres","206.8"
"Precipitation Amount","1977 March","Belmullet","Millimetres","135.1"
"Precipitation Amount","1977 March","Shannon Airport","Millimetres","67.9"
"Precipitation Amount","1977 March","Dublin Airport","Millimetres","57.3"
"Precipitation Amount","1977 March","Mullingar","Millimetres","94.1"
"Precipitation Amount","1977 March","Cork Airport","Millimetres","149.9"
"Precipitation Amount","1977 March","Casement","Millimetres","59"
"Precipitation Amount","1977 March","Phoenix Park","Millimetres",""
"Precipitation Amount","1977 March","Roches Point","Millimetres",""
"Precipitation Amount","1977 March","Markree","Millimetres",""
"Precipitation Amount","1977 April","Malin Head","Millimetres","88.9"
"Precipitation Amount","1977 April","Claremorris","Millimetres","104.8"
"Precipitation Amount","1977 April","Valentia Observatory","Millimetres","74.7"
"Precipitation Amount","1977 April","Belmullet","Millimetres","68"
"Precipitation Amount","1977 April","Shannon Airport","Millimetres","75.2"
"Precipitation Amount","1977 April","Dublin Airport","Millimetres","43.4"
"Precipitation Amount","1977 April","Mullingar","Millimetres","93.2"
"Precipitation Amount","1977 April","Cork Airport","Millimetres","39.9"
"Precipitation Amount","1977 April","Casement","Millimetres","55.3"
"Precipitation Amount","1977 April","Phoenix Park","Millimetres",""
"Precipitation Amount","1977 April","Roches Point","Millimetres",""
"Precipitation Amount","1977 April","Markree","Millimetres",""
"Precipitation Amount","1977 May","Malin Head","Millimetres","30.9"
"Precipitation Amount","1977 May","Claremorris","Millimetres","19.9"
"Precipitation Amount","1977 May","Valentia Observatory","Millimetres","37.6"
"Precipitation Amount","1977 May","Belmullet","Millimetres","20.4"
"Precipitation Amount","1977 May","Shannon Airport","Millimetres","22.1"
"Precipitation Amount","1977 May","Dublin Airport","Millimetres","22.5"
"Precipitation Amount","1977 May","Mullingar","Millimetres","18.1"
"Precipitation Amount","1977 May","Cork Airport","Millimetres","40.9"
"Precipitation Amount","1977 May","Casement","Millimetres","14.8"
"Precipitation Amount","1977 May","Phoenix Park","Millimetres",""
"Precipitation Amount","1977 May","Roches Point","Millimetres",""
"Precipitation Amount","1977 May","Markree","Millimetres",""
"Precipitation Amount","1977 June","Malin Head","Millimetres","43.5"
"Precipitation Amount","1977 June","Claremorris","Millimetres","55.5"
"Precipitation Amount","1977 June","Valentia Observatory","Millimetres","55.3"
"Precipitation Amount","1977 June","Belmullet","Millimetres","44.2"
"Precipitation Amount","1977 June","Shannon Airport","Millimetres","44.3"
"Precipitation Amount","1977 June","Dublin Airport","Millimetres","65.5"
"Precipitation Amount","1977 June","Mullingar","Millimetres","83.9"
"Precipitation Amount","1977 June","Cork Airport","Millimetres","36.4"
"Precipitation Amount","1977 June","Casement","Millimetres","52.8"
"Precipitation Amount","1977 June","Phoenix Park","Millimetres",""
"Precipitation Amount","1977 June","Roches Point","Millimetres",""
"Precipitation Amount","1977 June","Markree","Millimetres",""
"Precipitation Amount","1977 July","Malin Head","Millimetres","79.1"
"Precipitation Amount","1977 July","Claremorris","Millimetres","54"
"Precipitation Amount","1977 July","Valentia Observatory","Millimetres","58.8"
"Precipitation Amount","1977 July","Belmullet","Millimetres","63.7"
"Precipitation Amount","1977 July","Shannon Airport","Millimetres","71.4"
"Precipitation Amount","1977 July","Dublin Airport","Millimetres","26.1"
"Precipitation Amount","1977 July","Mullingar","Millimetres","41.2"
"Precipitation Amount","1977 July","Cork Airport","Millimetres","30.1"
"Precipitation Amount","1977 July","Casement","Millimetres","37.2"
"Precipitation Amount","1977 July","Phoenix Park","Millimetres",""
"Precipitation Amount","1977 July","Roches Point","Millimetres",""
"Precipitation Amount","1977 July","Markree","Millimetres",""
"Precipitation Amount","1977 August","Malin Head","Millimetres","57.1"
"Precipitation Amount","1977 August","Claremorris","Millimetres","105.7"
"Precipitation Amount","1977 August","Valentia Observatory","Millimetres","50"
"Precipitation Amount","1977 August","Belmullet","Millimetres","140.4"
"Precipitation Amount","1977 August","Shannon Airport","Millimetres","93.1"
"Precipitation Amount","1977 August","Dublin Airport","Millimetres","68.1"
"Precipitation Amount","1977 August","Mullingar","Millimetres","76"
"Precipitation Amount","1977 August","Cork Airport","Millimetres","125"
"Precipitation Amount","1977 August","Casement","Millimetres","97"
"Precipitation Amount","1977 August","Phoenix Park","Millimetres",""
"Precipitation Amount","1977 August","Roches Point","Millimetres",""
"Precipitation Amount","1977 August","Markree","Millimetres",""
"Precipitation Amount","1977 September","Malin Head","Millimetres","120.6"
"Precipitation Amount","1977 September","Claremorris","Millimetres","60.4"
"Precipitation Amount","1977 September","Valentia Observatory","Millimetres","81.7"
"Precipitation Amount","1977 September","Belmullet","Millimetres","64.4"
"Precipitation Amount","1977 September","Shannon Airport","Millimetres","70.4"
"Precipitation Amount","1977 September","Dublin Airport","Millimetres","29.2"
"Precipitation Amount","1977 September","Mullingar","Millimetres","60.9"
"Precipitation Amount","1977 September","Cork Airport","Millimetres","69.7"
"Precipitation Amount","1977 September","Casement","Millimetres","31.3"
"Precipitation Amount","1977 September","Phoenix Park","Millimetres",""
"Precipitation Amount","1977 September","Roches Point","Millimetres",""
"Precipitation Amount","1977 September","Markree","Millimetres",""
"Precipitation Amount","1977 October","Malin Head","Millimetres","99.5"
"Precipitation Amount","1977 October","Claremorris","Millimetres","187.1"
"Precipitation Amount","1977 October","Valentia Observatory","Millimetres","313.1"
"Precipitation Amount","1977 October","Belmullet","Millimetres","180"
"Precipitation Amount","1977 October","Shannon Airport","Millimetres","88.3"
"Precipitation Amount","1977 October","Dublin Airport","Millimetres","76.5"
"Precipitation Amount","1977 October","Mullingar","Millimetres","91.9"
"Precipitation Amount","1977 October","Cork Airport","Millimetres","222.3"
"Precipitation Amount","1977 October","Casement","Millimetres","112.4"
"Precipitation Amount","1977 October","Phoenix Park","Millimetres",""
"Precipitation Amount","1977 October","Roches Point","Millimetres",""
"Precipitation Amount","1977 October","Markree","Millimetres",""
"Precipitation Amount","1977 November","Malin Head","Millimetres","161"
"Precipitation Amount","1977 November","Claremorris","Millimetres","183.1"
"Precipitation Amount","1977 November","Valentia Observatory","Millimetres","146.3"
"Precipitation Amount","1977 November","Belmullet","Millimetres","125"
"Precipitation Amount","1977 November","Shannon Airport","Millimetres","145.7"
"Precipitation Amount","1977 November","Dublin Airport","Millimetres","53.8"
"Precipitation Amount","1977 November","Mullingar","Millimetres","107.9"
"Precipitation Amount","1977 November","Cork Airport","Millimetres","92.3"
"Precipitation Amount","1977 November","Casement","Millimetres","62"
"Precipitation Amount","1977 November","Phoenix Park","Millimetres",""
"Precipitation Amount","1977 November","Roches Point","Millimetres",""
"Precipitation Amount","1977 November","Markree","Millimetres",""
"Precipitation Amount","1977 December","Malin Head","Millimetres","63.2"
"Precipitation Amount","1977 December","Claremorris","Millimetres","84.7"
"Precipitation Amount","1977 December","Valentia Observatory","Millimetres","152.8"
"Precipitation Amount","1977 December","Belmullet","Millimetres","70.1"
"Precipitation Amount","1977 December","Shannon Airport","Millimetres","71.4"
"Precipitation Amount","1977 December","Dublin Airport","Millimetres","65.1"
"Precipitation Amount","1977 December","Mullingar","Millimetres","76.2"
"Precipitation Amount","1977 December","Cork Airport","Millimetres","204"
"Precipitation Amount","1977 December","Casement","Millimetres","65.3"
"Precipitation Amount","1977 December","Phoenix Park","Millimetres",""
"Precipitation Amount","1977 December","Roches Point","Millimetres",""
"Precipitation Amount","1977 December","Markree","Millimetres",""
"Precipitation Amount","1978 January","Malin Head","Millimetres","162.6"
"Precipitation Amount","1978 January","Claremorris","Millimetres","128.2"
"Precipitation Amount","1978 January","Valentia Observatory","Millimetres","165.2"
"Precipitation Amount","1978 January","Belmullet","Millimetres","115"
"Precipitation Amount","1978 January","Shannon Airport","Millimetres","89.5"
"Precipitation Amount","1978 January","Dublin Airport","Millimetres","59.4"
"Precipitation Amount","1978 January","Mullingar","Millimetres","96.2"
"Precipitation Amount","1978 January","Cork Airport","Millimetres","106.4"
"Precipitation Amount","1978 January","Casement","Millimetres","65.1"
"Precipitation Amount","1978 January","Phoenix Park","Millimetres",""
"Precipitation Amount","1978 January","Roches Point","Millimetres",""
"Precipitation Amount","1978 January","Markree","Millimetres",""
"Precipitation Amount","1978 February","Malin Head","Millimetres","58"
"Precipitation Amount","1978 February","Claremorris","Millimetres","76"
"Precipitation Amount","1978 February","Valentia Observatory","Millimetres","129.8"
"Precipitation Amount","1978 February","Belmullet","Millimetres","68.8"
"Precipitation Amount","1978 February","Shannon Airport","Millimetres","68.9"
"Precipitation Amount","1978 February","Dublin Airport","Millimetres","50.3"
"Precipitation Amount","1978 February","Mullingar","Millimetres","71.6"
"Precipitation Amount","1978 February","Cork Airport","Millimetres","166.1"
"Precipitation Amount","1978 February","Casement","Millimetres","44.2"
"Precipitation Amount","1978 February","Phoenix Park","Millimetres",""
"Precipitation Amount","1978 February","Roches Point","Millimetres",""
"Precipitation Amount","1978 February","Markree","Millimetres",""
"Precipitation Amount","1978 March","Malin Head","Millimetres","133.3"
"Precipitation Amount","1978 March","Claremorris","Millimetres","170"
"Precipitation Amount","1978 March","Valentia Observatory","Millimetres","201.9"
"Precipitation Amount","1978 March","Belmullet","Millimetres","153.8"
"Precipitation Amount","1978 March","Shannon Airport","Millimetres","120.2"
"Precipitation Amount","1978 March","Dublin Airport","Millimetres","63"
"Precipitation Amount","1978 March","Mullingar","Millimetres","116"
"Precipitation Amount","1978 March","Cork Airport","Millimetres","100.6"
"Precipitation Amount","1978 March","Casement","Millimetres","53.2"
"Precipitation Amount","1978 March","Phoenix Park","Millimetres",""
"Precipitation Amount","1978 March","Roches Point","Millimetres",""
"Precipitation Amount","1978 March","Markree","Millimetres",""
"Precipitation Amount","1978 April","Malin Head","Millimetres","25.4"
"Precipitation Amount","1978 April","Claremorris","Millimetres","42.1"
"Precipitation Amount","1978 April","Valentia Observatory","Millimetres","66.1"
"Precipitation Amount","1978 April","Belmullet","Millimetres","25.4"
"Precipitation Amount","1978 April","Shannon Airport","Millimetres","80"
"Precipitation Amount","1978 April","Dublin Airport","Millimetres","29.6"
"Precipitation Amount","1978 April","Mullingar","Millimetres","37.8"
"Precipitation Amount","1978 April","Cork Airport","Millimetres","99"
"Precipitation Amount","1978 April","Casement","Millimetres","23"
"Precipitation Amount","1978 April","Phoenix Park","Millimetres",""
"Precipitation Amount","1978 April","Roches Point","Millimetres",""
"Precipitation Amount","1978 April","Markree","Millimetres",""
"Precipitation Amount","1978 May","Malin Head","Millimetres","30.9"
"Precipitation Amount","1978 May","Claremorris","Millimetres","16.7"
"Precipitation Amount","1978 May","Valentia Observatory","Millimetres","23.7"
"Precipitation Amount","1978 May","Belmullet","Millimetres","38.5"
"Precipitation Amount","1978 May","Shannon Airport","Millimetres","16.7"
"Precipitation Amount","1978 May","Dublin Airport","Millimetres","27.3"
"Precipitation Amount","1978 May","Mullingar","Millimetres","11.8"
"Precipitation Amount","1978 May","Cork Airport","Millimetres","25.8"
"Precipitation Amount","1978 May","Casement","Millimetres","22.4"
"Precipitation Amount","1978 May","Phoenix Park","Millimetres",""
"Precipitation Amount","1978 May","Roches Point","Millimetres",""
"Precipitation Amount","1978 May","Markree","Millimetres",""
"Precipitation Amount","1978 June","Malin Head","Millimetres","55.7"
"Precipitation Amount","1978 June","Claremorris","Millimetres","48.9"
"Precipitation Amount","1978 June","Valentia Observatory","Millimetres","88.8"
"Precipitation Amount","1978 June","Belmullet","Millimetres","67.4"
"Precipitation Amount","1978 June","Shannon Airport","Millimetres","46.3"
"Precipitation Amount","1978 June","Dublin Airport","Millimetres","37.1"
"Precipitation Amount","1978 June","Mullingar","Millimetres","57.9"
"Precipitation Amount","1978 June","Cork Airport","Millimetres","59.9"
"Precipitation Amount","1978 June","Casement","Millimetres","52.3"
"Precipitation Amount","1978 June","Phoenix Park","Millimetres",""
"Precipitation Amount","1978 June","Roches Point","Millimetres",""
"Precipitation Amount","1978 June","Markree","Millimetres",""
"Precipitation Amount","1978 July","Malin Head","Millimetres","39.5"
"Precipitation Amount","1978 July","Claremorris","Millimetres","65.1"
"Precipitation Amount","1978 July","Valentia Observatory","Millimetres","97.5"
"Precipitation Amount","1978 July","Belmullet","Millimetres","60.5"
"Precipitation Amount","1978 July","Shannon Airport","Millimetres","82.1"
"Precipitation Amount","1978 July","Dublin Airport","Millimetres","50.5"
"Precipitation Amount","1978 July","Mullingar","Millimetres","79.2"
"Precipitation Amount","1978 July","Cork Airport","Millimetres","82.9"
"Precipitation Amount","1978 July","Casement","Millimetres","43.5"
"Precipitation Amount","1978 July","Phoenix Park","Millimetres",""
"Precipitation Amount","1978 July","Roches Point","Millimetres",""
"Precipitation Amount","1978 July","Markree","Millimetres",""
"Precipitation Amount","1978 August","Malin Head","Millimetres","76.1"
"Precipitation Amount","1978 August","Claremorris","Millimetres","64.7"
"Precipitation Amount","1978 August","Valentia Observatory","Millimetres","179.5"
"Precipitation Amount","1978 August","Belmullet","Millimetres","80"
"Precipitation Amount","1978 August","Shannon Airport","Millimetres","94.6"
"Precipitation Amount","1978 August","Dublin Airport","Millimetres","116.7"
"Precipitation Amount","1978 August","Mullingar","Millimetres","60"
"Precipitation Amount","1978 August","Cork Airport","Millimetres","114.1"
"Precipitation Amount","1978 August","Casement","Millimetres","90.3"
"Precipitation Amount","1978 August","Phoenix Park","Millimetres",""
"Precipitation Amount","1978 August","Roches Point","Millimetres",""
"Precipitation Amount","1978 August","Markree","Millimetres",""
"Precipitation Amount","1978 September","Malin Head","Millimetres","168.2"
"Precipitation Amount","1978 September","Claremorris","Millimetres","111.3"
"Precipitation Amount","1978 September","Valentia Observatory","Millimetres","42.2"
"Precipitation Amount","1978 September","Belmullet","Millimetres","122.2"
"Precipitation Amount","1978 September","Shannon Airport","Millimetres","45.6"
"Precipitation Amount","1978 September","Dublin Airport","Millimetres","38.4"
"Precipitation Amount","1978 September","Mullingar","Millimetres","87.8"
"Precipitation Amount","1978 September","Cork Airport","Millimetres","44.7"
"Precipitation Amount","1978 September","Casement","Millimetres","50.4"
"Precipitation Amount","1978 September","Phoenix Park","Millimetres",""
"Precipitation Amount","1978 September","Roches Point","Millimetres",""
"Precipitation Amount","1978 September","Markree","Millimetres",""
"Precipitation Amount","1978 October","Malin Head","Millimetres","70.2"
"Precipitation Amount","1978 October","Claremorris","Millimetres","46.2"
"Precipitation Amount","1978 October","Valentia Observatory","Millimetres","59.6"
"Precipitation Amount","1978 October","Belmullet","Millimetres","70.1"
"Precipitation Amount","1978 October","Shannon Airport","Millimetres","46.6"
"Precipitation Amount","1978 October","Dublin Airport","Millimetres","31.8"
"Precipitation Amount","1978 October","Mullingar","Millimetres","41.9"
"Precipitation Amount","1978 October","Cork Airport","Millimetres","49.1"
"Precipitation Amount","1978 October","Casement","Millimetres","30"
"Precipitation Amount","1978 October","Phoenix Park","Millimetres",""
"Precipitation Amount","1978 October","Roches Point","Millimetres",""
"Precipitation Amount","1978 October","Markree","Millimetres",""
"Precipitation Amount","1978 November","Malin Head","Millimetres","149.6"
"Precipitation Amount","1978 November","Claremorris","Millimetres","151.2"
"Precipitation Amount","1978 November","Valentia Observatory","Millimetres","165.3"
"Precipitation Amount","1978 November","Belmullet","Millimetres","164.5"
"Precipitation Amount","1978 November","Shannon Airport","Millimetres","90.6"
"Precipitation Amount","1978 November","Dublin Airport","Millimetres","64.1"
"Precipitation Amount","1978 November","Mullingar","Millimetres","98.4"
"Precipitation Amount","1978 November","Cork Airport","Millimetres","96.2"
"Precipitation Amount","1978 November","Casement","Millimetres","73"
"Precipitation Amount","1978 November","Phoenix Park","Millimetres",""
"Precipitation Amount","1978 November","Roches Point","Millimetres",""
"Precipitation Amount","1978 November","Markree","Millimetres",""
"Precipitation Amount","1978 December","Malin Head","Millimetres","124.7"
"Precipitation Amount","1978 December","Claremorris","Millimetres","157"
"Precipitation Amount","1978 December","Valentia Observatory","Millimetres","290.1"
"Precipitation Amount","1978 December","Belmullet","Millimetres","146.3"
"Precipitation Amount","1978 December","Shannon Airport","Millimetres","114.7"
"Precipitation Amount","1978 December","Dublin Airport","Millimetres","217"
"Precipitation Amount","1978 December","Mullingar","Millimetres","158.6"
"Precipitation Amount","1978 December","Cork Airport","Millimetres","265"
"Precipitation Amount","1978 December","Casement","Millimetres","168.8"
"Precipitation Amount","1978 December","Phoenix Park","Millimetres",""
"Precipitation Amount","1978 December","Roches Point","Millimetres",""
"Precipitation Amount","1978 December","Markree","Millimetres",""
"Precipitation Amount","1979 January","Malin Head","Millimetres","143"
"Precipitation Amount","1979 January","Claremorris","Millimetres","77.2"
"Precipitation Amount","1979 January","Valentia Observatory","Millimetres","128.3"
"Precipitation Amount","1979 January","Belmullet","Millimetres","120.7"
"Precipitation Amount","1979 January","Shannon Airport","Millimetres","75.3"
"Precipitation Amount","1979 January","Dublin Airport","Millimetres","42.3"
"Precipitation Amount","1979 January","Mullingar","Millimetres","57"
"Precipitation Amount","1979 January","Cork Airport","Millimetres","112.2"
"Precipitation Amount","1979 January","Casement","Millimetres","29.7"
"Precipitation Amount","1979 January","Phoenix Park","Millimetres",""
"Precipitation Amount","1979 January","Roches Point","Millimetres",""
"Precipitation Amount","1979 January","Markree","Millimetres",""
"Precipitation Amount","1979 February","Malin Head","Millimetres","24.2"
"Precipitation Amount","1979 February","Claremorris","Millimetres","58.8"
"Precipitation Amount","1979 February","Valentia Observatory","Millimetres","149.1"
"Precipitation Amount","1979 February","Belmullet","Millimetres","42.9"
"Precipitation Amount","1979 February","Shannon Airport","Millimetres","64.7"
"Precipitation Amount","1979 February","Dublin Airport","Millimetres","83.4"
"Precipitation Amount","1979 February","Mullingar","Millimetres","44.8"
"Precipitation Amount","1979 February","Cork Airport","Millimetres","191.8"
"Precipitation Amount","1979 February","Casement","Millimetres","64.5"
"Precipitation Amount","1979 February","Phoenix Park","Millimetres",""
"Precipitation Amount","1979 February","Roches Point","Millimetres",""
"Precipitation Amount","1979 February","Markree","Millimetres",""
"Precipitation Amount","1979 March","Malin Head","Millimetres","96.6"
"Precipitation Amount","1979 March","Claremorris","Millimetres","104.3"
"Precipitation Amount","1979 March","Valentia Observatory","Millimetres","120.5"
"Precipitation Amount","1979 March","Belmullet","Millimetres","121.6"
"Precipitation Amount","1979 March","Shannon Airport","Millimetres","94.2"
"Precipitation Amount","1979 March","Dublin Airport","Millimetres","63.7"
"Precipitation Amount","1979 March","Mullingar","Millimetres","85.9"
"Precipitation Amount","1979 March","Cork Airport","Millimetres","102.5"
"Precipitation Amount","1979 March","Casement","Millimetres","66.4"
"Precipitation Amount","1979 March","Phoenix Park","Millimetres",""
"Precipitation Amount","1979 March","Roches Point","Millimetres",""
"Precipitation Amount","1979 March","Markree","Millimetres",""
"Precipitation Amount","1979 April","Malin Head","Millimetres","53.3"
"Precipitation Amount","1979 April","Claremorris","Millimetres","57.3"
"Precipitation Amount","1979 April","Valentia Observatory","Millimetres","49"
"Precipitation Amount","1979 April","Belmullet","Millimetres","63.6"
"Precipitation Amount","1979 April","Shannon Airport","Millimetres","81.9"
"Precipitation Amount","1979 April","Dublin Airport","Millimetres","53.1"
"Precipitation Amount","1979 April","Mullingar","Millimetres","62"
"Precipitation Amount","1979 April","Cork Airport","Millimetres","39.6"
"Precipitation Amount","1979 April","Casement","Millimetres","55.6"
"Precipitation Amount","1979 April","Phoenix Park","Millimetres",""
"Precipitation Amount","1979 April","Roches Point","Millimetres",""
"Precipitation Amount","1979 April","Markree","Millimetres",""
"Precipitation Amount","1979 May","Malin Head","Millimetres","82.8"
"Precipitation Amount","1979 May","Claremorris","Millimetres","128.4"
"Precipitation Amount","1979 May","Valentia Observatory","Millimetres","127.9"
"Precipitation Amount","1979 May","Belmullet","Millimetres","123.4"
"Precipitation Amount","1979 May","Shannon Airport","Millimetres","112.8"
"Precipitation Amount","1979 May","Dublin Airport","Millimetres","82.2"
"Precipitation Amount","1979 May","Mullingar","Millimetres","108.8"
"Precipitation Amount","1979 May","Cork Airport","Millimetres","103.6"
"Precipitation Amount","1979 May","Casement","Millimetres","91.5"
"Precipitation Amount","1979 May","Phoenix Park","Millimetres",""
"Precipitation Amount","1979 May","Roches Point","Millimetres",""
"Precipitation Amount","1979 May","Markree","Millimetres",""
"Precipitation Amount","1979 June","Malin Head","Millimetres","68.5"
"Precipitation Amount","1979 June","Claremorris","Millimetres","41.7"
"Precipitation Amount","1979 June","Valentia Observatory","Millimetres","77.3"
"Precipitation Amount","1979 June","Belmullet","Millimetres","49"
"Precipitation Amount","1979 June","Shannon Airport","Millimetres","65.9"
"Precipitation Amount","1979 June","Dublin Airport","Millimetres","44"
"Precipitation Amount","1979 June","Mullingar","Millimetres","31.9"
"Precipitation Amount","1979 June","Cork Airport","Millimetres","67.3"
"Precipitation Amount","1979 June","Casement","Millimetres","51.2"
"Precipitation Amount","1979 June","Phoenix Park","Millimetres",""
"Precipitation Amount","1979 June","Roches Point","Millimetres",""
"Precipitation Amount","1979 June","Markree","Millimetres",""
"Precipitation Amount","1979 July","Malin Head","Millimetres","68"
"Precipitation Amount","1979 July","Claremorris","Millimetres","27"
"Precipitation Amount","1979 July","Valentia Observatory","Millimetres","38.7"
"Precipitation Amount","1979 July","Belmullet","Millimetres","53"
"Precipitation Amount","1979 July","Shannon Airport","Millimetres","21.8"
"Precipitation Amount","1979 July","Dublin Airport","Millimetres","47"
"Precipitation Amount","1979 July","Mullingar","Millimetres","44.9"
"Precipitation Amount","1979 July","Cork Airport","Millimetres","16.2"
"Precipitation Amount","1979 July","Casement","Millimetres","29.4"
"Precipitation Amount","1979 July","Phoenix Park","Millimetres",""
"Precipitation Amount","1979 July","Roches Point","Millimetres",""
"Precipitation Amount","1979 July","Markree","Millimetres",""
"Precipitation Amount","1979 August","Malin Head","Millimetres","84.6"
"Precipitation Amount","1979 August","Claremorris","Millimetres","159.6"
"Precipitation Amount","1979 August","Valentia Observatory","Millimetres","155.4"
"Precipitation Amount","1979 August","Belmullet","Millimetres","118.2"
"Precipitation Amount","1979 August","Shannon Airport","Millimetres","117.6"
"Precipitation Amount","1979 August","Dublin Airport","Millimetres","96.5"
"Precipitation Amount","1979 August","Mullingar","Millimetres","114.6"
"Precipitation Amount","1979 August","Cork Airport","Millimetres","88.8"
"Precipitation Amount","1979 August","Casement","Millimetres","70.6"
"Precipitation Amount","1979 August","Phoenix Park","Millimetres",""
"Precipitation Amount","1979 August","Roches Point","Millimetres",""
"Precipitation Amount","1979 August","Markree","Millimetres",""
"Precipitation Amount","1979 September","Malin Head","Millimetres","83.2"
"Precipitation Amount","1979 September","Claremorris","Millimetres","56.8"
"Precipitation Amount","1979 September","Valentia Observatory","Millimetres","99"
"Precipitation Amount","1979 September","Belmullet","Millimetres","84.6"
"Precipitation Amount","1979 September","Shannon Airport","Millimetres","70.1"
"Precipitation Amount","1979 September","Dublin Airport","Millimetres","41.5"
"Precipitation Amount","1979 September","Mullingar","Millimetres","66.6"
"Precipitation Amount","1979 September","Cork Airport","Millimetres","50.7"
"Precipitation Amount","1979 September","Casement","Millimetres","36.8"
"Precipitation Amount","1979 September","Phoenix Park","Millimetres",""
"Precipitation Amount","1979 September","Roches Point","Millimetres",""
"Precipitation Amount","1979 September","Markree","Millimetres",""
"Precipitation Amount","1979 October","Malin Head","Millimetres","111.7"
"Precipitation Amount","1979 October","Claremorris","Millimetres","155.4"
"Precipitation Amount","1979 October","Valentia Observatory","Millimetres","176.4"
"Precipitation Amount","1979 October","Belmullet","Millimetres","146.3"
"Precipitation Amount","1979 October","Shannon Airport","Millimetres","94.7"
"Precipitation Amount","1979 October","Dublin Airport","Millimetres","119"
"Precipitation Amount","1979 October","Mullingar","Millimetres","105.7"
"Precipitation Amount","1979 October","Cork Airport","Millimetres","153.7"
"Precipitation Amount","1979 October","Casement","Millimetres","73.7"
"Precipitation Amount","1979 October","Phoenix Park","Millimetres",""
"Precipitation Amount","1979 October","Roches Point","Millimetres",""
"Precipitation Amount","1979 October","Markree","Millimetres",""
"Precipitation Amount","1979 November","Malin Head","Millimetres","202.9"
"Precipitation Amount","1979 November","Claremorris","Millimetres","170.7"
"Precipitation Amount","1979 November","Valentia Observatory","Millimetres","181.8"
"Precipitation Amount","1979 November","Belmullet","Millimetres","158.8"
"Precipitation Amount","1979 November","Shannon Airport","Millimetres","155.5"
"Precipitation Amount","1979 November","Dublin Airport","Millimetres","51.4"
"Precipitation Amount","1979 November","Mullingar","Millimetres","109.9"
"Precipitation Amount","1979 November","Cork Airport","Millimetres","98.7"
"Precipitation Amount","1979 November","Casement","Millimetres","65.2"
"Precipitation Amount","1979 November","Phoenix Park","Millimetres",""
"Precipitation Amount","1979 November","Roches Point","Millimetres",""
"Precipitation Amount","1979 November","Markree","Millimetres",""
"Precipitation Amount","1979 December","Malin Head","Millimetres","120.6"
"Precipitation Amount","1979 December","Claremorris","Millimetres","186.1"
"Precipitation Amount","1979 December","Valentia Observatory","Millimetres","270.5"
"Precipitation Amount","1979 December","Belmullet","Millimetres","131.2"
"Precipitation Amount","1979 December","Shannon Airport","Millimetres","159.5"
"Precipitation Amount","1979 December","Dublin Airport","Millimetres","112.4"
"Precipitation Amount","1979 December","Mullingar","Millimetres","143.6"
"Precipitation Amount","1979 December","Cork Airport","Millimetres","216.4"
"Precipitation Amount","1979 December","Casement","Millimetres","108.1"
"Precipitation Amount","1979 December","Phoenix Park","Millimetres",""
"Precipitation Amount","1979 December","Roches Point","Millimetres",""
"Precipitation Amount","1979 December","Markree","Millimetres",""
"Precipitation Amount","1980 January","Malin Head","Millimetres","75.3"
"Precipitation Amount","1980 January","Claremorris","Millimetres","103.2"
"Precipitation Amount","1980 January","Valentia Observatory","Millimetres","134.5"
"Precipitation Amount","1980 January","Belmullet","Millimetres","91.7"
"Precipitation Amount","1980 January","Shannon Airport","Millimetres","73.3"
"Precipitation Amount","1980 January","Dublin Airport","Millimetres","115.2"
"Precipitation Amount","1980 January","Mullingar","Millimetres","72.4"
"Precipitation Amount","1980 January","Cork Airport","Millimetres","134.2"
"Precipitation Amount","1980 January","Casement","Millimetres","106.8"
"Precipitation Amount","1980 January","Phoenix Park","Millimetres",""
"Precipitation Amount","1980 January","Roches Point","Millimetres",""
"Precipitation Amount","1980 January","Markree","Millimetres",""
"Precipitation Amount","1980 February","Malin Head","Millimetres","80.6"
"Precipitation Amount","1980 February","Claremorris","Millimetres","123.3"
"Precipitation Amount","1980 February","Valentia Observatory","Millimetres","202.4"
"Precipitation Amount","1980 February","Belmullet","Millimetres","86.3"
"Precipitation Amount","1980 February","Shannon Airport","Millimetres","82.6"
"Precipitation Amount","1980 February","Dublin Airport","Millimetres","68.5"
"Precipitation Amount","1980 February","Mullingar","Millimetres","93"
"Precipitation Amount","1980 February","Cork Airport","Millimetres","150.1"
"Precipitation Amount","1980 February","Casement","Millimetres","59.7"
"Precipitation Amount","1980 February","Phoenix Park","Millimetres",""
"Precipitation Amount","1980 February","Roches Point","Millimetres",""
"Precipitation Amount","1980 February","Markree","Millimetres",""
"Precipitation Amount","1980 March","Malin Head","Millimetres","88.8"
"Precipitation Amount","1980 March","Claremorris","Millimetres","112.9"
"Precipitation Amount","1980 March","Valentia Observatory","Millimetres","147.2"
"Precipitation Amount","1980 March","Belmullet","Millimetres","90.9"
"Precipitation Amount","1980 March","Shannon Airport","Millimetres","76.4"
"Precipitation Amount","1980 March","Dublin Airport","Millimetres","73.7"
"Precipitation Amount","1980 March","Mullingar","Millimetres","85.6"
"Precipitation Amount","1980 March","Cork Airport","Millimetres","109.3"
"Precipitation Amount","1980 March","Casement","Millimetres","85.9"
"Precipitation Amount","1980 March","Phoenix Park","Millimetres",""
"Precipitation Amount","1980 March","Roches Point","Millimetres",""
"Precipitation Amount","1980 March","Markree","Millimetres",""
"Precipitation Amount","1980 April","Malin Head","Millimetres","22"
"Precipitation Amount","1980 April","Claremorris","Millimetres","18.7"
"Precipitation Amount","1980 April","Valentia Observatory","Millimetres","24.1"
"Precipitation Amount","1980 April","Belmullet","Millimetres","12.6"
"Precipitation Amount","1980 April","Shannon Airport","Millimetres","25.4"
"Precipitation Amount","1980 April","Dublin Airport","Millimetres","8.2"
"Precipitation Amount","1980 April","Mullingar","Millimetres","28.4"
"Precipitation Amount","1980 April","Cork Airport","Millimetres","37.9"
"Precipitation Amount","1980 April","Casement","Millimetres","11.8"
"Precipitation Amount","1980 April","Phoenix Park","Millimetres",""
"Precipitation Amount","1980 April","Roches Point","Millimetres",""
"Precipitation Amount","1980 April","Markree","Millimetres",""
"Precipitation Amount","1980 May","Malin Head","Millimetres","19.9"
"Precipitation Amount","1980 May","Claremorris","Millimetres","33.6"
"Precipitation Amount","1980 May","Valentia Observatory","Millimetres","51.1"
"Precipitation Amount","1980 May","Belmullet","Millimetres","28.4"
"Precipitation Amount","1980 May","Shannon Airport","Millimetres","28"
"Precipitation Amount","1980 May","Dublin Airport","Millimetres","41"
"Precipitation Amount","1980 May","Mullingar","Millimetres","31.7"
"Precipitation Amount","1980 May","Cork Airport","Millimetres","36.9"
"Precipitation Amount","1980 May","Casement","Millimetres","25"
"Precipitation Amount","1980 May","Phoenix Park","Millimetres",""
"Precipitation Amount","1980 May","Roches Point","Millimetres",""
"Precipitation Amount","1980 May","Markree","Millimetres",""
"Precipitation Amount","1980 June","Malin Head","Millimetres","74.3"
"Precipitation Amount","1980 June","Claremorris","Millimetres","98.8"
"Precipitation Amount","1980 June","Valentia Observatory","Millimetres","85.1"
"Precipitation Amount","1980 June","Belmullet","Millimetres","78.6"
"Precipitation Amount","1980 June","Shannon Airport","Millimetres","75"
"Precipitation Amount","1980 June","Dublin Airport","Millimetres","79"
"Precipitation Amount","1980 June","Mullingar","Millimetres","104.3"
"Precipitation Amount","1980 June","Cork Airport","Millimetres","46.6"
"Precipitation Amount","1980 June","Casement","Millimetres","89.6"
"Precipitation Amount","1980 June","Phoenix Park","Millimetres",""
"Precipitation Amount","1980 June","Roches Point","Millimetres",""
"Precipitation Amount","1980 June","Markree","Millimetres",""
"Precipitation Amount","1980 July","Malin Head","Millimetres","110.2"
"Precipitation Amount","1980 July","Claremorris","Millimetres","116.9"
"Precipitation Amount","1980 July","Valentia Observatory","Millimetres","160.8"
"Precipitation Amount","1980 July","Belmullet","Millimetres","103.4"
"Precipitation Amount","1980 July","Shannon Airport","Millimetres","100.4"
"Precipitation Amount","1980 July","Dublin Airport","Millimetres","39.4"
"Precipitation Amount","1980 July","Mullingar","Millimetres","56.9"
"Precipitation Amount","1980 July","Cork Airport","Millimetres","118.2"
"Precipitation Amount","1980 July","Casement","Millimetres","43.7"
"Precipitation Amount","1980 July","Phoenix Park","Millimetres",""
"Precipitation Amount","1980 July","Roches Point","Millimetres",""
"Precipitation Amount","1980 July","Markree","Millimetres",""
"Precipitation Amount","1980 August","Malin Head","Millimetres","97.9"
"Precipitation Amount","1980 August","Claremorris","Millimetres","77"
"Precipitation Amount","1980 August","Valentia Observatory","Millimetres","146.2"
"Precipitation Amount","1980 August","Belmullet","Millimetres","39.3"
"Precipitation Amount","1980 August","Shannon Airport","Millimetres","114.1"
"Precipitation Amount","1980 August","Dublin Airport","Millimetres","97.8"
"Precipitation Amount","1980 August","Mullingar","Millimetres","99.1"
"Precipitation Amount","1980 August","Cork Airport","Millimetres","123"
"Precipitation Amount","1980 August","Casement","Millimetres","98.4"
"Precipitation Amount","1980 August","Phoenix Park","Millimetres",""
"Precipitation Amount","1980 August","Roches Point","Millimetres",""
"Precipitation Amount","1980 August","Markree","Millimetres",""
"Precipitation Amount","1980 September","Malin Head","Millimetres","154.4"
"Precipitation Amount","1980 September","Claremorris","Millimetres","157.3"
"Precipitation Amount","1980 September","Valentia Observatory","Millimetres","223"
"Precipitation Amount","1980 September","Belmullet","Millimetres","160.1"
"Precipitation Amount","1980 September","Shannon Airport","Millimetres","122.5"
"Precipitation Amount","1980 September","Dublin Airport","Millimetres","97.5"
"Precipitation Amount","1980 September","Mullingar","Millimetres","119.7"
"Precipitation Amount","1980 September","Cork Airport","Millimetres","150.7"
"Precipitation Amount","1980 September","Casement","Millimetres","74.8"
"Precipitation Amount","1980 September","Phoenix Park","Millimetres",""
"Precipitation Amount","1980 September","Roches Point","Millimetres",""
"Precipitation Amount","1980 September","Markree","Millimetres",""
"Precipitation Amount","1980 October","Malin Head","Millimetres","151.9"
"Precipitation Amount","1980 October","Claremorris","Millimetres","126.3"
"Precipitation Amount","1980 October","Valentia Observatory","Millimetres","181.8"
"Precipitation Amount","1980 October","Belmullet","Millimetres","139.5"
"Precipitation Amount","1980 October","Shannon Airport","Millimetres","127.8"
"Precipitation Amount","1980 October","Dublin Airport","Millimetres","113.7"
"Precipitation Amount","1980 October","Mullingar","Millimetres","124.9"
"Precipitation Amount","1980 October","Cork Airport","Millimetres","157.5"
"Precipitation Amount","1980 October","Casement","Millimetres","102.1"
"Precipitation Amount","1980 October","Phoenix Park","Millimetres",""
"Precipitation Amount","1980 October","Roches Point","Millimetres",""
"Precipitation Amount","1980 October","Markree","Millimetres",""
"Precipitation Amount","1980 November","Malin Head","Millimetres","95.1"
"Precipitation Amount","1980 November","Claremorris","Millimetres","163.1"
"Precipitation Amount","1980 November","Valentia Observatory","Millimetres","272.4"
"Precipitation Amount","1980 November","Belmullet","Millimetres","161.1"
"Precipitation Amount","1980 November","Shannon Airport","Millimetres","103.5"
"Precipitation Amount","1980 November","Dublin Airport","Millimetres","41.4"
"Precipitation Amount","1980 November","Mullingar","Millimetres","84.5"
"Precipitation Amount","1980 November","Cork Airport","Millimetres","107.9"
"Precipitation Amount","1980 November","Casement","Millimetres","58.3"
"Precipitation Amount","1980 November","Phoenix Park","Millimetres",""
"Precipitation Amount","1980 November","Roches Point","Millimetres",""
"Precipitation Amount","1980 November","Markree","Millimetres",""
"Precipitation Amount","1980 December","Malin Head","Millimetres","113.5"
"Precipitation Amount","1980 December","Claremorris","Millimetres","182.3"
"Precipitation Amount","1980 December","Valentia Observatory","Millimetres","147.1"
"Precipitation Amount","1980 December","Belmullet","Millimetres","165.5"
"Precipitation Amount","1980 December","Shannon Airport","Millimetres","116.5"
"Precipitation Amount","1980 December","Dublin Airport","Millimetres","49.7"
"Precipitation Amount","1980 December","Mullingar","Millimetres","107.1"
"Precipitation Amount","1980 December","Cork Airport","Millimetres","131.5"
"Precipitation Amount","1980 December","Casement","Millimetres","51.3"
"Precipitation Amount","1980 December","Phoenix Park","Millimetres",""
"Precipitation Amount","1980 December","Roches Point","Millimetres",""
"Precipitation Amount","1980 December","Markree","Millimetres",""
"Precipitation Amount","1981 January","Malin Head","Millimetres","150.5"
"Precipitation Amount","1981 January","Claremorris","Millimetres","61.3"
"Precipitation Amount","1981 January","Valentia Observatory","Millimetres","59.2"
"Precipitation Amount","1981 January","Belmullet","Millimetres","79.6"
"Precipitation Amount","1981 January","Shannon Airport","Millimetres","67.2"
"Precipitation Amount","1981 January","Dublin Airport","Millimetres","32.8"
"Precipitation Amount","1981 January","Mullingar","Millimetres","65.8"
"Precipitation Amount","1981 January","Cork Airport","Millimetres","41.8"
"Precipitation Amount","1981 January","Casement","Millimetres","30.6"
"Precipitation Amount","1981 January","Phoenix Park","Millimetres",""
"Precipitation Amount","1981 January","Roches Point","Millimetres",""
"Precipitation Amount","1981 January","Markree","Millimetres",""
"Precipitation Amount","1981 February","Malin Head","Millimetres","73.5"
"Precipitation Amount","1981 February","Claremorris","Millimetres","76.7"
"Precipitation Amount","1981 February","Valentia Observatory","Millimetres","158"
"Precipitation Amount","1981 February","Belmullet","Millimetres","69.6"
"Precipitation Amount","1981 February","Shannon Airport","Millimetres","77.3"
"Precipitation Amount","1981 February","Dublin Airport","Millimetres","48.4"
"Precipitation Amount","1981 February","Mullingar","Millimetres","61.8"
"Precipitation Amount","1981 February","Cork Airport","Millimetres","97"
"Precipitation Amount","1981 February","Casement","Millimetres","48.5"
"Precipitation Amount","1981 February","Phoenix Park","Millimetres",""
"Precipitation Amount","1981 February","Roches Point","Millimetres",""
"Precipitation Amount","1981 February","Markree","Millimetres",""
"Precipitation Amount","1981 March","Malin Head","Millimetres","102"
"Precipitation Amount","1981 March","Claremorris","Millimetres","156.6"
"Precipitation Amount","1981 March","Valentia Observatory","Millimetres","215.2"
"Precipitation Amount","1981 March","Belmullet","Millimetres","163.5"
"Precipitation Amount","1981 March","Shannon Airport","Millimetres","106.7"
"Precipitation Amount","1981 March","Dublin Airport","Millimetres","101.6"
"Precipitation Amount","1981 March","Mullingar","Millimetres","105.5"
"Precipitation Amount","1981 March","Cork Airport","Millimetres","213.5"
"Precipitation Amount","1981 March","Casement","Millimetres","86.9"
"Precipitation Amount","1981 March","Phoenix Park","Millimetres",""
"Precipitation Amount","1981 March","Roches Point","Millimetres",""
"Precipitation Amount","1981 March","Markree","Millimetres",""
"Precipitation Amount","1981 April","Malin Head","Millimetres","36.8"
"Precipitation Amount","1981 April","Claremorris","Millimetres","34.6"
"Precipitation Amount","1981 April","Valentia Observatory","Millimetres","30.5"
"Precipitation Amount","1981 April","Belmullet","Millimetres","43"
"Precipitation Amount","1981 April","Shannon Airport","Millimetres","15.6"
"Precipitation Amount","1981 April","Dublin Airport","Millimetres","49"
"Precipitation Amount","1981 April","Mullingar","Millimetres","32.5"
"Precipitation Amount","1981 April","Cork Airport","Millimetres","30.3"
"Precipitation Amount","1981 April","Casement","Millimetres","47.9"
"Precipitation Amount","1981 April","Phoenix Park","Millimetres",""
"Precipitation Amount","1981 April","Roches Point","Millimetres",""
"Precipitation Amount","1981 April","Markree","Millimetres",""
"Precipitation Amount","1981 May","Malin Head","Millimetres","115.5"
"Precipitation Amount","1981 May","Claremorris","Millimetres","135.7"
"Precipitation Amount","1981 May","Valentia Observatory","Millimetres","152.6"
"Precipitation Amount","1981 May","Belmullet","Millimetres","114"
"Precipitation Amount","1981 May","Shannon Airport","Millimetres","141.4"
"Precipitation Amount","1981 May","Dublin Airport","Millimetres","92.3"
"Precipitation Amount","1981 May","Mullingar","Millimetres","136.2"
"Precipitation Amount","1981 May","Cork Airport","Millimetres","216.4"
"Precipitation Amount","1981 May","Casement","Millimetres","108.8"
"Precipitation Amount","1981 May","Phoenix Park","Millimetres",""
"Precipitation Amount","1981 May","Roches Point","Millimetres",""
"Precipitation Amount","1981 May","Markree","Millimetres",""
"Precipitation Amount","1981 June","Malin Head","Millimetres","77.6"
"Precipitation Amount","1981 June","Claremorris","Millimetres","79.2"
"Precipitation Amount","1981 June","Valentia Observatory","Millimetres","89.3"
"Precipitation Amount","1981 June","Belmullet","Millimetres","69.4"
"Precipitation Amount","1981 June","Shannon Airport","Millimetres","60.8"
"Precipitation Amount","1981 June","Dublin Airport","Millimetres","77.1"
"Precipitation Amount","1981 June","Mullingar","Millimetres","109.6"
"Precipitation Amount","1981 June","Cork Airport","Millimetres","74.1"
"Precipitation Amount","1981 June","Casement","Millimetres","63"
"Precipitation Amount","1981 June","Phoenix Park","Millimetres",""
"Precipitation Amount","1981 June","Roches Point","Millimetres",""
"Precipitation Amount","1981 June","Markree","Millimetres",""
"Precipitation Amount","1981 July","Malin Head","Millimetres","86.4"
"Precipitation Amount","1981 July","Claremorris","Millimetres","96"
"Precipitation Amount","1981 July","Valentia Observatory","Millimetres","63.3"
"Precipitation Amount","1981 July","Belmullet","Millimetres","72"
"Precipitation Amount","1981 July","Shannon Airport","Millimetres","34.8"
"Precipitation Amount","1981 July","Dublin Airport","Millimetres","35.5"
"Precipitation Amount","1981 July","Mullingar","Millimetres","55.4"
"Precipitation Amount","1981 July","Cork Airport","Millimetres","36.2"
"Precipitation Amount","1981 July","Casement","Millimetres","31.6"
"Precipitation Amount","1981 July","Phoenix Park","Millimetres",""
"Precipitation Amount","1981 July","Roches Point","Millimetres",""
"Precipitation Amount","1981 July","Markree","Millimetres",""
"Precipitation Amount","1981 August","Malin Head","Millimetres","71.5"
"Precipitation Amount","1981 August","Claremorris","Millimetres","38.9"
"Precipitation Amount","1981 August","Valentia Observatory","Millimetres","53.2"
"Precipitation Amount","1981 August","Belmullet","Millimetres","55.6"
"Precipitation Amount","1981 August","Shannon Airport","Millimetres","27.2"
"Precipitation Amount","1981 August","Dublin Airport","Millimetres","11.6"
"Precipitation Amount","1981 August","Mullingar","Millimetres","30"
"Precipitation Amount","1981 August","Cork Airport","Millimetres","18.7"
"Precipitation Amount","1981 August","Casement","Millimetres","9.1"
"Precipitation Amount","1981 August","Phoenix Park","Millimetres",""
"Precipitation Amount","1981 August","Roches Point","Millimetres",""
"Precipitation Amount","1981 August","Markree","Millimetres",""
"Precipitation Amount","1981 September","Malin Head","Millimetres","129.2"
"Precipitation Amount","1981 September","Claremorris","Millimetres","223.1"
"Precipitation Amount","1981 September","Valentia Observatory","Millimetres","242.6"
"Precipitation Amount","1981 September","Belmullet","Millimetres","179.9"
"Precipitation Amount","1981 September","Shannon Airport","Millimetres","126.3"
"Precipitation Amount","1981 September","Dublin Airport","Millimetres","102.8"
"Precipitation Amount","1981 September","Mullingar","Millimetres","132.3"
"Precipitation Amount","1981 September","Cork Airport","Millimetres","169.1"
"Precipitation Amount","1981 September","Casement","Millimetres","81.5"
"Precipitation Amount","1981 September","Phoenix Park","Millimetres",""
"Precipitation Amount","1981 September","Roches Point","Millimetres",""
"Precipitation Amount","1981 September","Markree","Millimetres",""
"Precipitation Amount","1981 October","Malin Head","Millimetres","153.3"
"Precipitation Amount","1981 October","Claremorris","Millimetres","127.8"
"Precipitation Amount","1981 October","Valentia Observatory","Millimetres","121.2"
"Precipitation Amount","1981 October","Belmullet","Millimetres","160.5"
"Precipitation Amount","1981 October","Shannon Airport","Millimetres","83.9"
"Precipitation Amount","1981 October","Dublin Airport","Millimetres","109.3"
"Precipitation Amount","1981 October","Mullingar","Millimetres","75.1"
"Precipitation Amount","1981 October","Cork Airport","Millimetres","79.5"
"Precipitation Amount","1981 October","Casement","Millimetres","93"
"Precipitation Amount","1981 October","Phoenix Park","Millimetres",""
"Precipitation Amount","1981 October","Roches Point","Millimetres",""
"Precipitation Amount","1981 October","Markree","Millimetres",""
"Precipitation Amount","1981 November","Malin Head","Millimetres","112.2"
"Precipitation Amount","1981 November","Claremorris","Millimetres","111.1"
"Precipitation Amount","1981 November","Valentia Observatory","Millimetres","72.2"
"Precipitation Amount","1981 November","Belmullet","Millimetres","113.5"
"Precipitation Amount","1981 November","Shannon Airport","Millimetres","68.9"
"Precipitation Amount","1981 November","Dublin Airport","Millimetres","48.8"
"Precipitation Amount","1981 November","Mullingar","Millimetres","76.5"
"Precipitation Amount","1981 November","Cork Airport","Millimetres","106.7"
"Precipitation Amount","1981 November","Casement","Millimetres","51"
"Precipitation Amount","1981 November","Phoenix Park","Millimetres",""
"Precipitation Amount","1981 November","Roches Point","Millimetres",""
"Precipitation Amount","1981 November","Markree","Millimetres",""
"Precipitation Amount","1981 December","Malin Head","Millimetres","74.7"
"Precipitation Amount","1981 December","Claremorris","Millimetres","78.7"
"Precipitation Amount","1981 December","Valentia Observatory","Millimetres","148.6"
"Precipitation Amount","1981 December","Belmullet","Millimetres","86.7"
"Precipitation Amount","1981 December","Shannon Airport","Millimetres","66.4"
"Precipitation Amount","1981 December","Dublin Airport","Millimetres","133"
"Precipitation Amount","1981 December","Mullingar","Millimetres","66.3"
"Precipitation Amount","1981 December","Cork Airport","Millimetres","168.5"
"Precipitation Amount","1981 December","Casement","Millimetres","99.4"
"Precipitation Amount","1981 December","Phoenix Park","Millimetres",""
"Precipitation Amount","1981 December","Roches Point","Millimetres",""
"Precipitation Amount","1981 December","Markree","Millimetres",""
"Precipitation Amount","1982 January","Malin Head","Millimetres","99.9"
"Precipitation Amount","1982 January","Claremorris","Millimetres","100.2"
"Precipitation Amount","1982 January","Valentia Observatory","Millimetres","187.5"
"Precipitation Amount","1982 January","Belmullet","Millimetres","78.9"
"Precipitation Amount","1982 January","Shannon Airport","Millimetres","76.2"
"Precipitation Amount","1982 January","Dublin Airport","Millimetres","50.2"
"Precipitation Amount","1982 January","Mullingar","Millimetres","85.6"
"Precipitation Amount","1982 January","Cork Airport","Millimetres","136"
"Precipitation Amount","1982 January","Casement","Millimetres","41.2"
"Precipitation Amount","1982 January","Phoenix Park","Millimetres",""
"Precipitation Amount","1982 January","Roches Point","Millimetres",""
"Precipitation Amount","1982 January","Markree","Millimetres",""
"Precipitation Amount","1982 February","Malin Head","Millimetres","63.1"
"Precipitation Amount","1982 February","Claremorris","Millimetres","147.5"
"Precipitation Amount","1982 February","Valentia Observatory","Millimetres","232.9"
"Precipitation Amount","1982 February","Belmullet","Millimetres","111"
"Precipitation Amount","1982 February","Shannon Airport","Millimetres","85.4"
"Precipitation Amount","1982 February","Dublin Airport","Millimetres","23.9"
"Precipitation Amount","1982 February","Mullingar","Millimetres","81.7"
"Precipitation Amount","1982 February","Cork Airport","Millimetres","168"
"Precipitation Amount","1982 February","Casement","Millimetres","27.3"
"Precipitation Amount","1982 February","Phoenix Park","Millimetres",""
"Precipitation Amount","1982 February","Roches Point","Millimetres",""
"Precipitation Amount","1982 February","Markree","Millimetres",""
"Precipitation Amount","1982 March","Malin Head","Millimetres","126.6"
"Precipitation Amount","1982 March","Claremorris","Millimetres","137.3"
"Precipitation Amount","1982 March","Valentia Observatory","Millimetres","164.8"
"Precipitation Amount","1982 March","Belmullet","Millimetres","135.5"
"Precipitation Amount","1982 March","Shannon Airport","Millimetres","118.2"
"Precipitation Amount","1982 March","Dublin Airport","Millimetres","45.4"
"Precipitation Amount","1982 March","Mullingar","Millimetres","108.3"
"Precipitation Amount","1982 March","Cork Airport","Millimetres","105.5"
"Precipitation Amount","1982 March","Casement","Millimetres","60.8"
"Precipitation Amount","1982 March","Phoenix Park","Millimetres",""
"Precipitation Amount","1982 March","Roches Point","Millimetres",""
"Precipitation Amount","1982 March","Markree","Millimetres",""
"Precipitation Amount","1982 April","Malin Head","Millimetres","22.9"
"Precipitation Amount","1982 April","Claremorris","Millimetres","30.4"
"Precipitation Amount","1982 April","Valentia Observatory","Millimetres","33.8"
"Precipitation Amount","1982 April","Belmullet","Millimetres","26.3"
"Precipitation Amount","1982 April","Shannon Airport","Millimetres","16.1"
"Precipitation Amount","1982 April","Dublin Airport","Millimetres","19.5"
"Precipitation Amount","1982 April","Mullingar","Millimetres","27.9"
"Precipitation Amount","1982 April","Cork Airport","Millimetres","46.4"
"Precipitation Amount","1982 April","Casement","Millimetres","14.6"
"Precipitation Amount","1982 April","Phoenix Park","Millimetres",""
"Precipitation Amount","1982 April","Roches Point","Millimetres",""
"Precipitation Amount","1982 April","Markree","Millimetres",""
"Precipitation Amount","1982 May","Malin Head","Millimetres","81.9"
"Precipitation Amount","1982 May","Claremorris","Millimetres","98.8"
"Precipitation Amount","1982 May","Valentia Observatory","Millimetres","94.6"
"Precipitation Amount","1982 May","Belmullet","Millimetres","74.9"
"Precipitation Amount","1982 May","Shannon Airport","Millimetres","72.5"
"Precipitation Amount","1982 May","Dublin Airport","Millimetres","59.6"
"Precipitation Amount","1982 May","Mullingar","Millimetres","71.1"
"Precipitation Amount","1982 May","Cork Airport","Millimetres","92.7"
"Precipitation Amount","1982 May","Casement","Millimetres","60"
"Precipitation Amount","1982 May","Phoenix Park","Millimetres",""
"Precipitation Amount","1982 May","Roches Point","Millimetres",""
"Precipitation Amount","1982 May","Markree","Millimetres",""
"Precipitation Amount","1982 June","Malin Head","Millimetres","102.3"
"Precipitation Amount","1982 June","Claremorris","Millimetres","118.3"
"Precipitation Amount","1982 June","Valentia Observatory","Millimetres","92.2"
"Precipitation Amount","1982 June","Belmullet","Millimetres","71.4"
"Precipitation Amount","1982 June","Shannon Airport","Millimetres","131.2"
"Precipitation Amount","1982 June","Dublin Airport","Millimetres","102.2"
"Precipitation Amount","1982 June","Mullingar","Millimetres","108.9"
"Precipitation Amount","1982 June","Cork Airport","Millimetres","165.4"
"Precipitation Amount","1982 June","Casement","Millimetres","111.5"
"Precipitation Amount","1982 June","Phoenix Park","Millimetres",""
"Precipitation Amount","1982 June","Roches Point","Millimetres",""
"Precipitation Amount","1982 June","Markree","Millimetres",""
"Precipitation Amount","1982 July","Malin Head","Millimetres","16.5"
"Precipitation Amount","1982 July","Claremorris","Millimetres","15.1"
"Precipitation Amount","1982 July","Valentia Observatory","Millimetres","15.2"
"Precipitation Amount","1982 July","Belmullet","Millimetres","24.8"
"Precipitation Amount","1982 July","Shannon Airport","Millimetres","22.3"
"Precipitation Amount","1982 July","Dublin Airport","Millimetres","9.2"
"Precipitation Amount","1982 July","Mullingar","Millimetres","24.3"
"Precipitation Amount","1982 July","Cork Airport","Millimetres","29"
"Precipitation Amount","1982 July","Casement","Millimetres","8.6"
"Precipitation Amount","1982 July","Phoenix Park","Millimetres",""
"Precipitation Amount","1982 July","Roches Point","Millimetres",""
"Precipitation Amount","1982 July","Markree","Millimetres",""
"Precipitation Amount","1982 August","Malin Head","Millimetres","169.6"
"Precipitation Amount","1982 August","Claremorris","Millimetres","83.9"
"Precipitation Amount","1982 August","Valentia Observatory","Millimetres","136.4"
"Precipitation Amount","1982 August","Belmullet","Millimetres","98.4"
"Precipitation Amount","1982 August","Shannon Airport","Millimetres","89.6"
"Precipitation Amount","1982 August","Dublin Airport","Millimetres","65.6"
"Precipitation Amount","1982 August","Mullingar","Millimetres","83.9"
"Precipitation Amount","1982 August","Cork Airport","Millimetres","104.9"
"Precipitation Amount","1982 August","Casement","Millimetres","70.7"
"Precipitation Amount","1982 August","Phoenix Park","Millimetres",""
"Precipitation Amount","1982 August","Roches Point","Millimetres",""
"Precipitation Amount","1982 August","Markree","Millimetres",""
"Precipitation Amount","1982 September","Malin Head","Millimetres","111.8"
"Precipitation Amount","1982 September","Claremorris","Millimetres","90.6"
"Precipitation Amount","1982 September","Valentia Observatory","Millimetres","146.2"
"Precipitation Amount","1982 September","Belmullet","Millimetres","94.9"
"Precipitation Amount","1982 September","Shannon Airport","Millimetres","74.8"
"Precipitation Amount","1982 September","Dublin Airport","Millimetres","84"
"Precipitation Amount","1982 September","Mullingar","Millimetres","80.2"
"Precipitation Amount","1982 September","Cork Airport","Millimetres","120.6"
"Precipitation Amount","1982 September","Casement","Millimetres","68.7"
"Precipitation Amount","1982 September","Phoenix Park","Millimetres",""
"Precipitation Amount","1982 September","Roches Point","Millimetres",""
"Precipitation Amount","1982 September","Markree","Millimetres",""
"Precipitation Amount","1982 October","Malin Head","Millimetres","92.5"
"Precipitation Amount","1982 October","Claremorris","Millimetres","137"
"Precipitation Amount","1982 October","Valentia Observatory","Millimetres","279"
"Precipitation Amount","1982 October","Belmullet","Millimetres","160.8"
"Precipitation Amount","1982 October","Shannon Airport","Millimetres","129.5"
"Precipitation Amount","1982 October","Dublin Airport","Millimetres","88.2"
"Precipitation Amount","1982 October","Mullingar","Millimetres","112.7"
"Precipitation Amount","1982 October","Cork Airport","Millimetres","209.5"
"Precipitation Amount","1982 October","Casement","Millimetres","99.3"
"Precipitation Amount","1982 October","Phoenix Park","Millimetres",""
"Precipitation Amount","1982 October","Roches Point","Millimetres",""
"Precipitation Amount","1982 October","Markree","Millimetres",""
"Precipitation Amount","1982 November","Malin Head","Millimetres","139.1"
"Precipitation Amount","1982 November","Claremorris","Millimetres","149.8"
"Precipitation Amount","1982 November","Valentia Observatory","Millimetres","194.9"
"Precipitation Amount","1982 November","Belmullet","Millimetres","138.5"
"Precipitation Amount","1982 November","Shannon Airport","Millimetres","133.2"
"Precipitation Amount","1982 November","Dublin Airport","Millimetres","128.9"
"Precipitation Amount","1982 November","Mullingar","Millimetres","138.7"
"Precipitation Amount","1982 November","Cork Airport","Millimetres","190.3"
"Precipitation Amount","1982 November","Casement","Millimetres","134.6"
"Precipitation Amount","1982 November","Phoenix Park","Millimetres",""
"Precipitation Amount","1982 November","Roches Point","Millimetres",""
"Precipitation Amount","1982 November","Markree","Millimetres",""
"Precipitation Amount","1982 December","Malin Head","Millimetres","134.7"
"Precipitation Amount","1982 December","Claremorris","Millimetres","156.2"
"Precipitation Amount","1982 December","Valentia Observatory","Millimetres","199"
"Precipitation Amount","1982 December","Belmullet","Millimetres","155.9"
"Precipitation Amount","1982 December","Shannon Airport","Millimetres","144.9"
"Precipitation Amount","1982 December","Dublin Airport","Millimetres","70.3"
"Precipitation Amount","1982 December","Mullingar","Millimetres","111.7"
"Precipitation Amount","1982 December","Cork Airport","Millimetres","143.4"
"Precipitation Amount","1982 December","Casement","Millimetres","78.5"
"Precipitation Amount","1982 December","Phoenix Park","Millimetres",""
"Precipitation Amount","1982 December","Roches Point","Millimetres",""
"Precipitation Amount","1982 December","Markree","Millimetres",""
"Precipitation Amount","1983 January","Malin Head","Millimetres","149.8"
"Precipitation Amount","1983 January","Claremorris","Millimetres","142.9"
"Precipitation Amount","1983 January","Valentia Observatory","Millimetres","192.2"
"Precipitation Amount","1983 January","Belmullet","Millimetres","137.2"
"Precipitation Amount","1983 January","Shannon Airport","Millimetres","134.2"
"Precipitation Amount","1983 January","Dublin Airport","Millimetres","63.8"
"Precipitation Amount","1983 January","Mullingar","Millimetres","146.9"
"Precipitation Amount","1983 January","Cork Airport","Millimetres","144.9"
"Precipitation Amount","1983 January","Casement","Millimetres","64.7"
"Precipitation Amount","1983 January","Phoenix Park","Millimetres",""
"Precipitation Amount","1983 January","Roches Point","Millimetres",""
"Precipitation Amount","1983 January","Markree","Millimetres",""
"Precipitation Amount","1983 February","Malin Head","Millimetres","41.7"
"Precipitation Amount","1983 February","Claremorris","Millimetres","48.9"
"Precipitation Amount","1983 February","Valentia Observatory","Millimetres","37.9"
"Precipitation Amount","1983 February","Belmullet","Millimetres","46"
"Precipitation Amount","1983 February","Shannon Airport","Millimetres","72"
"Precipitation Amount","1983 February","Dublin Airport","Millimetres","44.8"
"Precipitation Amount","1983 February","Mullingar","Millimetres","47.5"
"Precipitation Amount","1983 February","Cork Airport","Millimetres","99.9"
"Precipitation Amount","1983 February","Casement","Millimetres","31.7"
"Precipitation Amount","1983 February","Phoenix Park","Millimetres",""
"Precipitation Amount","1983 February","Roches Point","Millimetres",""
"Precipitation Amount","1983 February","Markree","Millimetres",""
"Precipitation Amount","1983 March","Malin Head","Millimetres","106.2"
"Precipitation Amount","1983 March","Claremorris","Millimetres","107.3"
"Precipitation Amount","1983 March","Valentia Observatory","Millimetres","124.8"
"Precipitation Amount","1983 March","Belmullet","Millimetres","87.5"
"Precipitation Amount","1983 March","Shannon Airport","Millimetres","72"
"Precipitation Amount","1983 March","Dublin Airport","Millimetres","61"
"Precipitation Amount","1983 March","Mullingar","Millimetres","98.4"
"Precipitation Amount","1983 March","Cork Airport","Millimetres","103.6"
"Precipitation Amount","1983 March","Casement","Millimetres","60.7"
"Precipitation Amount","1983 March","Phoenix Park","Millimetres",""
"Precipitation Amount","1983 March","Roches Point","Millimetres",""
"Precipitation Amount","1983 March","Markree","Millimetres",""
"Precipitation Amount","1983 April","Malin Head","Millimetres","49.7"
"Precipitation Amount","1983 April","Claremorris","Millimetres","55.8"
"Precipitation Amount","1983 April","Valentia Observatory","Millimetres","101.5"
"Precipitation Amount","1983 April","Belmullet","Millimetres","55.9"
"Precipitation Amount","1983 April","Shannon Airport","Millimetres","56.1"
"Precipitation Amount","1983 April","Dublin Airport","Millimetres","67.1"
"Precipitation Amount","1983 April","Mullingar","Millimetres","75.9"
"Precipitation Amount","1983 April","Cork Airport","Millimetres","85.6"
"Precipitation Amount","1983 April","Casement","Millimetres","77"
"Precipitation Amount","1983 April","Phoenix Park","Millimetres",""
"Precipitation Amount","1983 April","Roches Point","Millimetres",""
"Precipitation Amount","1983 April","Markree","Millimetres",""
"Precipitation Amount","1983 May","Malin Head","Millimetres","52.9"
"Precipitation Amount","1983 May","Claremorris","Millimetres","84.7"
"Precipitation Amount","1983 May","Valentia Observatory","Millimetres","118.9"
"Precipitation Amount","1983 May","Belmullet","Millimetres","87.8"
"Precipitation Amount","1983 May","Shannon Airport","Millimetres","88.7"
"Precipitation Amount","1983 May","Dublin Airport","Millimetres","79.1"
"Precipitation Amount","1983 May","Mullingar","Millimetres","113.8"
"Precipitation Amount","1983 May","Cork Airport","Millimetres","99.9"
"Precipitation Amount","1983 May","Casement","Millimetres","99.3"
"Precipitation Amount","1983 May","Phoenix Park","Millimetres",""
"Precipitation Amount","1983 May","Roches Point","Millimetres",""
"Precipitation Amount","1983 May","Markree","Millimetres",""
"Precipitation Amount","1983 June","Malin Head","Millimetres","45.9"
"Precipitation Amount","1983 June","Claremorris","Millimetres","48.5"
"Precipitation Amount","1983 June","Valentia Observatory","Millimetres","88.5"
"Precipitation Amount","1983 June","Belmullet","Millimetres","32.4"
"Precipitation Amount","1983 June","Shannon Airport","Millimetres","47.4"
"Precipitation Amount","1983 June","Dublin Airport","Millimetres","54.6"
"Precipitation Amount","1983 June","Mullingar","Millimetres","44.8"
"Precipitation Amount","1983 June","Cork Airport","Millimetres","56.4"
"Precipitation Amount","1983 June","Casement","Millimetres","42.2"
"Precipitation Amount","1983 June","Phoenix Park","Millimetres",""
"Precipitation Amount","1983 June","Roches Point","Millimetres",""
"Precipitation Amount","1983 June","Markree","Millimetres",""
"Precipitation Amount","1983 July","Malin Head","Millimetres","24.3"
"Precipitation Amount","1983 July","Claremorris","Millimetres","9.1"
"Precipitation Amount","1983 July","Valentia Observatory","Millimetres","20.3"
"Precipitation Amount","1983 July","Belmullet","Millimetres","38.5"
"Precipitation Amount","1983 July","Shannon Airport","Millimetres","12.6"
"Precipitation Amount","1983 July","Dublin Airport","Millimetres","18.1"
"Precipitation Amount","1983 July","Mullingar","Millimetres","14.8"
"Precipitation Amount","1983 July","Cork Airport","Millimetres","39.2"
"Precipitation Amount","1983 July","Casement","Millimetres","15.9"
"Precipitation Amount","1983 July","Phoenix Park","Millimetres",""
"Precipitation Amount","1983 July","Roches Point","Millimetres",""
"Precipitation Amount","1983 July","Markree","Millimetres",""
"Precipitation Amount","1983 August","Malin Head","Millimetres","39.1"
"Precipitation Amount","1983 August","Claremorris","Millimetres","37.2"
"Precipitation Amount","1983 August","Valentia Observatory","Millimetres","74.7"
"Precipitation Amount","1983 August","Belmullet","Millimetres","44.3"
"Precipitation Amount","1983 August","Shannon Airport","Millimetres","46.3"
"Precipitation Amount","1983 August","Dublin Airport","Millimetres","45.4"
"Precipitation Amount","1983 August","Mullingar","Millimetres","61.6"
"Precipitation Amount","1983 August","Cork Airport","Millimetres","71.4"
"Precipitation Amount","1983 August","Casement","Millimetres","54.2"
"Precipitation Amount","1983 August","Phoenix Park","Millimetres",""
"Precipitation Amount","1983 August","Roches Point","Millimetres",""
"Precipitation Amount","1983 August","Markree","Millimetres",""
"Precipitation Amount","1983 September","Malin Head","Millimetres","69.2"
"Precipitation Amount","1983 September","Claremorris","Millimetres","122.4"
"Precipitation Amount","1983 September","Valentia Observatory","Millimetres","204.8"
"Precipitation Amount","1983 September","Belmullet","Millimetres","109.5"
"Precipitation Amount","1983 September","Shannon Airport","Millimetres","106.1"
"Precipitation Amount","1983 September","Dublin Airport","Millimetres","76.6"
"Precipitation Amount","1983 September","Mullingar","Millimetres","116.3"
"Precipitation Amount","1983 September","Cork Airport","Millimetres","194.4"
"Precipitation Amount","1983 September","Casement","Millimetres","88.2"
"Precipitation Amount","1983 September","Phoenix Park","Millimetres",""
"Precipitation Amount","1983 September","Roches Point","Millimetres",""
"Precipitation Amount","1983 September","Markree","Millimetres",""
"Precipitation Amount","1983 October","Malin Head","Millimetres","186.2"
"Precipitation Amount","1983 October","Claremorris","Millimetres","189.1"
"Precipitation Amount","1983 October","Valentia Observatory","Millimetres","143.7"
"Precipitation Amount","1983 October","Belmullet","Millimetres","157.7"
"Precipitation Amount","1983 October","Shannon Airport","Millimetres","145.7"
"Precipitation Amount","1983 October","Dublin Airport","Millimetres","47.3"
"Precipitation Amount","1983 October","Mullingar","Millimetres","121.2"
"Precipitation Amount","1983 October","Cork Airport","Millimetres","112.9"
"Precipitation Amount","1983 October","Casement","Millimetres","56"
"Precipitation Amount","1983 October","Phoenix Park","Millimetres",""
"Precipitation Amount","1983 October","Roches Point","Millimetres",""
"Precipitation Amount","1983 October","Markree","Millimetres",""
"Precipitation Amount","1983 November","Malin Head","Millimetres","28.1"
"Precipitation Amount","1983 November","Claremorris","Millimetres","67.6"
"Precipitation Amount","1983 November","Valentia Observatory","Millimetres","90.7"
"Precipitation Amount","1983 November","Belmullet","Millimetres","42.5"
"Precipitation Amount","1983 November","Shannon Airport","Millimetres","44.6"
"Precipitation Amount","1983 November","Dublin Airport","Millimetres","21.3"
"Precipitation Amount","1983 November","Mullingar","Millimetres","41.3"
"Precipitation Amount","1983 November","Cork Airport","Millimetres","77.4"
"Precipitation Amount","1983 November","Casement","Millimetres","12.5"
"Precipitation Amount","1983 November","Phoenix Park","Millimetres",""
"Precipitation Amount","1983 November","Roches Point","Millimetres",""
"Precipitation Amount","1983 November","Markree","Millimetres",""
"Precipitation Amount","1983 December","Malin Head","Millimetres","130.4"
"Precipitation Amount","1983 December","Claremorris","Millimetres","140.6"
"Precipitation Amount","1983 December","Valentia Observatory","Millimetres","234.7"
"Precipitation Amount","1983 December","Belmullet","Millimetres","150.4"
"Precipitation Amount","1983 December","Shannon Airport","Millimetres","129.8"
"Precipitation Amount","1983 December","Dublin Airport","Millimetres","123.2"
"Precipitation Amount","1983 December","Mullingar","Millimetres","119.4"
"Precipitation Amount","1983 December","Cork Airport","Millimetres","150.5"
"Precipitation Amount","1983 December","Casement","Millimetres","113.4"
"Precipitation Amount","1983 December","Phoenix Park","Millimetres",""
"Precipitation Amount","1983 December","Roches Point","Millimetres",""
"Precipitation Amount","1983 December","Markree","Millimetres",""
"Precipitation Amount","1984 January","Malin Head","Millimetres","183.8"
"Precipitation Amount","1984 January","Claremorris","Millimetres","197.9"
"Precipitation Amount","1984 January","Valentia Observatory","Millimetres","247.7"
"Precipitation Amount","1984 January","Belmullet","Millimetres","195.7"
"Precipitation Amount","1984 January","Shannon Airport","Millimetres","193.8"
"Precipitation Amount","1984 January","Dublin Airport","Millimetres","99"
"Precipitation Amount","1984 January","Mullingar","Millimetres","125.6"
"Precipitation Amount","1984 January","Cork Airport","Millimetres","194"
"Precipitation Amount","1984 January","Casement","Millimetres","109.3"
"Precipitation Amount","1984 January","Phoenix Park","Millimetres",""
"Precipitation Amount","1984 January","Roches Point","Millimetres",""
"Precipitation Amount","1984 January","Markree","Millimetres",""
"Precipitation Amount","1984 February","Malin Head","Millimetres","108.8"
"Precipitation Amount","1984 February","Claremorris","Millimetres","76.9"
"Precipitation Amount","1984 February","Valentia Observatory","Millimetres","104.5"
"Precipitation Amount","1984 February","Belmullet","Millimetres","87.6"
"Precipitation Amount","1984 February","Shannon Airport","Millimetres","94.6"
"Precipitation Amount","1984 February","Dublin Airport","Millimetres","60.3"
"Precipitation Amount","1984 February","Mullingar","Millimetres","67"
"Precipitation Amount","1984 February","Cork Airport","Millimetres","85.8"
"Precipitation Amount","1984 February","Casement","Millimetres","40.4"
"Precipitation Amount","1984 February","Phoenix Park","Millimetres",""
"Precipitation Amount","1984 February","Roches Point","Millimetres",""
"Precipitation Amount","1984 February","Markree","Millimetres",""
"Precipitation Amount","1984 March","Malin Head","Millimetres","42.4"
"Precipitation Amount","1984 March","Claremorris","Millimetres","51.5"
"Precipitation Amount","1984 March","Valentia Observatory","Millimetres","51.2"
"Precipitation Amount","1984 March","Belmullet","Millimetres","47.5"
"Precipitation Amount","1984 March","Shannon Airport","Millimetres","34.5"
"Precipitation Amount","1984 March","Dublin Airport","Millimetres","53.2"
"Precipitation Amount","1984 March","Mullingar","Millimetres","73"
"Precipitation Amount","1984 March","Cork Airport","Millimetres","60.7"
"Precipitation Amount","1984 March","Casement","Millimetres","44.4"
"Precipitation Amount","1984 March","Phoenix Park","Millimetres",""
"Precipitation Amount","1984 March","Roches Point","Millimetres",""
"Precipitation Amount","1984 March","Markree","Millimetres",""
"Precipitation Amount","1984 April","Malin Head","Millimetres","36.6"
"Precipitation Amount","1984 April","Claremorris","Millimetres","35.4"
"Precipitation Amount","1984 April","Valentia Observatory","Millimetres","90.3"
"Precipitation Amount","1984 April","Belmullet","Millimetres","30.5"
"Precipitation Amount","1984 April","Shannon Airport","Millimetres","46"
"Precipitation Amount","1984 April","Dublin Airport","Millimetres","32.6"
"Precipitation Amount","1984 April","Mullingar","Millimetres","41.3"
"Precipitation Amount","1984 April","Cork Airport","Millimetres","53.1"
"Precipitation Amount","1984 April","Casement","Millimetres","41.8"
"Precipitation Amount","1984 April","Phoenix Park","Millimetres",""
"Precipitation Amount","1984 April","Roches Point","Millimetres",""
"Precipitation Amount","1984 April","Markree","Millimetres",""
"Precipitation Amount","1984 May","Malin Head","Millimetres","28.1"
"Precipitation Amount","1984 May","Claremorris","Millimetres","28.4"
"Precipitation Amount","1984 May","Valentia Observatory","Millimetres","41.3"
"Precipitation Amount","1984 May","Belmullet","Millimetres","39.4"
"Precipitation Amount","1984 May","Shannon Airport","Millimetres","27.5"
"Precipitation Amount","1984 May","Dublin Airport","Millimetres","34.4"
"Precipitation Amount","1984 May","Mullingar","Millimetres","16.7"
"Precipitation Amount","1984 May","Cork Airport","Millimetres","43.4"
"Precipitation Amount","1984 May","Casement","Millimetres","29.8"
"Precipitation Amount","1984 May","Phoenix Park","Millimetres",""
"Precipitation Amount","1984 May","Roches Point","Millimetres",""
"Precipitation Amount","1984 May","Markree","Millimetres",""
"Precipitation Amount","1984 June","Malin Head","Millimetres","59.5"
"Precipitation Amount","1984 June","Claremorris","Millimetres","48.3"
"Precipitation Amount","1984 June","Valentia Observatory","Millimetres","42.7"
"Precipitation Amount","1984 June","Belmullet","Millimetres","72.4"
"Precipitation Amount","1984 June","Shannon Airport","Millimetres","33.4"
"Precipitation Amount","1984 June","Dublin Airport","Millimetres","38.1"
"Precipitation Amount","1984 June","Mullingar","Millimetres","52"
"Precipitation Amount","1984 June","Cork Airport","Millimetres","47.3"
"Precipitation Amount","1984 June","Casement","Millimetres","36.2"
"Precipitation Amount","1984 June","Phoenix Park","Millimetres",""
"Precipitation Amount","1984 June","Roches Point","Millimetres",""
"Precipitation Amount","1984 June","Markree","Millimetres",""
"Precipitation Amount","1984 July","Malin Head","Millimetres","44.9"
"Precipitation Amount","1984 July","Claremorris","Millimetres","34.9"
"Precipitation Amount","1984 July","Valentia Observatory","Millimetres","79.3"
"Precipitation Amount","1984 July","Belmullet","Millimetres","49.3"
"Precipitation Amount","1984 July","Shannon Airport","Millimetres","35.2"
"Precipitation Amount","1984 July","Dublin Airport","Millimetres","30.8"
"Precipitation Amount","1984 July","Mullingar","Millimetres","42.6"
"Precipitation Amount","1984 July","Cork Airport","Millimetres","46.3"
"Precipitation Amount","1984 July","Casement","Millimetres","22.8"
"Precipitation Amount","1984 July","Phoenix Park","Millimetres",""
"Precipitation Amount","1984 July","Roches Point","Millimetres",""
"Precipitation Amount","1984 July","Markree","Millimetres",""
"Precipitation Amount","1984 August","Malin Head","Millimetres","64.5"
"Precipitation Amount","1984 August","Claremorris","Millimetres","55"
"Precipitation Amount","1984 August","Valentia Observatory","Millimetres","115.1"
"Precipitation Amount","1984 August","Belmullet","Millimetres","51.9"
"Precipitation Amount","1984 August","Shannon Airport","Millimetres","65"
"Precipitation Amount","1984 August","Dublin Airport","Millimetres","95"
"Precipitation Amount","1984 August","Mullingar","Millimetres","116.8"
"Precipitation Amount","1984 August","Cork Airport","Millimetres","59"
"Precipitation Amount","1984 August","Casement","Millimetres","52.2"
"Precipitation Amount","1984 August","Phoenix Park","Millimetres",""
"Precipitation Amount","1984 August","Roches Point","Millimetres",""
"Precipitation Amount","1984 August","Markree","Millimetres",""
"Precipitation Amount","1984 September","Malin Head","Millimetres","117.7"
"Precipitation Amount","1984 September","Claremorris","Millimetres","108.7"
"Precipitation Amount","1984 September","Valentia Observatory","Millimetres","104.6"
"Precipitation Amount","1984 September","Belmullet","Millimetres","92.9"
"Precipitation Amount","1984 September","Shannon Airport","Millimetres","82.3"
"Precipitation Amount","1984 September","Dublin Airport","Millimetres","76.7"
"Precipitation Amount","1984 September","Mullingar","Millimetres","107.7"
"Precipitation Amount","1984 September","Cork Airport","Millimetres","88.6"
"Precipitation Amount","1984 September","Casement","Millimetres","71"
"Precipitation Amount","1984 September","Phoenix Park","Millimetres",""
"Precipitation Amount","1984 September","Roches Point","Millimetres",""
"Precipitation Amount","1984 September","Markree","Millimetres",""
"Precipitation Amount","1984 October","Malin Head","Millimetres","119.4"
"Precipitation Amount","1984 October","Claremorris","Millimetres","130.9"
"Precipitation Amount","1984 October","Valentia Observatory","Millimetres","206.4"
"Precipitation Amount","1984 October","Belmullet","Millimetres","200.4"
"Precipitation Amount","1984 October","Shannon Airport","Millimetres","96.2"
"Precipitation Amount","1984 October","Dublin Airport","Millimetres","56.2"
"Precipitation Amount","1984 October","Mullingar","Millimetres","103.2"
"Precipitation Amount","1984 October","Cork Airport","Millimetres","123.5"
"Precipitation Amount","1984 October","Casement","Millimetres","57.5"
"Precipitation Amount","1984 October","Phoenix Park","Millimetres",""
"Precipitation Amount","1984 October","Roches Point","Millimetres",""
"Precipitation Amount","1984 October","Markree","Millimetres",""
"Precipitation Amount","1984 November","Malin Head","Millimetres","113.1"
"Precipitation Amount","1984 November","Claremorris","Millimetres","155.9"
"Precipitation Amount","1984 November","Valentia Observatory","Millimetres","240.7"
"Precipitation Amount","1984 November","Belmullet","Millimetres","245.1"
"Precipitation Amount","1984 November","Shannon Airport","Millimetres","105.7"
"Precipitation Amount","1984 November","Dublin Airport","Millimetres","97.2"
"Precipitation Amount","1984 November","Mullingar","Millimetres","119.1"
"Precipitation Amount","1984 November","Cork Airport","Millimetres","187.1"
"Precipitation Amount","1984 November","Casement","Millimetres","97.8"
"Precipitation Amount","1984 November","Phoenix Park","Millimetres",""
"Precipitation Amount","1984 November","Roches Point","Millimetres",""
"Precipitation Amount","1984 November","Markree","Millimetres",""
"Precipitation Amount","1984 December","Malin Head","Millimetres","101.5"
"Precipitation Amount","1984 December","Claremorris","Millimetres","120.5"
"Precipitation Amount","1984 December","Valentia Observatory","Millimetres","186.6"
"Precipitation Amount","1984 December","Belmullet","Millimetres","129.4"
"Precipitation Amount","1984 December","Shannon Airport","Millimetres","89.9"
"Precipitation Amount","1984 December","Dublin Airport","Millimetres","87.7"
"Precipitation Amount","1984 December","Mullingar","Millimetres","126.8"
"Precipitation Amount","1984 December","Cork Airport","Millimetres","99.5"
"Precipitation Amount","1984 December","Casement","Millimetres","87.3"
"Precipitation Amount","1984 December","Phoenix Park","Millimetres",""
"Precipitation Amount","1984 December","Roches Point","Millimetres",""
"Precipitation Amount","1984 December","Markree","Millimetres",""
"Precipitation Amount","1985 January","Malin Head","Millimetres","106.2"
"Precipitation Amount","1985 January","Claremorris","Millimetres","62.1"
"Precipitation Amount","1985 January","Valentia Observatory","Millimetres","110.5"
"Precipitation Amount","1985 January","Belmullet","Millimetres","84.2"
"Precipitation Amount","1985 January","Shannon Airport","Millimetres","34.1"
"Precipitation Amount","1985 January","Dublin Airport","Millimetres","66.5"
"Precipitation Amount","1985 January","Mullingar","Millimetres","56.1"
"Precipitation Amount","1985 January","Cork Airport","Millimetres","102"
"Precipitation Amount","1985 January","Casement","Millimetres","30.2"
"Precipitation Amount","1985 January","Phoenix Park","Millimetres",""
"Precipitation Amount","1985 January","Roches Point","Millimetres",""
"Precipitation Amount","1985 January","Markree","Millimetres",""
"Precipitation Amount","1985 February","Malin Head","Millimetres","33.6"
"Precipitation Amount","1985 February","Claremorris","Millimetres","38.2"
"Precipitation Amount","1985 February","Valentia Observatory","Millimetres","110.7"
"Precipitation Amount","1985 February","Belmullet","Millimetres","28.8"
"Precipitation Amount","1985 February","Shannon Airport","Millimetres","33.6"
"Precipitation Amount","1985 February","Dublin Airport","Millimetres","52"
"Precipitation Amount","1985 February","Mullingar","Millimetres","43.8"
"Precipitation Amount","1985 February","Cork Airport","Millimetres","123.4"
"Precipitation Amount","1985 February","Casement","Millimetres","20.4"
"Precipitation Amount","1985 February","Phoenix Park","Millimetres",""
"Precipitation Amount","1985 February","Roches Point","Millimetres",""
"Precipitation Amount","1985 February","Markree","Millimetres",""
"Precipitation Amount","1985 March","Malin Head","Millimetres","100.7"
"Precipitation Amount","1985 March","Claremorris","Millimetres","105.3"
"Precipitation Amount","1985 March","Valentia Observatory","Millimetres","196"
"Precipitation Amount","1985 March","Belmullet","Millimetres","104.9"
"Precipitation Amount","1985 March","Shannon Airport","Millimetres","91.1"
"Precipitation Amount","1985 March","Dublin Airport","Millimetres","72.5"
"Precipitation Amount","1985 March","Mullingar","Millimetres","70.2"
"Precipitation Amount","1985 March","Cork Airport","Millimetres","115.2"
"Precipitation Amount","1985 March","Casement","Millimetres","45.2"
"Precipitation Amount","1985 March","Phoenix Park","Millimetres",""
"Precipitation Amount","1985 March","Roches Point","Millimetres",""
"Precipitation Amount","1985 March","Markree","Millimetres",""
"Precipitation Amount","1985 April","Malin Head","Millimetres","77.9"
"Precipitation Amount","1985 April","Claremorris","Millimetres","80.8"
"Precipitation Amount","1985 April","Valentia Observatory","Millimetres","70.8"
"Precipitation Amount","1985 April","Belmullet","Millimetres","82"
"Precipitation Amount","1985 April","Shannon Airport","Millimetres","56.3"
"Precipitation Amount","1985 April","Dublin Airport","Millimetres","40.2"
"Precipitation Amount","1985 April","Mullingar","Millimetres","55.8"
"Precipitation Amount","1985 April","Cork Airport","Millimetres","66.3"
"Precipitation Amount","1985 April","Casement","Millimetres","39.1"
"Precipitation Amount","1985 April","Phoenix Park","Millimetres",""
"Precipitation Amount","1985 April","Roches Point","Millimetres",""
"Precipitation Amount","1985 April","Markree","Millimetres",""
"Precipitation Amount","1985 May","Malin Head","Millimetres","56.4"
"Precipitation Amount","1985 May","Claremorris","Millimetres","160.8"
"Precipitation Amount","1985 May","Valentia Observatory","Millimetres","131.6"
"Precipitation Amount","1985 May","Belmullet","Millimetres","118.8"
"Precipitation Amount","1985 May","Shannon Airport","Millimetres","71.4"
"Precipitation Amount","1985 May","Dublin Airport","Millimetres","70.1"
"Precipitation Amount","1985 May","Mullingar","Millimetres","110.8"
"Precipitation Amount","1985 May","Cork Airport","Millimetres","53.7"
"Precipitation Amount","1985 May","Casement","Millimetres","95.2"
"Precipitation Amount","1985 May","Phoenix Park","Millimetres",""
"Precipitation Amount","1985 May","Roches Point","Millimetres",""
"Precipitation Amount","1985 May","Markree","Millimetres",""
"Precipitation Amount","1985 June","Malin Head","Millimetres","53.7"
"Precipitation Amount","1985 June","Claremorris","Millimetres","79.7"
"Precipitation Amount","1985 June","Valentia Observatory","Millimetres","112.6"
"Precipitation Amount","1985 June","Belmullet","Millimetres","56.4"
"Precipitation Amount","1985 June","Shannon Airport","Millimetres","74.6"
"Precipitation Amount","1985 June","Dublin Airport","Millimetres","78.5"
"Precipitation Amount","1985 June","Mullingar","Millimetres","65.7"
"Precipitation Amount","1985 June","Cork Airport","Millimetres","101.3"
"Precipitation Amount","1985 June","Casement","Millimetres","64.3"
"Precipitation Amount","1985 June","Phoenix Park","Millimetres",""
"Precipitation Amount","1985 June","Roches Point","Millimetres",""
"Precipitation Amount","1985 June","Markree","Millimetres",""
"Precipitation Amount","1985 July","Malin Head","Millimetres","152.3"
"Precipitation Amount","1985 July","Claremorris","Millimetres","63.9"
"Precipitation Amount","1985 July","Valentia Observatory","Millimetres","66.5"
"Precipitation Amount","1985 July","Belmullet","Millimetres","80.4"
"Precipitation Amount","1985 July","Shannon Airport","Millimetres","94.8"
"Precipitation Amount","1985 July","Dublin Airport","Millimetres","107.2"
"Precipitation Amount","1985 July","Mullingar","Millimetres","105.1"
"Precipitation Amount","1985 July","Cork Airport","Millimetres","50.4"
"Precipitation Amount","1985 July","Casement","Millimetres","88.1"
"Precipitation Amount","1985 July","Phoenix Park","Millimetres",""
"Precipitation Amount","1985 July","Roches Point","Millimetres",""
"Precipitation Amount","1985 July","Markree","Millimetres",""
"Precipitation Amount","1985 August","Malin Head","Millimetres","180.8"
"Precipitation Amount","1985 August","Claremorris","Millimetres","258.6"
"Precipitation Amount","1985 August","Valentia Observatory","Millimetres","272.9"
"Precipitation Amount","1985 August","Belmullet","Millimetres","224.8"
"Precipitation Amount","1985 August","Shannon Airport","Millimetres","181.4"
"Precipitation Amount","1985 August","Dublin Airport","Millimetres","124.6"
"Precipitation Amount","1985 August","Mullingar","Millimetres","180"
"Precipitation Amount","1985 August","Cork Airport","Millimetres","177.6"
"Precipitation Amount","1985 August","Casement","Millimetres","124.8"
"Precipitation Amount","1985 August","Phoenix Park","Millimetres",""
"Precipitation Amount","1985 August","Roches Point","Millimetres",""
"Precipitation Amount","1985 August","Markree","Millimetres",""
"Precipitation Amount","1985 September","Malin Head","Millimetres","218.9"
"Precipitation Amount","1985 September","Claremorris","Millimetres","150.4"
"Precipitation Amount","1985 September","Valentia Observatory","Millimetres","117.7"
"Precipitation Amount","1985 September","Belmullet","Millimetres","205.5"
"Precipitation Amount","1985 September","Shannon Airport","Millimetres","69.1"
"Precipitation Amount","1985 September","Dublin Airport","Millimetres","38.2"
"Precipitation Amount","1985 September","Mullingar","Millimetres","107.1"
"Precipitation Amount","1985 September","Cork Airport","Millimetres","80.3"
"Precipitation Amount","1985 September","Casement","Millimetres","37.1"
"Precipitation Amount","1985 September","Phoenix Park","Millimetres",""
"Precipitation Amount","1985 September","Roches Point","Millimetres",""
"Precipitation Amount","1985 September","Markree","Millimetres",""
"Precipitation Amount","1985 October","Malin Head","Millimetres","30.4"
"Precipitation Amount","1985 October","Claremorris","Millimetres","61.6"
"Precipitation Amount","1985 October","Valentia Observatory","Millimetres","94.6"
"Precipitation Amount","1985 October","Belmullet","Millimetres","70.1"
"Precipitation Amount","1985 October","Shannon Airport","Millimetres","53.3"
"Precipitation Amount","1985 October","Dublin Airport","Millimetres","19.7"
"Precipitation Amount","1985 October","Mullingar","Millimetres","66.9"
"Precipitation Amount","1985 October","Cork Airport","Millimetres","84.6"
"Precipitation Amount","1985 October","Casement","Millimetres","26.9"
"Precipitation Amount","1985 October","Phoenix Park","Millimetres",""
"Precipitation Amount","1985 October","Roches Point","Millimetres",""
"Precipitation Amount","1985 October","Markree","Millimetres",""
"Precipitation Amount","1985 November","Malin Head","Millimetres","74.8"
"Precipitation Amount","1985 November","Claremorris","Millimetres","78.9"
"Precipitation Amount","1985 November","Valentia Observatory","Millimetres","168.3"
"Precipitation Amount","1985 November","Belmullet","Millimetres","87.7"
"Precipitation Amount","1985 November","Shannon Airport","Millimetres","46.9"
"Precipitation Amount","1985 November","Dublin Airport","Millimetres","33.5"
"Precipitation Amount","1985 November","Mullingar","Millimetres","55.9"
"Precipitation Amount","1985 November","Cork Airport","Millimetres","99.1"
"Precipitation Amount","1985 November","Casement","Millimetres","32.4"
"Precipitation Amount","1985 November","Phoenix Park","Millimetres",""
"Precipitation Amount","1985 November","Roches Point","Millimetres",""
"Precipitation Amount","1985 November","Markree","Millimetres",""
"Precipitation Amount","1985 December","Malin Head","Millimetres","90.1"
"Precipitation Amount","1985 December","Claremorris","Millimetres","173.4"
"Precipitation Amount","1985 December","Valentia Observatory","Millimetres","164.5"
"Precipitation Amount","1985 December","Belmullet","Millimetres","152.2"
"Precipitation Amount","1985 December","Shannon Airport","Millimetres","90.7"
"Precipitation Amount","1985 December","Dublin Airport","Millimetres","72.4"
"Precipitation Amount","1985 December","Mullingar","Millimetres","106.3"
"Precipitation Amount","1985 December","Cork Airport","Millimetres","180.6"
"Precipitation Amount","1985 December","Casement","Millimetres","76.8"
"Precipitation Amount","1985 December","Phoenix Park","Millimetres",""
"Precipitation Amount","1985 December","Roches Point","Millimetres",""
"Precipitation Amount","1985 December","Markree","Millimetres",""
"Precipitation Amount","1986 January","Malin Head","Millimetres","182.7"
"Precipitation Amount","1986 January","Claremorris","Millimetres","145.5"
"Precipitation Amount","1986 January","Valentia Observatory","Millimetres","161.4"
"Precipitation Amount","1986 January","Belmullet","Millimetres","124.7"
"Precipitation Amount","1986 January","Shannon Airport","Millimetres","137.9"
"Precipitation Amount","1986 January","Dublin Airport","Millimetres","103.4"
"Precipitation Amount","1986 January","Mullingar","Millimetres","106.8"
"Precipitation Amount","1986 January","Cork Airport","Millimetres","105"
"Precipitation Amount","1986 January","Casement","Millimetres","90.1"
"Precipitation Amount","1986 January","Phoenix Park","Millimetres",""
"Precipitation Amount","1986 January","Roches Point","Millimetres",""
"Precipitation Amount","1986 January","Markree","Millimetres",""
"Precipitation Amount","1986 February","Malin Head","Millimetres","9.9"
"Precipitation Amount","1986 February","Claremorris","Millimetres","1.8"
"Precipitation Amount","1986 February","Valentia Observatory","Millimetres","20.1"
"Precipitation Amount","1986 February","Belmullet","Millimetres","4.2"
"Precipitation Amount","1986 February","Shannon Airport","Millimetres","0.8"
"Precipitation Amount","1986 February","Dublin Airport","Millimetres","10.2"
"Precipitation Amount","1986 February","Mullingar","Millimetres","9.3"
"Precipitation Amount","1986 February","Cork Airport","Millimetres","5.6"
"Precipitation Amount","1986 February","Casement","Millimetres","13.5"
"Precipitation Amount","1986 February","Phoenix Park","Millimetres",""
"Precipitation Amount","1986 February","Roches Point","Millimetres",""
"Precipitation Amount","1986 February","Markree","Millimetres",""
"Precipitation Amount","1986 March","Malin Head","Millimetres","123.5"
"Precipitation Amount","1986 March","Claremorris","Millimetres","147.2"
"Precipitation Amount","1986 March","Valentia Observatory","Millimetres","182.1"
"Precipitation Amount","1986 March","Belmullet","Millimetres","163.1"
"Precipitation Amount","1986 March","Shannon Airport","Millimetres","128.8"
"Precipitation Amount","1986 March","Dublin Airport","Millimetres","64.7"
"Precipitation Amount","1986 March","Mullingar","Millimetres","99.5"
"Precipitation Amount","1986 March","Cork Airport","Millimetres","115.5"
"Precipitation Amount","1986 March","Casement","Millimetres","57.7"
"Precipitation Amount","1986 March","Phoenix Park","Millimetres",""
"Precipitation Amount","1986 March","Roches Point","Millimetres",""
"Precipitation Amount","1986 March","Markree","Millimetres",""
"Precipitation Amount","1986 April","Malin Head","Millimetres","69.6"
"Precipitation Amount","1986 April","Claremorris","Millimetres","79.1"
"Precipitation Amount","1986 April","Valentia Observatory","Millimetres","77.3"
"Precipitation Amount","1986 April","Belmullet","Millimetres","96"
"Precipitation Amount","1986 April","Shannon Airport","Millimetres","56.4"
"Precipitation Amount","1986 April","Dublin Airport","Millimetres","48.2"
"Precipitation Amount","1986 April","Mullingar","Millimetres","75.8"
"Precipitation Amount","1986 April","Cork Airport","Millimetres","40.8"
"Precipitation Amount","1986 April","Casement","Millimetres","49.6"
"Precipitation Amount","1986 April","Phoenix Park","Millimetres",""
"Precipitation Amount","1986 April","Roches Point","Millimetres",""
"Precipitation Amount","1986 April","Markree","Millimetres",""
"Precipitation Amount","1986 May","Malin Head","Millimetres","98.9"
"Precipitation Amount","1986 May","Claremorris","Millimetres","174.8"
"Precipitation Amount","1986 May","Valentia Observatory","Millimetres","182.4"
"Precipitation Amount","1986 May","Belmullet","Millimetres","150.9"
"Precipitation Amount","1986 May","Shannon Airport","Millimetres","106.4"
"Precipitation Amount","1986 May","Dublin Airport","Millimetres","62.5"
"Precipitation Amount","1986 May","Mullingar","Millimetres","115.5"
"Precipitation Amount","1986 May","Cork Airport","Millimetres","142.6"
"Precipitation Amount","1986 May","Casement","Millimetres","59.8"
"Precipitation Amount","1986 May","Phoenix Park","Millimetres",""
"Precipitation Amount","1986 May","Roches Point","Millimetres",""
"Precipitation Amount","1986 May","Markree","Millimetres",""
"Precipitation Amount","1986 June","Malin Head","Millimetres","42.1"
"Precipitation Amount","1986 June","Claremorris","Millimetres","94"
"Precipitation Amount","1986 June","Valentia Observatory","Millimetres","56.6"
"Precipitation Amount","1986 June","Belmullet","Millimetres","95.6"
"Precipitation Amount","1986 June","Shannon Airport","Millimetres","91.5"
"Precipitation Amount","1986 June","Dublin Airport","Millimetres","82.1"
"Precipitation Amount","1986 June","Mullingar","Millimetres","98.7"
"Precipitation Amount","1986 June","Cork Airport","Millimetres","74.8"
"Precipitation Amount","1986 June","Casement","Millimetres","92.5"
"Precipitation Amount","1986 June","Phoenix Park","Millimetres",""
"Precipitation Amount","1986 June","Roches Point","Millimetres",""
"Precipitation Amount","1986 June","Markree","Millimetres",""
"Precipitation Amount","1986 July","Malin Head","Millimetres","76.2"
"Precipitation Amount","1986 July","Claremorris","Millimetres","74.9"
"Precipitation Amount","1986 July","Valentia Observatory","Millimetres","98.5"
"Precipitation Amount","1986 July","Belmullet","Millimetres","93.5"
"Precipitation Amount","1986 July","Shannon Airport","Millimetres","40.8"
"Precipitation Amount","1986 July","Dublin Airport","Millimetres","57.5"
"Precipitation Amount","1986 July","Mullingar","Millimetres","71.6"
"Precipitation Amount","1986 July","Cork Airport","Millimetres","68.5"
"Precipitation Amount","1986 July","Casement","Millimetres","59.8"
"Precipitation Amount","1986 July","Phoenix Park","Millimetres",""
"Precipitation Amount","1986 July","Roches Point","Millimetres",""
"Precipitation Amount","1986 July","Markree","Millimetres",""
"Precipitation Amount","1986 August","Malin Head","Millimetres","83.9"
"Precipitation Amount","1986 August","Claremorris","Millimetres","160.5"
"Precipitation Amount","1986 August","Valentia Observatory","Millimetres","205.9"
"Precipitation Amount","1986 August","Belmullet","Millimetres","114.7"
"Precipitation Amount","1986 August","Shannon Airport","Millimetres","113.7"
"Precipitation Amount","1986 August","Dublin Airport","Millimetres","158.7"
"Precipitation Amount","1986 August","Mullingar","Millimetres","162.7"
"Precipitation Amount","1986 August","Cork Airport","Millimetres","226.9"
"Precipitation Amount","1986 August","Casement","Millimetres","159.3"
"Precipitation Amount","1986 August","Phoenix Park","Millimetres",""
"Precipitation Amount","1986 August","Roches Point","Millimetres",""
"Precipitation Amount","1986 August","Markree","Millimetres",""
"Precipitation Amount","1986 September","Malin Head","Millimetres","29.3"
"Precipitation Amount","1986 September","Claremorris","Millimetres","7.3"
"Precipitation Amount","1986 September","Valentia Observatory","Millimetres","13.4"
"Precipitation Amount","1986 September","Belmullet","Millimetres","24.8"
"Precipitation Amount","1986 September","Shannon Airport","Millimetres","10"
"Precipitation Amount","1986 September","Dublin Airport","Millimetres","3.6"
"Precipitation Amount","1986 September","Mullingar","Millimetres","3.6"
"Precipitation Amount","1986 September","Cork Airport","Millimetres","4.9"
"Precipitation Amount","1986 September","Casement","Millimetres","1.7"
"Precipitation Amount","1986 September","Phoenix Park","Millimetres",""
"Precipitation Amount","1986 September","Roches Point","Millimetres",""
"Precipitation Amount","1986 September","Markree","Millimetres",""
"Precipitation Amount","1986 October","Malin Head","Millimetres","89.2"
"Precipitation Amount","1986 October","Claremorris","Millimetres","119.6"
"Precipitation Amount","1986 October","Valentia Observatory","Millimetres","127.3"
"Precipitation Amount","1986 October","Belmullet","Millimetres","169.3"
"Precipitation Amount","1986 October","Shannon Airport","Millimetres","96.4"
"Precipitation Amount","1986 October","Dublin Airport","Millimetres","57"
"Precipitation Amount","1986 October","Mullingar","Millimetres","101.6"
"Precipitation Amount","1986 October","Cork Airport","Millimetres","91.8"
"Precipitation Amount","1986 October","Casement","Millimetres","57"
"Precipitation Amount","1986 October","Phoenix Park","Millimetres",""
"Precipitation Amount","1986 October","Roches Point","Millimetres",""
"Precipitation Amount","1986 October","Markree","Millimetres",""
"Precipitation Amount","1986 November","Malin Head","Millimetres","137.8"
"Precipitation Amount","1986 November","Claremorris","Millimetres","180.3"
"Precipitation Amount","1986 November","Valentia Observatory","Millimetres","196.7"
"Precipitation Amount","1986 November","Belmullet","Millimetres","180.3"
"Precipitation Amount","1986 November","Shannon Airport","Millimetres","109"
"Precipitation Amount","1986 November","Dublin Airport","Millimetres","102.2"
"Precipitation Amount","1986 November","Mullingar","Millimetres","112.2"
"Precipitation Amount","1986 November","Cork Airport","Millimetres","147.2"
"Precipitation Amount","1986 November","Casement","Millimetres","94.2"
"Precipitation Amount","1986 November","Phoenix Park","Millimetres",""
"Precipitation Amount","1986 November","Roches Point","Millimetres",""
"Precipitation Amount","1986 November","Markree","Millimetres",""
"Precipitation Amount","1986 December","Malin Head","Millimetres","218.9"
"Precipitation Amount","1986 December","Claremorris","Millimetres","208.9"
"Precipitation Amount","1986 December","Valentia Observatory","Millimetres","247.9"
"Precipitation Amount","1986 December","Belmullet","Millimetres","226.7"
"Precipitation Amount","1986 December","Shannon Airport","Millimetres","155.9"
"Precipitation Amount","1986 December","Dublin Airport","Millimetres","71.8"
"Precipitation Amount","1986 December","Mullingar","Millimetres","124.3"
"Precipitation Amount","1986 December","Cork Airport","Millimetres","221.9"
"Precipitation Amount","1986 December","Casement","Millimetres","92.1"
"Precipitation Amount","1986 December","Phoenix Park","Millimetres",""
"Precipitation Amount","1986 December","Roches Point","Millimetres",""
"Precipitation Amount","1986 December","Markree","Millimetres",""
"Precipitation Amount","1987 January","Malin Head","Millimetres","38.1"
"Precipitation Amount","1987 January","Claremorris","Millimetres","35.7"
"Precipitation Amount","1987 January","Valentia Observatory","Millimetres","78.3"
"Precipitation Amount","1987 January","Belmullet","Millimetres","57.8"
"Precipitation Amount","1987 January","Shannon Airport","Millimetres","39"
"Precipitation Amount","1987 January","Dublin Airport","Millimetres","36.6"
"Precipitation Amount","1987 January","Mullingar","Millimetres","33.6"
"Precipitation Amount","1987 January","Cork Airport","Millimetres","78"
"Precipitation Amount","1987 January","Casement","Millimetres","17.9"
"Precipitation Amount","1987 January","Phoenix Park","Millimetres",""
"Precipitation Amount","1987 January","Roches Point","Millimetres",""
"Precipitation Amount","1987 January","Markree","Millimetres",""
"Precipitation Amount","1987 February","Malin Head","Millimetres","73.6"
"Precipitation Amount","1987 February","Claremorris","Millimetres","70.3"
"Precipitation Amount","1987 February","Valentia Observatory","Millimetres","141.8"
"Precipitation Amount","1987 February","Belmullet","Millimetres","70.1"
"Precipitation Amount","1987 February","Shannon Airport","Millimetres","52.6"
"Precipitation Amount","1987 February","Dublin Airport","Millimetres","34.5"
"Precipitation Amount","1987 February","Mullingar","Millimetres","48.2"
"Precipitation Amount","1987 February","Cork Airport","Millimetres","129.3"
"Precipitation Amount","1987 February","Casement","Millimetres","23.9"
"Precipitation Amount","1987 February","Phoenix Park","Millimetres",""
"Precipitation Amount","1987 February","Roches Point","Millimetres",""
"Precipitation Amount","1987 February","Markree","Millimetres",""
"Precipitation Amount","1987 March","Malin Head","Millimetres","100.2"
"Precipitation Amount","1987 March","Claremorris","Millimetres","105"
"Precipitation Amount","1987 March","Valentia Observatory","Millimetres","127.5"
"Precipitation Amount","1987 March","Belmullet","Millimetres","117.1"
"Precipitation Amount","1987 March","Shannon Airport","Millimetres","69.6"
"Precipitation Amount","1987 March","Dublin Airport","Millimetres","56.6"
"Precipitation Amount","1987 March","Mullingar","Millimetres","93.5"
"Precipitation Amount","1987 March","Cork Airport","Millimetres","129.3"
"Precipitation Amount","1987 March","Casement","Millimetres","43"
"Precipitation Amount","1987 March","Phoenix Park","Millimetres",""
"Precipitation Amount","1987 March","Roches Point","Millimetres",""
"Precipitation Amount","1987 March","Markree","Millimetres",""
"Precipitation Amount","1987 April","Malin Head","Millimetres","40.1"
"Precipitation Amount","1987 April","Claremorris","Millimetres","64.3"
"Precipitation Amount","1987 April","Valentia Observatory","Millimetres","49.5"
"Precipitation Amount","1987 April","Belmullet","Millimetres","50.6"
"Precipitation Amount","1987 April","Shannon Airport","Millimetres","53.7"
"Precipitation Amount","1987 April","Dublin Airport","Millimetres","71.8"
"Precipitation Amount","1987 April","Mullingar","Millimetres","48.2"
"Precipitation Amount","1987 April","Cork Airport","Millimetres","98.8"
"Precipitation Amount","1987 April","Casement","Millimetres","105.9"
"Precipitation Amount","1987 April","Phoenix Park","Millimetres",""
"Precipitation Amount","1987 April","Roches Point","Millimetres",""
"Precipitation Amount","1987 April","Markree","Millimetres",""
"Precipitation Amount","1987 May","Malin Head","Millimetres","45.6"
"Precipitation Amount","1987 May","Claremorris","Millimetres","23.1"
"Precipitation Amount","1987 May","Valentia Observatory","Millimetres","10.3"
"Precipitation Amount","1987 May","Belmullet","Millimetres","41.8"
"Precipitation Amount","1987 May","Shannon Airport","Millimetres","20.9"
"Precipitation Amount","1987 May","Dublin Airport","Millimetres","21.7"
"Precipitation Amount","1987 May","Mullingar","Millimetres","28.8"
"Precipitation Amount","1987 May","Cork Airport","Millimetres","24.5"
"Precipitation Amount","1987 May","Casement","Millimetres","22.3"
"Precipitation Amount","1987 May","Phoenix Park","Millimetres",""
"Precipitation Amount","1987 May","Roches Point","Millimetres",""
"Precipitation Amount","1987 May","Markree","Millimetres",""
"Precipitation Amount","1987 June","Malin Head","Millimetres","74.8"
"Precipitation Amount","1987 June","Claremorris","Millimetres","85.8"
"Precipitation Amount","1987 June","Valentia Observatory","Millimetres","121.3"
"Precipitation Amount","1987 June","Belmullet","Millimetres","81.5"
"Precipitation Amount","1987 June","Shannon Airport","Millimetres","109.2"
"Precipitation Amount","1987 June","Dublin Airport","Millimetres","112.5"
"Precipitation Amount","1987 June","Mullingar","Millimetres","130.2"
"Precipitation Amount","1987 June","Cork Airport","Millimetres","122.5"
"Precipitation Amount","1987 June","Casement","Millimetres","95.7"
"Precipitation Amount","1987 June","Phoenix Park","Millimetres",""
"Precipitation Amount","1987 June","Roches Point","Millimetres",""
"Precipitation Amount","1987 June","Markree","Millimetres",""
"Precipitation Amount","1987 July","Malin Head","Millimetres","121.6"
"Precipitation Amount","1987 July","Claremorris","Millimetres","39.2"
"Precipitation Amount","1987 July","Valentia Observatory","Millimetres","58.5"
"Precipitation Amount","1987 July","Belmullet","Millimetres","97.6"
"Precipitation Amount","1987 July","Shannon Airport","Millimetres","41.7"
"Precipitation Amount","1987 July","Dublin Airport","Millimetres","32.6"
"Precipitation Amount","1987 July","Mullingar","Millimetres","41.6"
"Precipitation Amount","1987 July","Cork Airport","Millimetres","42"
"Precipitation Amount","1987 July","Casement","Millimetres","50.7"
"Precipitation Amount","1987 July","Phoenix Park","Millimetres",""
"Precipitation Amount","1987 July","Roches Point","Millimetres",""
"Precipitation Amount","1987 July","Markree","Millimetres",""
"Precipitation Amount","1987 August","Malin Head","Millimetres","82.1"
"Precipitation Amount","1987 August","Claremorris","Millimetres","98.4"
"Precipitation Amount","1987 August","Valentia Observatory","Millimetres","65.7"
"Precipitation Amount","1987 August","Belmullet","Millimetres","101.2"
"Precipitation Amount","1987 August","Shannon Airport","Millimetres","37.7"
"Precipitation Amount","1987 August","Dublin Airport","Millimetres","87.4"
"Precipitation Amount","1987 August","Mullingar","Millimetres","73.4"
"Precipitation Amount","1987 August","Cork Airport","Millimetres","88.1"
"Precipitation Amount","1987 August","Casement","Millimetres","67.6"
"Precipitation Amount","1987 August","Phoenix Park","Millimetres",""
"Precipitation Amount","1987 August","Roches Point","Millimetres",""
"Precipitation Amount","1987 August","Markree","Millimetres",""
"Precipitation Amount","1987 September","Malin Head","Millimetres","93"
"Precipitation Amount","1987 September","Claremorris","Millimetres","122.8"
"Precipitation Amount","1987 September","Valentia Observatory","Millimetres","199.7"
"Precipitation Amount","1987 September","Belmullet","Millimetres","126.7"
"Precipitation Amount","1987 September","Shannon Airport","Millimetres","102.3"
"Precipitation Amount","1987 September","Dublin Airport","Millimetres","74.8"
"Precipitation Amount","1987 September","Mullingar","Millimetres","107.4"
"Precipitation Amount","1987 September","Cork Airport","Millimetres","119.4"
"Precipitation Amount","1987 September","Casement","Millimetres","90.4"
"Precipitation Amount","1987 September","Phoenix Park","Millimetres",""
"Precipitation Amount","1987 September","Roches Point","Millimetres",""
"Precipitation Amount","1987 September","Markree","Millimetres",""
"Precipitation Amount","1987 October","Malin Head","Millimetres","166.4"
"Precipitation Amount","1987 October","Claremorris","Millimetres","120.1"
"Precipitation Amount","1987 October","Valentia Observatory","Millimetres","205.5"
"Precipitation Amount","1987 October","Belmullet","Millimetres","140.2"
"Precipitation Amount","1987 October","Shannon Airport","Millimetres","104.2"
"Precipitation Amount","1987 October","Dublin Airport","Millimetres","124.5"
"Precipitation Amount","1987 October","Mullingar","Millimetres","118.8"
"Precipitation Amount","1987 October","Cork Airport","Millimetres","147.5"
"Precipitation Amount","1987 October","Casement","Millimetres","116.4"
"Precipitation Amount","1987 October","Phoenix Park","Millimetres",""
"Precipitation Amount","1987 October","Roches Point","Millimetres",""
"Precipitation Amount","1987 October","Markree","Millimetres",""
"Precipitation Amount","1987 November","Malin Head","Millimetres","68"
"Precipitation Amount","1987 November","Claremorris","Millimetres","90.3"
"Precipitation Amount","1987 November","Valentia Observatory","Millimetres","94.2"
"Precipitation Amount","1987 November","Belmullet","Millimetres","91.5"
"Precipitation Amount","1987 November","Shannon Airport","Millimetres","69.8"
"Precipitation Amount","1987 November","Dublin Airport","Millimetres","47.8"
"Precipitation Amount","1987 November","Mullingar","Millimetres","72.8"
"Precipitation Amount","1987 November","Cork Airport","Millimetres","74.2"
"Precipitation Amount","1987 November","Casement","Millimetres","45.9"
"Precipitation Amount","1987 November","Phoenix Park","Millimetres",""
"Precipitation Amount","1987 November","Roches Point","Millimetres",""
"Precipitation Amount","1987 November","Markree","Millimetres",""
"Precipitation Amount","1987 December","Malin Head","Millimetres","49.4"
"Precipitation Amount","1987 December","Claremorris","Millimetres","119.3"
"Precipitation Amount","1987 December","Valentia Observatory","Millimetres","191.4"
"Precipitation Amount","1987 December","Belmullet","Millimetres","106.6"
"Precipitation Amount","1987 December","Shannon Airport","Millimetres","56.6"
"Precipitation Amount","1987 December","Dublin Airport","Millimetres","39.5"
"Precipitation Amount","1987 December","Mullingar","Millimetres","56.1"
"Precipitation Amount","1987 December","Cork Airport","Millimetres","184.7"
"Precipitation Amount","1987 December","Casement","Millimetres","36.5"
"Precipitation Amount","1987 December","Phoenix Park","Millimetres",""
"Precipitation Amount","1987 December","Roches Point","Millimetres",""
"Precipitation Amount","1987 December","Markree","Millimetres",""
"Precipitation Amount","1988 January","Malin Head","Millimetres","179.9"
"Precipitation Amount","1988 January","Claremorris","Millimetres","190.7"
"Precipitation Amount","1988 January","Valentia Observatory","Millimetres","269.9"
"Precipitation Amount","1988 January","Belmullet","Millimetres","203.2"
"Precipitation Amount","1988 January","Shannon Airport","Millimetres","173.1"
"Precipitation Amount","1988 January","Dublin Airport","Millimetres","118.3"
"Precipitation Amount","1988 January","Mullingar","Millimetres","138.7"
"Precipitation Amount","1988 January","Cork Airport","Millimetres","256.5"
"Precipitation Amount","1988 January","Casement","Millimetres","97.4"
"Precipitation Amount","1988 January","Phoenix Park","Millimetres",""
"Precipitation Amount","1988 January","Roches Point","Millimetres",""
"Precipitation Amount","1988 January","Markree","Millimetres",""
"Precipitation Amount","1988 February","Malin Head","Millimetres","122.5"
"Precipitation Amount","1988 February","Claremorris","Millimetres","107.9"
"Precipitation Amount","1988 February","Valentia Observatory","Millimetres","96.9"
"Precipitation Amount","1988 February","Belmullet","Millimetres","126.6"
"Precipitation Amount","1988 February","Shannon Airport","Millimetres","97.1"
"Precipitation Amount","1988 February","Dublin Airport","Millimetres","34.3"
"Precipitation Amount","1988 February","Mullingar","Millimetres","78.3"
"Precipitation Amount","1988 February","Cork Airport","Millimetres","78.9"
"Precipitation Amount","1988 February","Casement","Millimetres","42.7"
"Precipitation Amount","1988 February","Phoenix Park","Millimetres",""
"Precipitation Amount","1988 February","Roches Point","Millimetres",""
"Precipitation Amount","1988 February","Markree","Millimetres",""
"Precipitation Amount","1988 March","Malin Head","Millimetres","122.8"
"Precipitation Amount","1988 March","Claremorris","Millimetres","134"
"Precipitation Amount","1988 March","Valentia Observatory","Millimetres","121.6"
"Precipitation Amount","1988 March","Belmullet","Millimetres","116.3"
"Precipitation Amount","1988 March","Shannon Airport","Millimetres","110.5"
"Precipitation Amount","1988 March","Dublin Airport","Millimetres","85.4"
"Precipitation Amount","1988 March","Mullingar","Millimetres","125.4"
"Precipitation Amount","1988 March","Cork Airport","Millimetres","115.5"
"Precipitation Amount","1988 March","Casement","Millimetres","88.8"
"Precipitation Amount","1988 March","Phoenix Park","Millimetres",""
"Precipitation Amount","1988 March","Roches Point","Millimetres",""
"Precipitation Amount","1988 March","Markree","Millimetres",""
"Precipitation Amount","1988 April","Malin Head","Millimetres","29.8"
"Precipitation Amount","1988 April","Claremorris","Millimetres","49.7"
"Precipitation Amount","1988 April","Valentia Observatory","Millimetres","52.5"
"Precipitation Amount","1988 April","Belmullet","Millimetres","45.4"
"Precipitation Amount","1988 April","Shannon Airport","Millimetres","32.5"
"Precipitation Amount","1988 April","Dublin Airport","Millimetres","24.9"
"Precipitation Amount","1988 April","Mullingar","Millimetres","20.7"
"Precipitation Amount","1988 April","Cork Airport","Millimetres","67.6"
"Precipitation Amount","1988 April","Casement","Millimetres","23.7"
"Precipitation Amount","1988 April","Phoenix Park","Millimetres",""
"Precipitation Amount","1988 April","Roches Point","Millimetres",""
"Precipitation Amount","1988 April","Markree","Millimetres",""
"Precipitation Amount","1988 May","Malin Head","Millimetres","32.3"
"Precipitation Amount","1988 May","Claremorris","Millimetres","98.9"
"Precipitation Amount","1988 May","Valentia Observatory","Millimetres","147"
"Precipitation Amount","1988 May","Belmullet","Millimetres","66.6"
"Precipitation Amount","1988 May","Shannon Airport","Millimetres","62.4"
"Precipitation Amount","1988 May","Dublin Airport","Millimetres","72.5"
"Precipitation Amount","1988 May","Mullingar","Millimetres","88.8"
"Precipitation Amount","1988 May","Cork Airport","Millimetres","117.4"
"Precipitation Amount","1988 May","Casement","Millimetres","86.1"
"Precipitation Amount","1988 May","Phoenix Park","Millimetres",""
"Precipitation Amount","1988 May","Roches Point","Millimetres",""
"Precipitation Amount","1988 May","Markree","Millimetres",""
"Precipitation Amount","1988 June","Malin Head","Millimetres","38.2"
"Precipitation Amount","1988 June","Claremorris","Millimetres","48.7"
"Precipitation Amount","1988 June","Valentia Observatory","Millimetres","52.8"
"Precipitation Amount","1988 June","Belmullet","Millimetres","34.2"
"Precipitation Amount","1988 June","Shannon Airport","Millimetres","45"
"Precipitation Amount","1988 June","Dublin Airport","Millimetres","38.1"
"Precipitation Amount","1988 June","Mullingar","Millimetres","43.7"
"Precipitation Amount","1988 June","Cork Airport","Millimetres","59.8"
"Precipitation Amount","1988 June","Casement","Millimetres","39.5"
"Precipitation Amount","1988 June","Phoenix Park","Millimetres",""
"Precipitation Amount","1988 June","Roches Point","Millimetres",""
"Precipitation Amount","1988 June","Markree","Millimetres",""
"Precipitation Amount","1988 July","Malin Head","Millimetres","147.3"
"Precipitation Amount","1988 July","Claremorris","Millimetres","127.9"
"Precipitation Amount","1988 July","Valentia Observatory","Millimetres","142.5"
"Precipitation Amount","1988 July","Belmullet","Millimetres","140"
"Precipitation Amount","1988 July","Shannon Airport","Millimetres","133.1"
"Precipitation Amount","1988 July","Dublin Airport","Millimetres","80.3"
"Precipitation Amount","1988 July","Mullingar","Millimetres","132.2"
"Precipitation Amount","1988 July","Cork Airport","Millimetres","122.1"
"Precipitation Amount","1988 July","Casement","Millimetres","98.2"
"Precipitation Amount","1988 July","Phoenix Park","Millimetres",""
"Precipitation Amount","1988 July","Roches Point","Millimetres",""
"Precipitation Amount","1988 July","Markree","Millimetres",""
"Precipitation Amount","1988 August","Malin Head","Millimetres","121.4"
"Precipitation Amount","1988 August","Claremorris","Millimetres","138.6"
"Precipitation Amount","1988 August","Valentia Observatory","Millimetres","187.8"
"Precipitation Amount","1988 August","Belmullet","Millimetres","147.2"
"Precipitation Amount","1988 August","Shannon Airport","Millimetres","111.2"
"Precipitation Amount","1988 August","Dublin Airport","Millimetres","54.5"
"Precipitation Amount","1988 August","Mullingar","Millimetres","83.1"
"Precipitation Amount","1988 August","Cork Airport","Millimetres","116.7"
"Precipitation Amount","1988 August","Casement","Millimetres","66.8"
"Precipitation Amount","1988 August","Phoenix Park","Millimetres",""
"Precipitation Amount","1988 August","Roches Point","Millimetres",""
"Precipitation Amount","1988 August","Markree","Millimetres",""
"Precipitation Amount","1988 September","Malin Head","Millimetres","125.6"
"Precipitation Amount","1988 September","Claremorris","Millimetres","127.6"
"Precipitation Amount","1988 September","Valentia Observatory","Millimetres","58.1"
"Precipitation Amount","1988 September","Belmullet","Millimetres","119"
"Precipitation Amount","1988 September","Shannon Airport","Millimetres","80.9"
"Precipitation Amount","1988 September","Dublin Airport","Millimetres","41.1"
"Precipitation Amount","1988 September","Mullingar","Millimetres","79.6"
"Precipitation Amount","1988 September","Cork Airport","Millimetres","34"
"Precipitation Amount","1988 September","Casement","Millimetres","50.8"
"Precipitation Amount","1988 September","Phoenix Park","Millimetres",""
"Precipitation Amount","1988 September","Roches Point","Millimetres",""
"Precipitation Amount","1988 September","Markree","Millimetres",""
"Precipitation Amount","1988 October","Malin Head","Millimetres","112.9"
"Precipitation Amount","1988 October","Claremorris","Millimetres","126.5"
"Precipitation Amount","1988 October","Valentia Observatory","Millimetres","266.4"
"Precipitation Amount","1988 October","Belmullet","Millimetres","126.5"
"Precipitation Amount","1988 October","Shannon Airport","Millimetres","115.1"
"Precipitation Amount","1988 October","Dublin Airport","Millimetres","79.1"
"Precipitation Amount","1988 October","Mullingar","Millimetres","93.8"
"Precipitation Amount","1988 October","Cork Airport","Millimetres","237.9"
"Precipitation Amount","1988 October","Casement","Millimetres","61.2"
"Precipitation Amount","1988 October","Phoenix Park","Millimetres",""
"Precipitation Amount","1988 October","Roches Point","Millimetres",""
"Precipitation Amount","1988 October","Markree","Millimetres",""
"Precipitation Amount","1988 November","Malin Head","Millimetres","53.8"
"Precipitation Amount","1988 November","Claremorris","Millimetres","74.7"
"Precipitation Amount","1988 November","Valentia Observatory","Millimetres","86.1"
"Precipitation Amount","1988 November","Belmullet","Millimetres","75.4"
"Precipitation Amount","1988 November","Shannon Airport","Millimetres","47.3"
"Precipitation Amount","1988 November","Dublin Airport","Millimetres","23.5"
"Precipitation Amount","1988 November","Mullingar","Millimetres","37.5"
"Precipitation Amount","1988 November","Cork Airport","Millimetres","56"
"Precipitation Amount","1988 November","Casement","Millimetres","17.7"
"Precipitation Amount","1988 November","Phoenix Park","Millimetres",""
"Precipitation Amount","1988 November","Roches Point","Millimetres",""
"Precipitation Amount","1988 November","Markree","Millimetres",""
"Precipitation Amount","1988 December","Malin Head","Millimetres","81.9"
"Precipitation Amount","1988 December","Claremorris","Millimetres","103.5"
"Precipitation Amount","1988 December","Valentia Observatory","Millimetres","106.2"
"Precipitation Amount","1988 December","Belmullet","Millimetres","65.2"
"Precipitation Amount","1988 December","Shannon Airport","Millimetres","70.9"
"Precipitation Amount","1988 December","Dublin Airport","Millimetres","40.5"
"Precipitation Amount","1988 December","Mullingar","Millimetres","73.3"
"Precipitation Amount","1988 December","Cork Airport","Millimetres","65.6"
"Precipitation Amount","1988 December","Casement","Millimetres","44.4"
"Precipitation Amount","1988 December","Phoenix Park","Millimetres",""
"Precipitation Amount","1988 December","Roches Point","Millimetres",""
"Precipitation Amount","1988 December","Markree","Millimetres",""
"Precipitation Amount","1989 January","Malin Head","Millimetres","78.2"
"Precipitation Amount","1989 January","Claremorris","Millimetres","135.7"
"Precipitation Amount","1989 January","Valentia Observatory","Millimetres","185.4"
"Precipitation Amount","1989 January","Belmullet","Millimetres","142.6"
"Precipitation Amount","1989 January","Shannon Airport","Millimetres","84.2"
"Precipitation Amount","1989 January","Dublin Airport","Millimetres","27.5"
"Precipitation Amount","1989 January","Mullingar","Millimetres","63.7"
"Precipitation Amount","1989 January","Cork Airport","Millimetres","100.2"
"Precipitation Amount","1989 January","Casement","Millimetres","38.6"
"Precipitation Amount","1989 January","Phoenix Park","Millimetres",""
"Precipitation Amount","1989 January","Roches Point","Millimetres",""
"Precipitation Amount","1989 January","Markree","Millimetres",""
"Precipitation Amount","1989 February","Malin Head","Millimetres","136.2"
"Precipitation Amount","1989 February","Claremorris","Millimetres","133.1"
"Precipitation Amount","1989 February","Valentia Observatory","Millimetres","128.6"
"Precipitation Amount","1989 February","Belmullet","Millimetres","152.4"
"Precipitation Amount","1989 February","Shannon Airport","Millimetres","94.3"
"Precipitation Amount","1989 February","Dublin Airport","Millimetres","42.6"
"Precipitation Amount","1989 February","Mullingar","Millimetres","100.7"
"Precipitation Amount","1989 February","Cork Airport","Millimetres","118.1"
"Precipitation Amount","1989 February","Casement","Millimetres","51.2"
"Precipitation Amount","1989 February","Phoenix Park","Millimetres",""
"Precipitation Amount","1989 February","Roches Point","Millimetres",""
"Precipitation Amount","1989 February","Markree","Millimetres",""
"Precipitation Amount","1989 March","Malin Head","Millimetres","135.4"
"Precipitation Amount","1989 March","Claremorris","Millimetres","158.1"
"Precipitation Amount","1989 March","Valentia Observatory","Millimetres","195.2"
"Precipitation Amount","1989 March","Belmullet","Millimetres","134.2"
"Precipitation Amount","1989 March","Shannon Airport","Millimetres","126.6"
"Precipitation Amount","1989 March","Dublin Airport","Millimetres","54.7"
"Precipitation Amount","1989 March","Mullingar","Millimetres","104.8"
"Precipitation Amount","1989 March","Cork Airport","Millimetres","166.6"
"Precipitation Amount","1989 March","Casement","Millimetres","73"
"Precipitation Amount","1989 March","Phoenix Park","Millimetres",""
"Precipitation Amount","1989 March","Roches Point","Millimetres",""
"Precipitation Amount","1989 March","Markree","Millimetres",""
"Precipitation Amount","1989 April","Malin Head","Millimetres","115"
"Precipitation Amount","1989 April","Claremorris","Millimetres","68.9"
"Precipitation Amount","1989 April","Valentia Observatory","Millimetres","95"
"Precipitation Amount","1989 April","Belmullet","Millimetres","62.2"
"Precipitation Amount","1989 April","Shannon Airport","Millimetres","58.1"
"Precipitation Amount","1989 April","Dublin Airport","Millimetres","79.3"
"Precipitation Amount","1989 April","Mullingar","Millimetres","65.6"
"Precipitation Amount","1989 April","Cork Airport","Millimetres","60.8"
"Precipitation Amount","1989 April","Casement","Millimetres","58.1"
"Precipitation Amount","1989 April","Phoenix Park","Millimetres",""
"Precipitation Amount","1989 April","Roches Point","Millimetres",""
"Precipitation Amount","1989 April","Markree","Millimetres",""
"Precipitation Amount","1989 May","Malin Head","Millimetres","27.2"
"Precipitation Amount","1989 May","Claremorris","Millimetres","27.9"
"Precipitation Amount","1989 May","Valentia Observatory","Millimetres","20.7"
"Precipitation Amount","1989 May","Belmullet","Millimetres","33.2"
"Precipitation Amount","1989 May","Shannon Airport","Millimetres","23.8"
"Precipitation Amount","1989 May","Dublin Airport","Millimetres","13.1"
"Precipitation Amount","1989 May","Mullingar","Millimetres","20.7"
"Precipitation Amount","1989 May","Cork Airport","Millimetres","8.4"
"Precipitation Amount","1989 May","Casement","Millimetres","36.6"
"Precipitation Amount","1989 May","Phoenix Park","Millimetres",""
"Precipitation Amount","1989 May","Roches Point","Millimetres",""
"Precipitation Amount","1989 May","Markree","Millimetres",""
"Precipitation Amount","1989 June","Malin Head","Millimetres","49.2"
"Precipitation Amount","1989 June","Claremorris","Millimetres","77.6"
"Precipitation Amount","1989 June","Valentia Observatory","Millimetres","83.2"
"Precipitation Amount","1989 June","Belmullet","Millimetres","85.8"
"Precipitation Amount","1989 June","Shannon Airport","Millimetres","56.8"
"Precipitation Amount","1989 June","Dublin Airport","Millimetres","67.8"
"Precipitation Amount","1989 June","Mullingar","Millimetres","43.1"
"Precipitation Amount","1989 June","Cork Airport","Millimetres","62.6"
"Precipitation Amount","1989 June","Casement","Millimetres","65.7"
"Precipitation Amount","1989 June","Phoenix Park","Millimetres",""
"Precipitation Amount","1989 June","Roches Point","Millimetres",""
"Precipitation Amount","1989 June","Markree","Millimetres",""
"Precipitation Amount","1989 July","Malin Head","Millimetres","57.8"
"Precipitation Amount","1989 July","Claremorris","Millimetres","16.8"
"Precipitation Amount","1989 July","Valentia Observatory","Millimetres","24.9"
"Precipitation Amount","1989 July","Belmullet","Millimetres","24.7"
"Precipitation Amount","1989 July","Shannon Airport","Millimetres","16.8"
"Precipitation Amount","1989 July","Dublin Airport","Millimetres","9.6"
"Precipitation Amount","1989 July","Mullingar","Millimetres","24"
"Precipitation Amount","1989 July","Cork Airport","Millimetres","12"
"Precipitation Amount","1989 July","Casement","Millimetres","10.4"
"Precipitation Amount","1989 July","Phoenix Park","Millimetres",""
"Precipitation Amount","1989 July","Roches Point","Millimetres",""
"Precipitation Amount","1989 July","Markree","Millimetres",""
"Precipitation Amount","1989 August","Malin Head","Millimetres","137.1"
"Precipitation Amount","1989 August","Claremorris","Millimetres","145.7"
"Precipitation Amount","1989 August","Valentia Observatory","Millimetres","123"
"Precipitation Amount","1989 August","Belmullet","Millimetres","167.2"
"Precipitation Amount","1989 August","Shannon Airport","Millimetres","69.1"
"Precipitation Amount","1989 August","Dublin Airport","Millimetres","81.9"
"Precipitation Amount","1989 August","Mullingar","Millimetres","90.3"
"Precipitation Amount","1989 August","Cork Airport","Millimetres","101.8"
"Precipitation Amount","1989 August","Casement","Millimetres","107.2"
"Precipitation Amount","1989 August","Phoenix Park","Millimetres",""
"Precipitation Amount","1989 August","Roches Point","Millimetres",""
"Precipitation Amount","1989 August","Markree","Millimetres",""
"Precipitation Amount","1989 September","Malin Head","Millimetres","44.4"
"Precipitation Amount","1989 September","Claremorris","Millimetres","70.3"
"Precipitation Amount","1989 September","Valentia Observatory","Millimetres","91.2"
"Precipitation Amount","1989 September","Belmullet","Millimetres","60.9"
"Precipitation Amount","1989 September","Shannon Airport","Millimetres","51.5"
"Precipitation Amount","1989 September","Dublin Airport","Millimetres","25.1"
"Precipitation Amount","1989 September","Mullingar","Millimetres","53.6"
"Precipitation Amount","1989 September","Cork Airport","Millimetres","71.7"
"Precipitation Amount","1989 September","Casement","Millimetres","50.4"
"Precipitation Amount","1989 September","Phoenix Park","Millimetres",""
"Precipitation Amount","1989 September","Roches Point","Millimetres",""
"Precipitation Amount","1989 September","Markree","Millimetres",""
"Precipitation Amount","1989 October","Malin Head","Millimetres","188.5"
"Precipitation Amount","1989 October","Claremorris","Millimetres","235.7"
"Precipitation Amount","1989 October","Valentia Observatory","Millimetres","204.4"
"Precipitation Amount","1989 October","Belmullet","Millimetres","259.5"
"Precipitation Amount","1989 October","Shannon Airport","Millimetres","129.5"
"Precipitation Amount","1989 October","Dublin Airport","Millimetres","62.1"
"Precipitation Amount","1989 October","Mullingar","Millimetres","137.1"
"Precipitation Amount","1989 October","Cork Airport","Millimetres","121.2"
"Precipitation Amount","1989 October","Casement","Millimetres","68.4"
"Precipitation Amount","1989 October","Phoenix Park","Millimetres",""
"Precipitation Amount","1989 October","Roches Point","Millimetres",""
"Precipitation Amount","1989 October","Markree","Millimetres",""
"Precipitation Amount","1989 November","Malin Head","Millimetres","63.5"
"Precipitation Amount","1989 November","Claremorris","Millimetres","59"
"Precipitation Amount","1989 November","Valentia Observatory","Millimetres","77.9"
"Precipitation Amount","1989 November","Belmullet","Millimetres","88.3"
"Precipitation Amount","1989 November","Shannon Airport","Millimetres","53.2"
"Precipitation Amount","1989 November","Dublin Airport","Millimetres","35.6"
"Precipitation Amount","1989 November","Mullingar","Millimetres","35.3"
"Precipitation Amount","1989 November","Cork Airport","Millimetres","78.5"
"Precipitation Amount","1989 November","Casement","Millimetres","34.1"
"Precipitation Amount","1989 November","Phoenix Park","Millimetres",""
"Precipitation Amount","1989 November","Roches Point","Millimetres",""
"Precipitation Amount","1989 November","Markree","Millimetres",""
"Precipitation Amount","1989 December","Malin Head","Millimetres","46.1"
"Precipitation Amount","1989 December","Claremorris","Millimetres","104.9"
"Precipitation Amount","1989 December","Valentia Observatory","Millimetres","144.2"
"Precipitation Amount","1989 December","Belmullet","Millimetres","91.2"
"Precipitation Amount","1989 December","Shannon Airport","Millimetres","77.7"
"Precipitation Amount","1989 December","Dublin Airport","Millimetres","55.9"
"Precipitation Amount","1989 December","Mullingar","Millimetres","73.6"
"Precipitation Amount","1989 December","Cork Airport","Millimetres","239"
"Precipitation Amount","1989 December","Casement","Millimetres","69"
"Precipitation Amount","1989 December","Phoenix Park","Millimetres",""
"Precipitation Amount","1989 December","Roches Point","Millimetres",""
"Precipitation Amount","1989 December","Markree","Millimetres",""
"Precipitation Amount","1990 January","Malin Head","Millimetres","158.7"
"Precipitation Amount","1990 January","Claremorris","Millimetres","202.8"
"Precipitation Amount","1990 January","Valentia Observatory","Millimetres","197.2"
"Precipitation Amount","1990 January","Belmullet","Millimetres","214.9"
"Precipitation Amount","1990 January","Shannon Airport","Millimetres","125.8"
"Precipitation Amount","1990 January","Dublin Airport","Millimetres","68.3"
"Precipitation Amount","1990 January","Mullingar","Millimetres","113.5"
"Precipitation Amount","1990 January","Cork Airport","Millimetres","166.5"
"Precipitation Amount","1990 January","Casement","Millimetres","81.4"
"Precipitation Amount","1990 January","Phoenix Park","Millimetres",""
"Precipitation Amount","1990 January","Roches Point","Millimetres",""
"Precipitation Amount","1990 January","Markree","Millimetres",""
"Precipitation Amount","1990 February","Malin Head","Millimetres","200.2"
"Precipitation Amount","1990 February","Claremorris","Millimetres","251.2"
"Precipitation Amount","1990 February","Valentia Observatory","Millimetres","200.9"
"Precipitation Amount","1990 February","Belmullet","Millimetres","236"
"Precipitation Amount","1990 February","Shannon Airport","Millimetres","204.7"
"Precipitation Amount","1990 February","Dublin Airport","Millimetres","108.8"
"Precipitation Amount","1990 February","Mullingar","Millimetres","191.4"
"Precipitation Amount","1990 February","Cork Airport","Millimetres","213.4"
"Precipitation Amount","1990 February","Casement","Millimetres","126.9"
"Precipitation Amount","1990 February","Phoenix Park","Millimetres",""
"Precipitation Amount","1990 February","Roches Point","Millimetres",""
"Precipitation Amount","1990 February","Markree","Millimetres",""
"Precipitation Amount","1990 March","Malin Head","Millimetres","71.8"
"Precipitation Amount","1990 March","Claremorris","Millimetres","102.5"
"Precipitation Amount","1990 March","Valentia Observatory","Millimetres","50.8"
"Precipitation Amount","1990 March","Belmullet","Millimetres","94.5"
"Precipitation Amount","1990 March","Shannon Airport","Millimetres","32.6"
"Precipitation Amount","1990 March","Dublin Airport","Millimetres","10.2"
"Precipitation Amount","1990 March","Mullingar","Millimetres","30.7"
"Precipitation Amount","1990 March","Cork Airport","Millimetres","25.4"
"Precipitation Amount","1990 March","Casement","Millimetres","10.7"
"Precipitation Amount","1990 March","Phoenix Park","Millimetres",""
"Precipitation Amount","1990 March","Roches Point","Millimetres",""
"Precipitation Amount","1990 March","Markree","Millimetres",""
"Precipitation Amount","1990 April","Malin Head","Millimetres","68.8"
"Precipitation Amount","1990 April","Claremorris","Millimetres","81"
"Precipitation Amount","1990 April","Valentia Observatory","Millimetres","61.2"
"Precipitation Amount","1990 April","Belmullet","Millimetres","90.5"
"Precipitation Amount","1990 April","Shannon Airport","Millimetres","57.5"
"Precipitation Amount","1990 April","Dublin Airport","Millimetres","24.2"
"Precipitation Amount","1990 April","Mullingar","Millimetres","43.2"
"Precipitation Amount","1990 April","Cork Airport","Millimetres","31.2"
"Precipitation Amount","1990 April","Casement","Millimetres","26.2"
"Precipitation Amount","1990 April","Phoenix Park","Millimetres",""
"Precipitation Amount","1990 April","Roches Point","Millimetres",""
"Precipitation Amount","1990 April","Markree","Millimetres",""
"Precipitation Amount","1990 May","Malin Head","Millimetres","26.2"
"Precipitation Amount","1990 May","Claremorris","Millimetres","23.6"
"Precipitation Amount","1990 May","Valentia Observatory","Millimetres","49.7"
"Precipitation Amount","1990 May","Belmullet","Millimetres","19.6"
"Precipitation Amount","1990 May","Shannon Airport","Millimetres","22.2"
"Precipitation Amount","1990 May","Dublin Airport","Millimetres","39.5"
"Precipitation Amount","1990 May","Mullingar","Millimetres","43.9"
"Precipitation Amount","1990 May","Cork Airport","Millimetres","33.7"
"Precipitation Amount","1990 May","Casement","Millimetres","35"
"Precipitation Amount","1990 May","Phoenix Park","Millimetres",""
"Precipitation Amount","1990 May","Roches Point","Millimetres",""
"Precipitation Amount","1990 May","Markree","Millimetres",""
"Precipitation Amount","1990 June","Malin Head","Millimetres","115.8"
"Precipitation Amount","1990 June","Claremorris","Millimetres","87.9"
"Precipitation Amount","1990 June","Valentia Observatory","Millimetres","128.7"
"Precipitation Amount","1990 June","Belmullet","Millimetres","113.9"
"Precipitation Amount","1990 June","Shannon Airport","Millimetres","72.6"
"Precipitation Amount","1990 June","Dublin Airport","Millimetres","71.3"
"Precipitation Amount","1990 June","Mullingar","Millimetres","99.2"
"Precipitation Amount","1990 June","Cork Airport","Millimetres","124.8"
"Precipitation Amount","1990 June","Casement","Millimetres","49.3"
"Precipitation Amount","1990 June","Phoenix Park","Millimetres",""
"Precipitation Amount","1990 June","Roches Point","Millimetres",""
"Precipitation Amount","1990 June","Markree","Millimetres",""
"Precipitation Amount","1990 July","Malin Head","Millimetres","55.4"
"Precipitation Amount","1990 July","Claremorris","Millimetres","57"
"Precipitation Amount","1990 July","Valentia Observatory","Millimetres","63.5"
"Precipitation Amount","1990 July","Belmullet","Millimetres","77.5"
"Precipitation Amount","1990 July","Shannon Airport","Millimetres","46.4"
"Precipitation Amount","1990 July","Dublin Airport","Millimetres","48"
"Precipitation Amount","1990 July","Mullingar","Millimetres","59.1"
"Precipitation Amount","1990 July","Cork Airport","Millimetres","68.4"
"Precipitation Amount","1990 July","Casement","Millimetres","36.2"
"Precipitation Amount","1990 July","Phoenix Park","Millimetres",""
"Precipitation Amount","1990 July","Roches Point","Millimetres",""
"Precipitation Amount","1990 July","Markree","Millimetres",""
"Precipitation Amount","1990 August","Malin Head","Millimetres","95.2"
"Precipitation Amount","1990 August","Claremorris","Millimetres","48.5"
"Precipitation Amount","1990 August","Valentia Observatory","Millimetres","80.2"
"Precipitation Amount","1990 August","Belmullet","Millimetres","77.9"
"Precipitation Amount","1990 August","Shannon Airport","Millimetres","67.7"
"Precipitation Amount","1990 August","Dublin Airport","Millimetres","49.8"
"Precipitation Amount","1990 August","Mullingar","Millimetres","75.1"
"Precipitation Amount","1990 August","Cork Airport","Millimetres","38.5"
"Precipitation Amount","1990 August","Casement","Millimetres","65.3"
"Precipitation Amount","1990 August","Phoenix Park","Millimetres",""
"Precipitation Amount","1990 August","Roches Point","Millimetres",""
"Precipitation Amount","1990 August","Markree","Millimetres",""
"Precipitation Amount","1990 September","Malin Head","Millimetres","66.9"
"Precipitation Amount","1990 September","Claremorris","Millimetres","35.3"
"Precipitation Amount","1990 September","Valentia Observatory","Millimetres","28.3"
"Precipitation Amount","1990 September","Belmullet","Millimetres","54.2"
"Precipitation Amount","1990 September","Shannon Airport","Millimetres","25.8"
"Precipitation Amount","1990 September","Dublin Airport","Millimetres","16.4"
"Precipitation Amount","1990 September","Mullingar","Millimetres","15.2"
"Precipitation Amount","1990 September","Cork Airport","Millimetres","38.5"
"Precipitation Amount","1990 September","Casement","Millimetres","19.2"
"Precipitation Amount","1990 September","Phoenix Park","Millimetres",""
"Precipitation Amount","1990 September","Roches Point","Millimetres",""
"Precipitation Amount","1990 September","Markree","Millimetres",""
"Precipitation Amount","1990 October","Malin Head","Millimetres","250.4"
"Precipitation Amount","1990 October","Claremorris","Millimetres","195.2"
"Precipitation Amount","1990 October","Valentia Observatory","Millimetres","210.1"
"Precipitation Amount","1990 October","Belmullet","Millimetres","225.8"
"Precipitation Amount","1990 October","Shannon Airport","Millimetres","157.8"
"Precipitation Amount","1990 October","Dublin Airport","Millimetres","149.2"
"Precipitation Amount","1990 October","Mullingar","Millimetres","172.9"
"Precipitation Amount","1990 October","Cork Airport","Millimetres","144.5"
"Precipitation Amount","1990 October","Casement","Millimetres","138.9"
"Precipitation Amount","1990 October","Phoenix Park","Millimetres",""
"Precipitation Amount","1990 October","Roches Point","Millimetres",""
"Precipitation Amount","1990 October","Markree","Millimetres",""
"Precipitation Amount","1990 November","Malin Head","Millimetres","69.3"
"Precipitation Amount","1990 November","Claremorris","Millimetres","101.9"
"Precipitation Amount","1990 November","Valentia Observatory","Millimetres","122.6"
"Precipitation Amount","1990 November","Belmullet","Millimetres","96.1"
"Precipitation Amount","1990 November","Shannon Airport","Millimetres","66.4"
"Precipitation Amount","1990 November","Dublin Airport","Millimetres","64"
"Precipitation Amount","1990 November","Mullingar","Millimetres","61.3"
"Precipitation Amount","1990 November","Cork Airport","Millimetres","54.1"
"Precipitation Amount","1990 November","Casement","Millimetres","77.4"
"Precipitation Amount","1990 November","Phoenix Park","Millimetres",""
"Precipitation Amount","1990 November","Roches Point","Millimetres",""
"Precipitation Amount","1990 November","Markree","Millimetres",""
"Precipitation Amount","1990 December","Malin Head","Millimetres","132"
"Precipitation Amount","1990 December","Claremorris","Millimetres","161.8"
"Precipitation Amount","1990 December","Valentia Observatory","Millimetres","141.6"
"Precipitation Amount","1990 December","Belmullet","Millimetres","145.8"
"Precipitation Amount","1990 December","Shannon Airport","Millimetres","144.4"
"Precipitation Amount","1990 December","Dublin Airport","Millimetres","78.7"
"Precipitation Amount","1990 December","Mullingar","Millimetres","116.6"
"Precipitation Amount","1990 December","Cork Airport","Millimetres","93.7"
"Precipitation Amount","1990 December","Casement","Millimetres","95"
"Precipitation Amount","1990 December","Phoenix Park","Millimetres",""
"Precipitation Amount","1990 December","Roches Point","Millimetres",""
"Precipitation Amount","1990 December","Markree","Millimetres",""
"Precipitation Amount","1991 January","Malin Head","Millimetres","110.9"
"Precipitation Amount","1991 January","Claremorris","Millimetres","112.3"
"Precipitation Amount","1991 January","Valentia Observatory","Millimetres","141.2"
"Precipitation Amount","1991 January","Belmullet","Millimetres","125.2"
"Precipitation Amount","1991 January","Shannon Airport","Millimetres","85.8"
"Precipitation Amount","1991 January","Dublin Airport","Millimetres","71.4"
"Precipitation Amount","1991 January","Mullingar","Millimetres","84.8"
"Precipitation Amount","1991 January","Cork Airport","Millimetres","118"
"Precipitation Amount","1991 January","Casement","Millimetres","69.4"
"Precipitation Amount","1991 January","Phoenix Park","Millimetres",""
"Precipitation Amount","1991 January","Roches Point","Millimetres",""
"Precipitation Amount","1991 January","Markree","Millimetres",""
"Precipitation Amount","1991 February","Malin Head","Millimetres","47.7"
"Precipitation Amount","1991 February","Claremorris","Millimetres","94.2"
"Precipitation Amount","1991 February","Valentia Observatory","Millimetres","160.9"
"Precipitation Amount","1991 February","Belmullet","Millimetres","86.3"
"Precipitation Amount","1991 February","Shannon Airport","Millimetres","92.3"
"Precipitation Amount","1991 February","Dublin Airport","Millimetres","59"
"Precipitation Amount","1991 February","Mullingar","Millimetres","92.4"
"Precipitation Amount","1991 February","Cork Airport","Millimetres","121.2"
"Precipitation Amount","1991 February","Casement","Millimetres","54.7"
"Precipitation Amount","1991 February","Phoenix Park","Millimetres",""
"Precipitation Amount","1991 February","Roches Point","Millimetres",""
"Precipitation Amount","1991 February","Markree","Millimetres",""
"Precipitation Amount","1991 March","Malin Head","Millimetres","63.4"
"Precipitation Amount","1991 March","Claremorris","Millimetres","108.1"
"Precipitation Amount","1991 March","Valentia Observatory","Millimetres","142.8"
"Precipitation Amount","1991 March","Belmullet","Millimetres","80"
"Precipitation Amount","1991 March","Shannon Airport","Millimetres","72"
"Precipitation Amount","1991 March","Dublin Airport","Millimetres","91.1"
"Precipitation Amount","1991 March","Mullingar","Millimetres","91.4"
"Precipitation Amount","1991 March","Cork Airport","Millimetres","139"
"Precipitation Amount","1991 March","Casement","Millimetres","63.5"
"Precipitation Amount","1991 March","Phoenix Park","Millimetres",""
"Precipitation Amount","1991 March","Roches Point","Millimetres",""
"Precipitation Amount","1991 March","Markree","Millimetres",""
"Precipitation Amount","1991 April","Malin Head","Millimetres","115.5"
"Precipitation Amount","1991 April","Claremorris","Millimetres","167.8"
"Precipitation Amount","1991 April","Valentia Observatory","Millimetres","168.1"
"Precipitation Amount","1991 April","Belmullet","Millimetres","148.2"
"Precipitation Amount","1991 April","Shannon Airport","Millimetres","97.4"
"Precipitation Amount","1991 April","Dublin Airport","Millimetres","92.3"
"Precipitation Amount","1991 April","Mullingar","Millimetres","127.1"
"Precipitation Amount","1991 April","Cork Airport","Millimetres","120.8"
"Precipitation Amount","1991 April","Casement","Millimetres","91.7"
"Precipitation Amount","1991 April","Phoenix Park","Millimetres",""
"Precipitation Amount","1991 April","Roches Point","Millimetres",""
"Precipitation Amount","1991 April","Markree","Millimetres",""
"Precipitation Amount","1991 May","Malin Head","Millimetres","18.4"
"Precipitation Amount","1991 May","Claremorris","Millimetres","8.8"
"Precipitation Amount","1991 May","Valentia Observatory","Millimetres","7.6"
"Precipitation Amount","1991 May","Belmullet","Millimetres","19.6"
"Precipitation Amount","1991 May","Shannon Airport","Millimetres","10.1"
"Precipitation Amount","1991 May","Dublin Airport","Millimetres","3.6"
"Precipitation Amount","1991 May","Mullingar","Millimetres","4.5"
"Precipitation Amount","1991 May","Cork Airport","Millimetres","4.5"
"Precipitation Amount","1991 May","Casement","Millimetres","5.3"
"Precipitation Amount","1991 May","Phoenix Park","Millimetres",""
"Precipitation Amount","1991 May","Roches Point","Millimetres",""
"Precipitation Amount","1991 May","Markree","Millimetres",""
"Precipitation Amount","1991 June","Malin Head","Millimetres","103.9"
"Precipitation Amount","1991 June","Claremorris","Millimetres","92.7"
"Precipitation Amount","1991 June","Valentia Observatory","Millimetres","106.5"
"Precipitation Amount","1991 June","Belmullet","Millimetres","81.4"
"Precipitation Amount","1991 June","Shannon Airport","Millimetres","86.4"
"Precipitation Amount","1991 June","Dublin Airport","Millimetres","79.8"
"Precipitation Amount","1991 June","Mullingar","Millimetres","78.5"
"Precipitation Amount","1991 June","Cork Airport","Millimetres","92.7"
"Precipitation Amount","1991 June","Casement","Millimetres","59.7"
"Precipitation Amount","1991 June","Phoenix Park","Millimetres",""
"Precipitation Amount","1991 June","Roches Point","Millimetres",""
"Precipitation Amount","1991 June","Markree","Millimetres",""
"Precipitation Amount","1991 July","Malin Head","Millimetres","90.7"
"Precipitation Amount","1991 July","Claremorris","Millimetres","91.3"
"Precipitation Amount","1991 July","Valentia Observatory","Millimetres","103.2"
"Precipitation Amount","1991 July","Belmullet","Millimetres","87.6"
"Precipitation Amount","1991 July","Shannon Airport","Millimetres","56.6"
"Precipitation Amount","1991 July","Dublin Airport","Millimetres","26.4"
"Precipitation Amount","1991 July","Mullingar","Millimetres","42.1"
"Precipitation Amount","1991 July","Cork Airport","Millimetres","88"
"Precipitation Amount","1991 July","Casement","Millimetres","45.3"
"Precipitation Amount","1991 July","Phoenix Park","Millimetres",""
"Precipitation Amount","1991 July","Roches Point","Millimetres",""
"Precipitation Amount","1991 July","Markree","Millimetres",""
"Precipitation Amount","1991 August","Malin Head","Millimetres","70.4"
"Precipitation Amount","1991 August","Claremorris","Millimetres","39.4"
"Precipitation Amount","1991 August","Valentia Observatory","Millimetres","31"
"Precipitation Amount","1991 August","Belmullet","Millimetres","42.3"
"Precipitation Amount","1991 August","Shannon Airport","Millimetres","60.3"
"Precipitation Amount","1991 August","Dublin Airport","Millimetres","36.9"
"Precipitation Amount","1991 August","Mullingar","Millimetres","37.1"
"Precipitation Amount","1991 August","Cork Airport","Millimetres","20.4"
"Precipitation Amount","1991 August","Casement","Millimetres","30.5"
"Precipitation Amount","1991 August","Phoenix Park","Millimetres",""
"Precipitation Amount","1991 August","Roches Point","Millimetres",""
"Precipitation Amount","1991 August","Markree","Millimetres",""
"Precipitation Amount","1991 September","Malin Head","Millimetres","74.6"
"Precipitation Amount","1991 September","Claremorris","Millimetres","52.2"
"Precipitation Amount","1991 September","Valentia Observatory","Millimetres","139.7"
"Precipitation Amount","1991 September","Belmullet","Millimetres","90.3"
"Precipitation Amount","1991 September","Shannon Airport","Millimetres","61"
"Precipitation Amount","1991 September","Dublin Airport","Millimetres","42.8"
"Precipitation Amount","1991 September","Mullingar","Millimetres","50.9"
"Precipitation Amount","1991 September","Cork Airport","Millimetres","114.7"
"Precipitation Amount","1991 September","Casement","Millimetres","53.4"
"Precipitation Amount","1991 September","Phoenix Park","Millimetres",""
"Precipitation Amount","1991 September","Roches Point","Millimetres",""
"Precipitation Amount","1991 September","Markree","Millimetres",""
"Precipitation Amount","1991 October","Malin Head","Millimetres","101.8"
"Precipitation Amount","1991 October","Claremorris","Millimetres","143.3"
"Precipitation Amount","1991 October","Valentia Observatory","Millimetres","169.6"
"Precipitation Amount","1991 October","Belmullet","Millimetres","124.5"
"Precipitation Amount","1991 October","Shannon Airport","Millimetres","84.3"
"Precipitation Amount","1991 October","Dublin Airport","Millimetres","85.6"
"Precipitation Amount","1991 October","Mullingar","Millimetres","101.1"
"Precipitation Amount","1991 October","Cork Airport","Millimetres","147.9"
"Precipitation Amount","1991 October","Casement","Millimetres","96.2"
"Precipitation Amount","1991 October","Phoenix Park","Millimetres",""
"Precipitation Amount","1991 October","Roches Point","Millimetres",""
"Precipitation Amount","1991 October","Markree","Millimetres",""
"Precipitation Amount","1991 November","Malin Head","Millimetres","158.9"
"Precipitation Amount","1991 November","Claremorris","Millimetres","139.4"
"Precipitation Amount","1991 November","Valentia Observatory","Millimetres","191.3"
"Precipitation Amount","1991 November","Belmullet","Millimetres","181.4"
"Precipitation Amount","1991 November","Shannon Airport","Millimetres","114.3"
"Precipitation Amount","1991 November","Dublin Airport","Millimetres","50.3"
"Precipitation Amount","1991 November","Mullingar","Millimetres","101.3"
"Precipitation Amount","1991 November","Cork Airport","Millimetres","137.2"
"Precipitation Amount","1991 November","Casement","Millimetres","71.1"
"Precipitation Amount","1991 November","Phoenix Park","Millimetres",""
"Precipitation Amount","1991 November","Roches Point","Millimetres",""
"Precipitation Amount","1991 November","Markree","Millimetres",""
"Precipitation Amount","1991 December","Malin Head","Millimetres","112.8"
"Precipitation Amount","1991 December","Claremorris","Millimetres","62.9"
"Precipitation Amount","1991 December","Valentia Observatory","Millimetres","20.9"
"Precipitation Amount","1991 December","Belmullet","Millimetres","87.5"
"Precipitation Amount","1991 December","Shannon Airport","Millimetres","59.1"
"Precipitation Amount","1991 December","Dublin Airport","Millimetres","38.1"
"Precipitation Amount","1991 December","Mullingar","Millimetres","70.6"
"Precipitation Amount","1991 December","Cork Airport","Millimetres","23.4"
"Precipitation Amount","1991 December","Casement","Millimetres","31.1"
"Precipitation Amount","1991 December","Phoenix Park","Millimetres",""
"Precipitation Amount","1991 December","Roches Point","Millimetres",""
"Precipitation Amount","1991 December","Markree","Millimetres",""
"Precipitation Amount","1992 January","Malin Head","Millimetres","113.5"
"Precipitation Amount","1992 January","Claremorris","Millimetres","119"
"Precipitation Amount","1992 January","Valentia Observatory","Millimetres","113.5"
"Precipitation Amount","1992 January","Belmullet","Millimetres","85.1"
"Precipitation Amount","1992 January","Shannon Airport","Millimetres","66.3"
"Precipitation Amount","1992 January","Dublin Airport","Millimetres","32.9"
"Precipitation Amount","1992 January","Mullingar","Millimetres","75.9"
"Precipitation Amount","1992 January","Cork Airport","Millimetres","40.2"
"Precipitation Amount","1992 January","Casement","Millimetres","34.1"
"Precipitation Amount","1992 January","Phoenix Park","Millimetres",""
"Precipitation Amount","1992 January","Roches Point","Millimetres",""
"Precipitation Amount","1992 January","Markree","Millimetres",""
"Precipitation Amount","1992 February","Malin Head","Millimetres","89.7"
"Precipitation Amount","1992 February","Claremorris","Millimetres","101.1"
"Precipitation Amount","1992 February","Valentia Observatory","Millimetres","109.8"
"Precipitation Amount","1992 February","Belmullet","Millimetres","126.7"
"Precipitation Amount","1992 February","Shannon Airport","Millimetres","54.3"
"Precipitation Amount","1992 February","Dublin Airport","Millimetres","23.9"
"Precipitation Amount","1992 February","Mullingar","Millimetres","60.9"
"Precipitation Amount","1992 February","Cork Airport","Millimetres","79.5"
"Precipitation Amount","1992 February","Casement","Millimetres","34.2"
"Precipitation Amount","1992 February","Phoenix Park","Millimetres",""
"Precipitation Amount","1992 February","Roches Point","Millimetres",""
"Precipitation Amount","1992 February","Markree","Millimetres",""
"Precipitation Amount","1992 March","Malin Head","Millimetres","149.1"
"Precipitation Amount","1992 March","Claremorris","Millimetres","156.4"
"Precipitation Amount","1992 March","Valentia Observatory","Millimetres","134.2"
"Precipitation Amount","1992 March","Belmullet","Millimetres","130.3"
"Precipitation Amount","1992 March","Shannon Airport","Millimetres","105.6"
"Precipitation Amount","1992 March","Dublin Airport","Millimetres","65.1"
"Precipitation Amount","1992 March","Mullingar","Millimetres","90.8"
"Precipitation Amount","1992 March","Cork Airport","Millimetres","64.8"
"Precipitation Amount","1992 March","Casement","Millimetres","63.6"
"Precipitation Amount","1992 March","Phoenix Park","Millimetres",""
"Precipitation Amount","1992 March","Roches Point","Millimetres",""
"Precipitation Amount","1992 March","Markree","Millimetres",""
"Precipitation Amount","1992 April","Malin Head","Millimetres","101.8"
"Precipitation Amount","1992 April","Claremorris","Millimetres","97.4"
"Precipitation Amount","1992 April","Valentia Observatory","Millimetres","174.3"
"Precipitation Amount","1992 April","Belmullet","Millimetres","95"
"Precipitation Amount","1992 April","Shannon Airport","Millimetres","76.6"
"Precipitation Amount","1992 April","Dublin Airport","Millimetres","70.3"
"Precipitation Amount","1992 April","Mullingar","Millimetres","94"
"Precipitation Amount","1992 April","Cork Airport","Millimetres","101.9"
"Precipitation Amount","1992 April","Casement","Millimetres","78"
"Precipitation Amount","1992 April","Phoenix Park","Millimetres",""
"Precipitation Amount","1992 April","Roches Point","Millimetres",""
"Precipitation Amount","1992 April","Markree","Millimetres",""
"Precipitation Amount","1992 May","Malin Head","Millimetres","45.9"
"Precipitation Amount","1992 May","Claremorris","Millimetres","62.9"
"Precipitation Amount","1992 May","Valentia Observatory","Millimetres","69.2"
"Precipitation Amount","1992 May","Belmullet","Millimetres","43.8"
"Precipitation Amount","1992 May","Shannon Airport","Millimetres","35.2"
"Precipitation Amount","1992 May","Dublin Airport","Millimetres","39.5"
"Precipitation Amount","1992 May","Mullingar","Millimetres","58.7"
"Precipitation Amount","1992 May","Cork Airport","Millimetres","98.7"
"Precipitation Amount","1992 May","Casement","Millimetres","38.3"
"Precipitation Amount","1992 May","Phoenix Park","Millimetres",""
"Precipitation Amount","1992 May","Roches Point","Millimetres",""
"Precipitation Amount","1992 May","Markree","Millimetres",""
"Precipitation Amount","1992 June","Malin Head","Millimetres","53.5"
"Precipitation Amount","1992 June","Claremorris","Millimetres","22.8"
"Precipitation Amount","1992 June","Valentia Observatory","Millimetres","41.9"
"Precipitation Amount","1992 June","Belmullet","Millimetres","38.2"
"Precipitation Amount","1992 June","Shannon Airport","Millimetres","28.5"
"Precipitation Amount","1992 June","Dublin Airport","Millimetres","37.4"
"Precipitation Amount","1992 June","Mullingar","Millimetres","19.7"
"Precipitation Amount","1992 June","Cork Airport","Millimetres","26.4"
"Precipitation Amount","1992 June","Casement","Millimetres","29.3"
"Precipitation Amount","1992 June","Phoenix Park","Millimetres",""
"Precipitation Amount","1992 June","Roches Point","Millimetres",""
"Precipitation Amount","1992 June","Markree","Millimetres",""
"Precipitation Amount","1992 July","Malin Head","Millimetres","80.2"
"Precipitation Amount","1992 July","Claremorris","Millimetres","124.7"
"Precipitation Amount","1992 July","Valentia Observatory","Millimetres","138.9"
"Precipitation Amount","1992 July","Belmullet","Millimetres","117.2"
"Precipitation Amount","1992 July","Shannon Airport","Millimetres","68.8"
"Precipitation Amount","1992 July","Dublin Airport","Millimetres","69.9"
"Precipitation Amount","1992 July","Mullingar","Millimetres","96.4"
"Precipitation Amount","1992 July","Cork Airport","Millimetres","119.8"
"Precipitation Amount","1992 July","Casement","Millimetres","62.6"
"Precipitation Amount","1992 July","Phoenix Park","Millimetres",""
"Precipitation Amount","1992 July","Roches Point","Millimetres",""
"Precipitation Amount","1992 July","Markree","Millimetres",""
"Precipitation Amount","1992 August","Malin Head","Millimetres","174.4"
"Precipitation Amount","1992 August","Claremorris","Millimetres","192.1"
"Precipitation Amount","1992 August","Valentia Observatory","Millimetres","185.4"
"Precipitation Amount","1992 August","Belmullet","Millimetres","235.3"
"Precipitation Amount","1992 August","Shannon Airport","Millimetres","154.4"
"Precipitation Amount","1992 August","Dublin Airport","Millimetres","85.3"
"Precipitation Amount","1992 August","Mullingar","Millimetres","116.8"
"Precipitation Amount","1992 August","Cork Airport","Millimetres","116"
"Precipitation Amount","1992 August","Casement","Millimetres","68"
"Precipitation Amount","1992 August","Phoenix Park","Millimetres",""
"Precipitation Amount","1992 August","Roches Point","Millimetres",""
"Precipitation Amount","1992 August","Markree","Millimetres",""
"Precipitation Amount","1992 September","Malin Head","Millimetres","86.2"
"Precipitation Amount","1992 September","Claremorris","Millimetres","83"
"Precipitation Amount","1992 September","Valentia Observatory","Millimetres","120.7"
"Precipitation Amount","1992 September","Belmullet","Millimetres","142.5"
"Precipitation Amount","1992 September","Shannon Airport","Millimetres","77.1"
"Precipitation Amount","1992 September","Dublin Airport","Millimetres","64.2"
"Precipitation Amount","1992 September","Mullingar","Millimetres","82.7"
"Precipitation Amount","1992 September","Cork Airport","Millimetres","110.2"
"Precipitation Amount","1992 September","Casement","Millimetres","64.2"
"Precipitation Amount","1992 September","Phoenix Park","Millimetres",""
"Precipitation Amount","1992 September","Roches Point","Millimetres",""
"Precipitation Amount","1992 September","Markree","Millimetres",""
"Precipitation Amount","1992 October","Malin Head","Millimetres","108"
"Precipitation Amount","1992 October","Claremorris","Millimetres","80.3"
"Precipitation Amount","1992 October","Valentia Observatory","Millimetres","84.3"
"Precipitation Amount","1992 October","Belmullet","Millimetres","140.9"
"Precipitation Amount","1992 October","Shannon Airport","Millimetres","60.4"
"Precipitation Amount","1992 October","Dublin Airport","Millimetres","29.7"
"Precipitation Amount","1992 October","Mullingar","Millimetres","41"
"Precipitation Amount","1992 October","Cork Airport","Millimetres","30.1"
"Precipitation Amount","1992 October","Casement","Millimetres","28.6"
"Precipitation Amount","1992 October","Phoenix Park","Millimetres",""
"Precipitation Amount","1992 October","Roches Point","Millimetres",""
"Precipitation Amount","1992 October","Markree","Millimetres",""
"Precipitation Amount","1992 November","Malin Head","Millimetres","165.3"
"Precipitation Amount","1992 November","Claremorris","Millimetres","162.2"
"Precipitation Amount","1992 November","Valentia Observatory","Millimetres","132.7"
"Precipitation Amount","1992 November","Belmullet","Millimetres","175.7"
"Precipitation Amount","1992 November","Shannon Airport","Millimetres","99.9"
"Precipitation Amount","1992 November","Dublin Airport","Millimetres","64.1"
"Precipitation Amount","1992 November","Mullingar","Millimetres","114.7"
"Precipitation Amount","1992 November","Cork Airport","Millimetres","138.1"
"Precipitation Amount","1992 November","Casement","Millimetres","60.4"
"Precipitation Amount","1992 November","Phoenix Park","Millimetres",""
"Precipitation Amount","1992 November","Roches Point","Millimetres",""
"Precipitation Amount","1992 November","Markree","Millimetres",""
"Precipitation Amount","1992 December","Malin Head","Millimetres","116.7"
"Precipitation Amount","1992 December","Claremorris","Millimetres","103.3"
"Precipitation Amount","1992 December","Valentia Observatory","Millimetres","116.2"
"Precipitation Amount","1992 December","Belmullet","Millimetres","117.1"
"Precipitation Amount","1992 December","Shannon Airport","Millimetres","88.7"
"Precipitation Amount","1992 December","Dublin Airport","Millimetres","41.6"
"Precipitation Amount","1992 December","Mullingar","Millimetres","67.6"
"Precipitation Amount","1992 December","Cork Airport","Millimetres","92.3"
"Precipitation Amount","1992 December","Casement","Millimetres","48"
"Precipitation Amount","1992 December","Phoenix Park","Millimetres",""
"Precipitation Amount","1992 December","Roches Point","Millimetres",""
"Precipitation Amount","1992 December","Markree","Millimetres",""
"Precipitation Amount","1993 January","Malin Head","Millimetres","162.3"
"Precipitation Amount","1993 January","Claremorris","Millimetres","203.5"
"Precipitation Amount","1993 January","Valentia Observatory","Millimetres","171.9"
"Precipitation Amount","1993 January","Belmullet","Millimetres","228.4"
"Precipitation Amount","1993 January","Shannon Airport","Millimetres","88.1"
"Precipitation Amount","1993 January","Dublin Airport","Millimetres","57.9"
"Precipitation Amount","1993 January","Mullingar","Millimetres","111.2"
"Precipitation Amount","1993 January","Cork Airport","Millimetres","169.1"
"Precipitation Amount","1993 January","Casement","Millimetres","88.8"
"Precipitation Amount","1993 January","Phoenix Park","Millimetres",""
"Precipitation Amount","1993 January","Roches Point","Millimetres",""
"Precipitation Amount","1993 January","Markree","Millimetres",""
"Precipitation Amount","1993 February","Malin Head","Millimetres","33.5"
"Precipitation Amount","1993 February","Claremorris","Millimetres","36.3"
"Precipitation Amount","1993 February","Valentia Observatory","Millimetres","51.1"
"Precipitation Amount","1993 February","Belmullet","Millimetres","31.5"
"Precipitation Amount","1993 February","Shannon Airport","Millimetres","16.5"
"Precipitation Amount","1993 February","Dublin Airport","Millimetres","19.5"
"Precipitation Amount","1993 February","Mullingar","Millimetres","16.7"
"Precipitation Amount","1993 February","Cork Airport","Millimetres","20.8"
"Precipitation Amount","1993 February","Casement","Millimetres","16.3"
"Precipitation Amount","1993 February","Phoenix Park","Millimetres",""
"Precipitation Amount","1993 February","Roches Point","Millimetres",""
"Precipitation Amount","1993 February","Markree","Millimetres",""
"Precipitation Amount","1993 March","Malin Head","Millimetres","63.3"
"Precipitation Amount","1993 March","Claremorris","Millimetres","64.1"
"Precipitation Amount","1993 March","Valentia Observatory","Millimetres","118.7"
"Precipitation Amount","1993 March","Belmullet","Millimetres","82.5"
"Precipitation Amount","1993 March","Shannon Airport","Millimetres","48.7"
"Precipitation Amount","1993 March","Dublin Airport","Millimetres","26.2"
"Precipitation Amount","1993 March","Mullingar","Millimetres","47.2"
"Precipitation Amount","1993 March","Cork Airport","Millimetres","74.9"
"Precipitation Amount","1993 March","Casement","Millimetres","33.4"
"Precipitation Amount","1993 March","Phoenix Park","Millimetres",""
"Precipitation Amount","1993 March","Roches Point","Millimetres",""
"Precipitation Amount","1993 March","Markree","Millimetres",""
"Precipitation Amount","1993 April","Malin Head","Millimetres","124.5"
"Precipitation Amount","1993 April","Claremorris","Millimetres","87.1"
"Precipitation Amount","1993 April","Valentia Observatory","Millimetres","87.9"
"Precipitation Amount","1993 April","Belmullet","Millimetres","97.7"
"Precipitation Amount","1993 April","Shannon Airport","Millimetres","84.9"
"Precipitation Amount","1993 April","Dublin Airport","Millimetres","48.7"
"Precipitation Amount","1993 April","Mullingar","Millimetres","107.9"
"Precipitation Amount","1993 April","Cork Airport","Millimetres","109.5"
"Precipitation Amount","1993 April","Casement","Millimetres","57.6"
"Precipitation Amount","1993 April","Phoenix Park","Millimetres",""
"Precipitation Amount","1993 April","Roches Point","Millimetres",""
"Precipitation Amount","1993 April","Markree","Millimetres",""
"Precipitation Amount","1993 May","Malin Head","Millimetres","52.9"
"Precipitation Amount","1993 May","Claremorris","Millimetres","118.1"
"Precipitation Amount","1993 May","Valentia Observatory","Millimetres","90.8"
"Precipitation Amount","1993 May","Belmullet","Millimetres","99.4"
"Precipitation Amount","1993 May","Shannon Airport","Millimetres","90"
"Precipitation Amount","1993 May","Dublin Airport","Millimetres","149.7"
"Precipitation Amount","1993 May","Mullingar","Millimetres","97.4"
"Precipitation Amount","1993 May","Cork Airport","Millimetres","151.8"
"Precipitation Amount","1993 May","Casement","Millimetres","129.8"
"Precipitation Amount","1993 May","Phoenix Park","Millimetres",""
"Precipitation Amount","1993 May","Roches Point","Millimetres",""
"Precipitation Amount","1993 May","Markree","Millimetres",""
"Precipitation Amount","1993 June","Malin Head","Millimetres","69.3"
"Precipitation Amount","1993 June","Claremorris","Millimetres","104.9"
"Precipitation Amount","1993 June","Valentia Observatory","Millimetres","82.6"
"Precipitation Amount","1993 June","Belmullet","Millimetres","74.4"
"Precipitation Amount","1993 June","Shannon Airport","Millimetres","74"
"Precipitation Amount","1993 June","Dublin Airport","Millimetres","148.3"
"Precipitation Amount","1993 June","Mullingar","Millimetres","136.5"
"Precipitation Amount","1993 June","Cork Airport","Millimetres","105.8"
"Precipitation Amount","1993 June","Casement","Millimetres","167.7"
"Precipitation Amount","1993 June","Phoenix Park","Millimetres",""
"Precipitation Amount","1993 June","Roches Point","Millimetres",""
"Precipitation Amount","1993 June","Markree","Millimetres",""
"Precipitation Amount","1993 July","Malin Head","Millimetres","99.2"
"Precipitation Amount","1993 July","Claremorris","Millimetres","70.2"
"Precipitation Amount","1993 July","Valentia Observatory","Millimetres","134.5"
"Precipitation Amount","1993 July","Belmullet","Millimetres","60.6"
"Precipitation Amount","1993 July","Shannon Airport","Millimetres","68.2"
"Precipitation Amount","1993 July","Dublin Airport","Millimetres","60.1"
"Precipitation Amount","1993 July","Mullingar","Millimetres","77.3"
"Precipitation Amount","1993 July","Cork Airport","Millimetres","90.5"
"Precipitation Amount","1993 July","Casement","Millimetres","76.8"
"Precipitation Amount","1993 July","Phoenix Park","Millimetres",""
"Precipitation Amount","1993 July","Roches Point","Millimetres",""
"Precipitation Amount","1993 July","Markree","Millimetres",""
"Precipitation Amount","1993 August","Malin Head","Millimetres","55.8"
"Precipitation Amount","1993 August","Claremorris","Millimetres","52.3"
"Precipitation Amount","1993 August","Valentia Observatory","Millimetres","43.6"
"Precipitation Amount","1993 August","Belmullet","Millimetres","58.2"
"Precipitation Amount","1993 August","Shannon Airport","Millimetres","53.1"
"Precipitation Amount","1993 August","Dublin Airport","Millimetres","36.8"
"Precipitation Amount","1993 August","Mullingar","Millimetres","43"
"Precipitation Amount","1993 August","Cork Airport","Millimetres","27.5"
"Precipitation Amount","1993 August","Casement","Millimetres","37.8"
"Precipitation Amount","1993 August","Phoenix Park","Millimetres",""
"Precipitation Amount","1993 August","Roches Point","Millimetres",""
"Precipitation Amount","1993 August","Markree","Millimetres",""
"Precipitation Amount","1993 September","Malin Head","Millimetres","80.7"
"Precipitation Amount","1993 September","Claremorris","Millimetres","79.3"
"Precipitation Amount","1993 September","Valentia Observatory","Millimetres","182.7"
"Precipitation Amount","1993 September","Belmullet","Millimetres","70.7"
"Precipitation Amount","1993 September","Shannon Airport","Millimetres","108.4"
"Precipitation Amount","1993 September","Dublin Airport","Millimetres","90"
"Precipitation Amount","1993 September","Mullingar","Millimetres","86.4"
"Precipitation Amount","1993 September","Cork Airport","Millimetres","198.9"
"Precipitation Amount","1993 September","Casement","Millimetres","85.8"
"Precipitation Amount","1993 September","Phoenix Park","Millimetres",""
"Precipitation Amount","1993 September","Roches Point","Millimetres",""
"Precipitation Amount","1993 September","Markree","Millimetres",""
"Precipitation Amount","1993 October","Malin Head","Millimetres","38.4"
"Precipitation Amount","1993 October","Claremorris","Millimetres","43.1"
"Precipitation Amount","1993 October","Valentia Observatory","Millimetres","95.5"
"Precipitation Amount","1993 October","Belmullet","Millimetres","57.3"
"Precipitation Amount","1993 October","Shannon Airport","Millimetres","48.5"
"Precipitation Amount","1993 October","Dublin Airport","Millimetres","86.5"
"Precipitation Amount","1993 October","Mullingar","Millimetres","78.2"
"Precipitation Amount","1993 October","Cork Airport","Millimetres","57.6"
"Precipitation Amount","1993 October","Casement","Millimetres","78"
"Precipitation Amount","1993 October","Phoenix Park","Millimetres",""
"Precipitation Amount","1993 October","Roches Point","Millimetres",""
"Precipitation Amount","1993 October","Markree","Millimetres",""
"Precipitation Amount","1993 November","Malin Head","Millimetres","61.6"
"Precipitation Amount","1993 November","Claremorris","Millimetres","91.5"
"Precipitation Amount","1993 November","Valentia Observatory","Millimetres","181.8"
"Precipitation Amount","1993 November","Belmullet","Millimetres","91.4"
"Precipitation Amount","1993 November","Shannon Airport","Millimetres","59.9"
"Precipitation Amount","1993 November","Dublin Airport","Millimetres","45.4"
"Precipitation Amount","1993 November","Mullingar","Millimetres","50.1"
"Precipitation Amount","1993 November","Cork Airport","Millimetres","121.2"
"Precipitation Amount","1993 November","Casement","Millimetres","36"
"Precipitation Amount","1993 November","Phoenix Park","Millimetres",""
"Precipitation Amount","1993 November","Roches Point","Millimetres",""
"Precipitation Amount","1993 November","Markree","Millimetres",""
"Precipitation Amount","1993 December","Malin Head","Millimetres","227.3"
"Precipitation Amount","1993 December","Claremorris","Millimetres","219.4"
"Precipitation Amount","1993 December","Valentia Observatory","Millimetres","226"
"Precipitation Amount","1993 December","Belmullet","Millimetres","236.2"
"Precipitation Amount","1993 December","Shannon Airport","Millimetres","217.7"
"Precipitation Amount","1993 December","Dublin Airport","Millimetres","105.7"
"Precipitation Amount","1993 December","Mullingar","Millimetres","165"
"Precipitation Amount","1993 December","Cork Airport","Millimetres","198.8"
"Precipitation Amount","1993 December","Casement","Millimetres","117.3"
"Precipitation Amount","1993 December","Phoenix Park","Millimetres",""
"Precipitation Amount","1993 December","Roches Point","Millimetres",""
"Precipitation Amount","1993 December","Markree","Millimetres",""
"Precipitation Amount","1994 January","Malin Head","Millimetres","146.6"
"Precipitation Amount","1994 January","Claremorris","Millimetres","144.4"
"Precipitation Amount","1994 January","Valentia Observatory","Millimetres","198.8"
"Precipitation Amount","1994 January","Belmullet","Millimetres","165.9"
"Precipitation Amount","1994 January","Shannon Airport","Millimetres","152.4"
"Precipitation Amount","1994 January","Dublin Airport","Millimetres","83"
"Precipitation Amount","1994 January","Mullingar","Millimetres","106.6"
"Precipitation Amount","1994 January","Cork Airport","Millimetres","139.6"
"Precipitation Amount","1994 January","Casement","Millimetres","82.8"
"Precipitation Amount","1994 January","Phoenix Park","Millimetres",""
"Precipitation Amount","1994 January","Roches Point","Millimetres",""
"Precipitation Amount","1994 January","Markree","Millimetres",""
"Precipitation Amount","1994 February","Malin Head","Millimetres","120.2"
"Precipitation Amount","1994 February","Claremorris","Millimetres","151.4"
"Precipitation Amount","1994 February","Valentia Observatory","Millimetres","191.8"
"Precipitation Amount","1994 February","Belmullet","Millimetres","121"
"Precipitation Amount","1994 February","Shannon Airport","Millimetres","124.1"
"Precipitation Amount","1994 February","Dublin Airport","Millimetres","99.4"
"Precipitation Amount","1994 February","Mullingar","Millimetres","108.4"
"Precipitation Amount","1994 February","Cork Airport","Millimetres","251.7"
"Precipitation Amount","1994 February","Casement","Millimetres","103.3"
"Precipitation Amount","1994 February","Phoenix Park","Millimetres",""
"Precipitation Amount","1994 February","Roches Point","Millimetres",""
"Precipitation Amount","1994 February","Markree","Millimetres",""
"Precipitation Amount","1994 March","Malin Head","Millimetres","151.3"
"Precipitation Amount","1994 March","Claremorris","Millimetres","133.9"
"Precipitation Amount","1994 March","Valentia Observatory","Millimetres","144.5"
"Precipitation Amount","1994 March","Belmullet","Millimetres","155.8"
"Precipitation Amount","1994 March","Shannon Airport","Millimetres","130.6"
"Precipitation Amount","1994 March","Dublin Airport","Millimetres","72.1"
"Precipitation Amount","1994 March","Mullingar","Millimetres","109"
"Precipitation Amount","1994 March","Cork Airport","Millimetres","100.3"
"Precipitation Amount","1994 March","Casement","Millimetres","78.6"
"Precipitation Amount","1994 March","Phoenix Park","Millimetres",""
"Precipitation Amount","1994 March","Roches Point","Millimetres",""
"Precipitation Amount","1994 March","Markree","Millimetres",""
"Precipitation Amount","1994 April","Malin Head","Millimetres","84.9"
"Precipitation Amount","1994 April","Claremorris","Millimetres","105.2"
"Precipitation Amount","1994 April","Valentia Observatory","Millimetres","144.9"
"Precipitation Amount","1994 April","Belmullet","Millimetres","109.1"
"Precipitation Amount","1994 April","Shannon Airport","Millimetres","115.5"
"Precipitation Amount","1994 April","Dublin Airport","Millimetres","60.3"
"Precipitation Amount","1994 April","Mullingar","Millimetres","95.2"
"Precipitation Amount","1994 April","Cork Airport","Millimetres","98.6"
"Precipitation Amount","1994 April","Casement","Millimetres","79.8"
"Precipitation Amount","1994 April","Phoenix Park","Millimetres",""
"Precipitation Amount","1994 April","Roches Point","Millimetres",""
"Precipitation Amount","1994 April","Markree","Millimetres",""
"Precipitation Amount","1994 May","Malin Head","Millimetres","18.8"
"Precipitation Amount","1994 May","Claremorris","Millimetres","65.6"
"Precipitation Amount","1994 May","Valentia Observatory","Millimetres","93.2"
"Precipitation Amount","1994 May","Belmullet","Millimetres","66.9"
"Precipitation Amount","1994 May","Shannon Airport","Millimetres","76.6"
"Precipitation Amount","1994 May","Dublin Airport","Millimetres","52.5"
"Precipitation Amount","1994 May","Mullingar","Millimetres","40.7"
"Precipitation Amount","1994 May","Cork Airport","Millimetres","124.6"
"Precipitation Amount","1994 May","Casement","Millimetres","44.7"
"Precipitation Amount","1994 May","Phoenix Park","Millimetres",""
"Precipitation Amount","1994 May","Roches Point","Millimetres",""
"Precipitation Amount","1994 May","Markree","Millimetres",""
"Precipitation Amount","1994 June","Malin Head","Millimetres","98.3"
"Precipitation Amount","1994 June","Claremorris","Millimetres","65.5"
"Precipitation Amount","1994 June","Valentia Observatory","Millimetres","104.5"
"Precipitation Amount","1994 June","Belmullet","Millimetres","72.2"
"Precipitation Amount","1994 June","Shannon Airport","Millimetres","66.1"
"Precipitation Amount","1994 June","Dublin Airport","Millimetres","21.2"
"Precipitation Amount","1994 June","Mullingar","Millimetres","65.4"
"Precipitation Amount","1994 June","Cork Airport","Millimetres","45.9"
"Precipitation Amount","1994 June","Casement","Millimetres","22.7"
"Precipitation Amount","1994 June","Phoenix Park","Millimetres",""
"Precipitation Amount","1994 June","Roches Point","Millimetres",""
"Precipitation Amount","1994 June","Markree","Millimetres",""
"Precipitation Amount","1994 July","Malin Head","Millimetres","67.6"
"Precipitation Amount","1994 July","Claremorris","Millimetres","103.3"
"Precipitation Amount","1994 July","Valentia Observatory","Millimetres","212.8"
"Precipitation Amount","1994 July","Belmullet","Millimetres","66.8"
"Precipitation Amount","1994 July","Shannon Airport","Millimetres","72.4"
"Precipitation Amount","1994 July","Dublin Airport","Millimetres","64.5"
"Precipitation Amount","1994 July","Mullingar","Millimetres","87.3"
"Precipitation Amount","1994 July","Cork Airport","Millimetres","113.7"
"Precipitation Amount","1994 July","Casement","Millimetres","50.6"
"Precipitation Amount","1994 July","Phoenix Park","Millimetres",""
"Precipitation Amount","1994 July","Roches Point","Millimetres",""
"Precipitation Amount","1994 July","Markree","Millimetres",""
"Precipitation Amount","1994 August","Malin Head","Millimetres","76.5"
"Precipitation Amount","1994 August","Claremorris","Millimetres","111.8"
"Precipitation Amount","1994 August","Valentia Observatory","Millimetres","82"
"Precipitation Amount","1994 August","Belmullet","Millimetres","104"
"Precipitation Amount","1994 August","Shannon Airport","Millimetres","77"
"Precipitation Amount","1994 August","Dublin Airport","Millimetres","58.6"
"Precipitation Amount","1994 August","Mullingar","Millimetres","78.2"
"Precipitation Amount","1994 August","Cork Airport","Millimetres","80.3"
"Precipitation Amount","1994 August","Casement","Millimetres","90.5"
"Precipitation Amount","1994 August","Phoenix Park","Millimetres",""
"Precipitation Amount","1994 August","Roches Point","Millimetres",""
"Precipitation Amount","1994 August","Markree","Millimetres",""
"Precipitation Amount","1994 September","Malin Head","Millimetres","103.2"
"Precipitation Amount","1994 September","Claremorris","Millimetres","84.4"
"Precipitation Amount","1994 September","Valentia Observatory","Millimetres","94"
"Precipitation Amount","1994 September","Belmullet","Millimetres","93.2"
"Precipitation Amount","1994 September","Shannon Airport","Millimetres","59.7"
"Precipitation Amount","1994 September","Dublin Airport","Millimetres","88.3"
"Precipitation Amount","1994 September","Mullingar","Millimetres","55.1"
"Precipitation Amount","1994 September","Cork Airport","Millimetres","69.5"
"Precipitation Amount","1994 September","Casement","Millimetres","69.2"
"Precipitation Amount","1994 September","Phoenix Park","Millimetres",""
"Precipitation Amount","1994 September","Roches Point","Millimetres",""
"Precipitation Amount","1994 September","Markree","Millimetres",""
"Precipitation Amount","1994 October","Malin Head","Millimetres","63.7"
"Precipitation Amount","1994 October","Claremorris","Millimetres","63.3"
"Precipitation Amount","1994 October","Valentia Observatory","Millimetres","119.7"
"Precipitation Amount","1994 October","Belmullet","Millimetres","65.2"
"Precipitation Amount","1994 October","Shannon Airport","Millimetres","67.8"
"Precipitation Amount","1994 October","Dublin Airport","Millimetres","45.9"
"Precipitation Amount","1994 October","Mullingar","Millimetres","47.2"
"Precipitation Amount","1994 October","Cork Airport","Millimetres","88.9"
"Precipitation Amount","1994 October","Casement","Millimetres","50.7"
"Precipitation Amount","1994 October","Phoenix Park","Millimetres",""
"Precipitation Amount","1994 October","Roches Point","Millimetres",""
"Precipitation Amount","1994 October","Markree","Millimetres",""
"Precipitation Amount","1994 November","Malin Head","Millimetres","100.1"
"Precipitation Amount","1994 November","Claremorris","Millimetres","113.7"
"Precipitation Amount","1994 November","Valentia Observatory","Millimetres","170.3"
"Precipitation Amount","1994 November","Belmullet","Millimetres","99.7"
"Precipitation Amount","1994 November","Shannon Airport","Millimetres","71.1"
"Precipitation Amount","1994 November","Dublin Airport","Millimetres","54.8"
"Precipitation Amount","1994 November","Mullingar","Millimetres","79.8"
"Precipitation Amount","1994 November","Cork Airport","Millimetres","145.9"
"Precipitation Amount","1994 November","Casement","Millimetres","33.2"
"Precipitation Amount","1994 November","Phoenix Park","Millimetres",""
"Precipitation Amount","1994 November","Roches Point","Millimetres",""
"Precipitation Amount","1994 November","Markree","Millimetres",""
"Precipitation Amount","1994 December","Malin Head","Millimetres","158.9"
"Precipitation Amount","1994 December","Claremorris","Millimetres","216.1"
"Precipitation Amount","1994 December","Valentia Observatory","Millimetres","249.8"
"Precipitation Amount","1994 December","Belmullet","Millimetres","196.2"
"Precipitation Amount","1994 December","Shannon Airport","Millimetres","181"
"Precipitation Amount","1994 December","Dublin Airport","Millimetres","86"
"Precipitation Amount","1994 December","Mullingar","Millimetres","143.8"
"Precipitation Amount","1994 December","Cork Airport","Millimetres","191.2"
"Precipitation Amount","1994 December","Casement","Millimetres","102.5"
"Precipitation Amount","1994 December","Phoenix Park","Millimetres",""
"Precipitation Amount","1994 December","Roches Point","Millimetres",""
"Precipitation Amount","1994 December","Markree","Millimetres",""
"Precipitation Amount","1995 January","Malin Head","Millimetres","185.6"
"Precipitation Amount","1995 January","Claremorris","Millimetres","187"
"Precipitation Amount","1995 January","Valentia Observatory","Millimetres","225.4"
"Precipitation Amount","1995 January","Belmullet","Millimetres","191.9"
"Precipitation Amount","1995 January","Shannon Airport","Millimetres","190.2"
"Precipitation Amount","1995 January","Dublin Airport","Millimetres","109.1"
"Precipitation Amount","1995 January","Mullingar","Millimetres","147.3"
"Precipitation Amount","1995 January","Cork Airport","Millimetres","178.7"
"Precipitation Amount","1995 January","Casement","Millimetres","121.4"
"Precipitation Amount","1995 January","Phoenix Park","Millimetres",""
"Precipitation Amount","1995 January","Roches Point","Millimetres",""
"Precipitation Amount","1995 January","Markree","Millimetres",""
"Precipitation Amount","1995 February","Malin Head","Millimetres","157.2"
"Precipitation Amount","1995 February","Claremorris","Millimetres","135.1"
"Precipitation Amount","1995 February","Valentia Observatory","Millimetres","210.2"
"Precipitation Amount","1995 February","Belmullet","Millimetres","153.3"
"Precipitation Amount","1995 February","Shannon Airport","Millimetres","156.8"
"Precipitation Amount","1995 February","Dublin Airport","Millimetres","92"
"Precipitation Amount","1995 February","Mullingar","Millimetres","117.5"
"Precipitation Amount","1995 February","Cork Airport","Millimetres","164.5"
"Precipitation Amount","1995 February","Casement","Millimetres","85.6"
"Precipitation Amount","1995 February","Phoenix Park","Millimetres",""
"Precipitation Amount","1995 February","Roches Point","Millimetres",""
"Precipitation Amount","1995 February","Markree","Millimetres",""
"Precipitation Amount","1995 March","Malin Head","Millimetres","145.8"
"Precipitation Amount","1995 March","Claremorris","Millimetres","111.4"
"Precipitation Amount","1995 March","Valentia Observatory","Millimetres","115.9"
"Precipitation Amount","1995 March","Belmullet","Millimetres","127.9"
"Precipitation Amount","1995 March","Shannon Airport","Millimetres","109"
"Precipitation Amount","1995 March","Dublin Airport","Millimetres","44.7"
"Precipitation Amount","1995 March","Mullingar","Millimetres","65.9"
"Precipitation Amount","1995 March","Cork Airport","Millimetres","97.8"
"Precipitation Amount","1995 March","Casement","Millimetres","58.5"
"Precipitation Amount","1995 March","Phoenix Park","Millimetres",""
"Precipitation Amount","1995 March","Roches Point","Millimetres",""
"Precipitation Amount","1995 March","Markree","Millimetres",""
"Precipitation Amount","1995 April","Malin Head","Millimetres","42.9"
"Precipitation Amount","1995 April","Claremorris","Millimetres","31.8"
"Precipitation Amount","1995 April","Valentia Observatory","Millimetres","51.1"
"Precipitation Amount","1995 April","Belmullet","Millimetres","48.5"
"Precipitation Amount","1995 April","Shannon Airport","Millimetres","26.8"
"Precipitation Amount","1995 April","Dublin Airport","Millimetres","27.3"
"Precipitation Amount","1995 April","Mullingar","Millimetres","28.6"
"Precipitation Amount","1995 April","Cork Airport","Millimetres","23.7"
"Precipitation Amount","1995 April","Casement","Millimetres","25.1"
"Precipitation Amount","1995 April","Phoenix Park","Millimetres",""
"Precipitation Amount","1995 April","Roches Point","Millimetres",""
"Precipitation Amount","1995 April","Markree","Millimetres",""
"Precipitation Amount","1995 May","Malin Head","Millimetres","73.6"
"Precipitation Amount","1995 May","Claremorris","Millimetres","71.7"
"Precipitation Amount","1995 May","Valentia Observatory","Millimetres","112.4"
"Precipitation Amount","1995 May","Belmullet","Millimetres","53.6"
"Precipitation Amount","1995 May","Shannon Airport","Millimetres","64.7"
"Precipitation Amount","1995 May","Dublin Airport","Millimetres","49.2"
"Precipitation Amount","1995 May","Mullingar","Millimetres","44.9"
"Precipitation Amount","1995 May","Cork Airport","Millimetres","76.7"
"Precipitation Amount","1995 May","Casement","Millimetres","43.4"
"Precipitation Amount","1995 May","Phoenix Park","Millimetres",""
"Precipitation Amount","1995 May","Roches Point","Millimetres",""
"Precipitation Amount","1995 May","Markree","Millimetres",""
"Precipitation Amount","1995 June","Malin Head","Millimetres","33"
"Precipitation Amount","1995 June","Claremorris","Millimetres","29.5"
"Precipitation Amount","1995 June","Valentia Observatory","Millimetres","58.3"
"Precipitation Amount","1995 June","Belmullet","Millimetres","29.1"
"Precipitation Amount","1995 June","Shannon Airport","Millimetres","25.9"
"Precipitation Amount","1995 June","Dublin Airport","Millimetres","11.6"
"Precipitation Amount","1995 June","Mullingar","Millimetres","21.2"
"Precipitation Amount","1995 June","Cork Airport","Millimetres","21.3"
"Precipitation Amount","1995 June","Casement","Millimetres","14.5"
"Precipitation Amount","1995 June","Phoenix Park","Millimetres",""
"Precipitation Amount","1995 June","Roches Point","Millimetres",""
"Precipitation Amount","1995 June","Markree","Millimetres",""
"Precipitation Amount","1995 July","Malin Head","Millimetres","57.9"
"Precipitation Amount","1995 July","Claremorris","Millimetres","118.2"
"Precipitation Amount","1995 July","Valentia Observatory","Millimetres","149.3"
"Precipitation Amount","1995 July","Belmullet","Millimetres","93.3"
"Precipitation Amount","1995 July","Shannon Airport","Millimetres","128.6"
"Precipitation Amount","1995 July","Dublin Airport","Millimetres","70.2"
"Precipitation Amount","1995 July","Mullingar","Millimetres","76.8"
"Precipitation Amount","1995 July","Cork Airport","Millimetres","81.2"
"Precipitation Amount","1995 July","Casement","Millimetres","49"
"Precipitation Amount","1995 July","Phoenix Park","Millimetres",""
"Precipitation Amount","1995 July","Roches Point","Millimetres",""
"Precipitation Amount","1995 July","Markree","Millimetres",""
"Precipitation Amount","1995 August","Malin Head","Millimetres","13.3"
"Precipitation Amount","1995 August","Claremorris","Millimetres","13.9"
"Precipitation Amount","1995 August","Valentia Observatory","Millimetres","24.7"
"Precipitation Amount","1995 August","Belmullet","Millimetres","17.7"
"Precipitation Amount","1995 August","Shannon Airport","Millimetres","4.2"
"Precipitation Amount","1995 August","Dublin Airport","Millimetres","7.2"
"Precipitation Amount","1995 August","Mullingar","Millimetres","6.9"
"Precipitation Amount","1995 August","Cork Airport","Millimetres","11.5"
"Precipitation Amount","1995 August","Casement","Millimetres","3.1"
"Precipitation Amount","1995 August","Phoenix Park","Millimetres",""
"Precipitation Amount","1995 August","Roches Point","Millimetres",""
"Precipitation Amount","1995 August","Markree","Millimetres",""
"Precipitation Amount","1995 September","Malin Head","Millimetres","108.4"
"Precipitation Amount","1995 September","Claremorris","Millimetres","70.3"
"Precipitation Amount","1995 September","Valentia Observatory","Millimetres","57.2"
"Precipitation Amount","1995 September","Belmullet","Millimetres","76.1"
"Precipitation Amount","1995 September","Shannon Airport","Millimetres","43.6"
"Precipitation Amount","1995 September","Dublin Airport","Millimetres","43.6"
"Precipitation Amount","1995 September","Mullingar","Millimetres","66.2"
"Precipitation Amount","1995 September","Cork Airport","Millimetres","68.2"
"Precipitation Amount","1995 September","Casement","Millimetres","31.9"
"Precipitation Amount","1995 September","Phoenix Park","Millimetres",""
"Precipitation Amount","1995 September","Roches Point","Millimetres",""
"Precipitation Amount","1995 September","Markree","Millimetres",""
"Precipitation Amount","1995 October","Malin Head","Millimetres","190.9"
"Precipitation Amount","1995 October","Claremorris","Millimetres","177.1"
"Precipitation Amount","1995 October","Valentia Observatory","Millimetres","229.8"
"Precipitation Amount","1995 October","Belmullet","Millimetres","250.9"
"Precipitation Amount","1995 October","Shannon Airport","Millimetres","108.3"
"Precipitation Amount","1995 October","Dublin Airport","Millimetres","38"
"Precipitation Amount","1995 October","Mullingar","Millimetres","156.4"
"Precipitation Amount","1995 October","Cork Airport","Millimetres","234.4"
"Precipitation Amount","1995 October","Casement","Millimetres","47"
"Precipitation Amount","1995 October","Phoenix Park","Millimetres",""
"Precipitation Amount","1995 October","Roches Point","Millimetres",""
"Precipitation Amount","1995 October","Markree","Millimetres",""
"Precipitation Amount","1995 November","Malin Head","Millimetres","86.9"
"Precipitation Amount","1995 November","Claremorris","Millimetres","113.3"
"Precipitation Amount","1995 November","Valentia Observatory","Millimetres","220"
"Precipitation Amount","1995 November","Belmullet","Millimetres","102.6"
"Precipitation Amount","1995 November","Shannon Airport","Millimetres","101.7"
"Precipitation Amount","1995 November","Dublin Airport","Millimetres","145.6"
"Precipitation Amount","1995 November","Mullingar","Millimetres","109.8"
"Precipitation Amount","1995 November","Cork Airport","Millimetres","121.5"
"Precipitation Amount","1995 November","Casement","Millimetres","136.5"
"Precipitation Amount","1995 November","Phoenix Park","Millimetres",""
"Precipitation Amount","1995 November","Roches Point","Millimetres",""
"Precipitation Amount","1995 November","Markree","Millimetres",""
"Precipitation Amount","1995 December","Malin Head","Millimetres","80.8"
"Precipitation Amount","1995 December","Claremorris","Millimetres","48.6"
"Precipitation Amount","1995 December","Valentia Observatory","Millimetres","86.4"
"Precipitation Amount","1995 December","Belmullet","Millimetres","58.3"
"Precipitation Amount","1995 December","Shannon Airport","Millimetres","71.9"
"Precipitation Amount","1995 December","Dublin Airport","Millimetres","72.7"
"Precipitation Amount","1995 December","Mullingar","Millimetres","52.9"
"Precipitation Amount","1995 December","Cork Airport","Millimetres","174.6"
"Precipitation Amount","1995 December","Casement","Millimetres","75.9"
"Precipitation Amount","1995 December","Phoenix Park","Millimetres",""
"Precipitation Amount","1995 December","Roches Point","Millimetres",""
"Precipitation Amount","1995 December","Markree","Millimetres",""
"Precipitation Amount","1996 January","Malin Head","Millimetres","43.8"
"Precipitation Amount","1996 January","Claremorris","Millimetres","85.7"
"Precipitation Amount","1996 January","Valentia Observatory","Millimetres","214.2"
"Precipitation Amount","1996 January","Belmullet","Millimetres","103.9"
"Precipitation Amount","1996 January","Shannon Airport","Millimetres","70.3"
"Precipitation Amount","1996 January","Dublin Airport","Millimetres","86.5"
"Precipitation Amount","1996 January","Mullingar","Millimetres","80.8"
"Precipitation Amount","1996 January","Cork Airport","Millimetres","218.2"
"Precipitation Amount","1996 January","Casement","Millimetres","75.7"
"Precipitation Amount","1996 January","Phoenix Park","Millimetres",""
"Precipitation Amount","1996 January","Roches Point","Millimetres",""
"Precipitation Amount","1996 January","Markree","Millimetres",""
"Precipitation Amount","1996 February","Malin Head","Millimetres","74.4"
"Precipitation Amount","1996 February","Claremorris","Millimetres","130.5"
"Precipitation Amount","1996 February","Valentia Observatory","Millimetres","135.8"
"Precipitation Amount","1996 February","Belmullet","Millimetres","122.6"
"Precipitation Amount","1996 February","Shannon Airport","Millimetres","117.4"
"Precipitation Amount","1996 February","Dublin Airport","Millimetres","62.4"
"Precipitation Amount","1996 February","Mullingar","Millimetres","83.9"
"Precipitation Amount","1996 February","Cork Airport","Millimetres","135.6"
"Precipitation Amount","1996 February","Casement","Millimetres","71.2"
"Precipitation Amount","1996 February","Phoenix Park","Millimetres",""
"Precipitation Amount","1996 February","Roches Point","Millimetres",""
"Precipitation Amount","1996 February","Markree","Millimetres",""
"Precipitation Amount","1996 March","Malin Head","Millimetres","18.9"
"Precipitation Amount","1996 March","Claremorris","Millimetres","89.4"
"Precipitation Amount","1996 March","Valentia Observatory","Millimetres","126.8"
"Precipitation Amount","1996 March","Belmullet","Millimetres","56.8"
"Precipitation Amount","1996 March","Shannon Airport","Millimetres","91.6"
"Precipitation Amount","1996 March","Dublin Airport","Millimetres","70.3"
"Precipitation Amount","1996 March","Mullingar","Millimetres","70.1"
"Precipitation Amount","1996 March","Cork Airport","Millimetres","201.5"
"Precipitation Amount","1996 March","Casement","Millimetres","61.4"
"Precipitation Amount","1996 March","Phoenix Park","Millimetres",""
"Precipitation Amount","1996 March","Roches Point","Millimetres",""
"Precipitation Amount","1996 March","Markree","Millimetres",""
"Precipitation Amount","1996 April","Malin Head","Millimetres","78"
"Precipitation Amount","1996 April","Claremorris","Millimetres",""
"Precipitation Amount","1996 April","Valentia Observatory","Millimetres","117.7"
"Precipitation Amount","1996 April","Belmullet","Millimetres","80.8"
"Precipitation Amount","1996 April","Shannon Airport","Millimetres","57.9"
"Precipitation Amount","1996 April","Dublin Airport","Millimetres","58.3"
"Precipitation Amount","1996 April","Mullingar","Millimetres","89.7"
"Precipitation Amount","1996 April","Cork Airport","Millimetres","113.5"
"Precipitation Amount","1996 April","Casement","Millimetres","48.9"
"Precipitation Amount","1996 April","Phoenix Park","Millimetres",""
"Precipitation Amount","1996 April","Roches Point","Millimetres",""
"Precipitation Amount","1996 April","Markree","Millimetres",""
"Precipitation Amount","1996 May","Malin Head","Millimetres","72.6"
"Precipitation Amount","1996 May","Claremorris","Millimetres","63.8"
"Precipitation Amount","1996 May","Valentia Observatory","Millimetres","81.1"
"Precipitation Amount","1996 May","Belmullet","Millimetres","69"
"Precipitation Amount","1996 May","Shannon Airport","Millimetres","46.5"
"Precipitation Amount","1996 May","Dublin Airport","Millimetres","69.8"
"Precipitation Amount","1996 May","Mullingar","Millimetres","62.1"
"Precipitation Amount","1996 May","Cork Airport","Millimetres","70.7"
"Precipitation Amount","1996 May","Casement","Millimetres","84.6"
"Precipitation Amount","1996 May","Phoenix Park","Millimetres",""
"Precipitation Amount","1996 May","Roches Point","Millimetres",""
"Precipitation Amount","1996 May","Markree","Millimetres",""
"Precipitation Amount","1996 June","Malin Head","Millimetres","53.9"
"Precipitation Amount","1996 June","Claremorris","Millimetres","33.7"
"Precipitation Amount","1996 June","Valentia Observatory","Millimetres","91.8"
"Precipitation Amount","1996 June","Belmullet","Millimetres","50.4"
"Precipitation Amount","1996 June","Shannon Airport","Millimetres","22.7"
"Precipitation Amount","1996 June","Dublin Airport","Millimetres","20.8"
"Precipitation Amount","1996 June","Mullingar","Millimetres","25.1"
"Precipitation Amount","1996 June","Cork Airport","Millimetres","46.1"
"Precipitation Amount","1996 June","Casement","Millimetres","13.8"
"Precipitation Amount","1996 June","Phoenix Park","Millimetres",""
"Precipitation Amount","1996 June","Roches Point","Millimetres",""
"Precipitation Amount","1996 June","Markree","Millimetres",""
"Precipitation Amount","1996 July","Malin Head","Millimetres","67"
"Precipitation Amount","1996 July","Claremorris","Millimetres",""
"Precipitation Amount","1996 July","Valentia Observatory","Millimetres","90.7"
"Precipitation Amount","1996 July","Belmullet","Millimetres","71.7"
"Precipitation Amount","1996 July","Shannon Airport","Millimetres","63.6"
"Precipitation Amount","1996 July","Dublin Airport","Millimetres","36.8"
"Precipitation Amount","1996 July","Mullingar","Millimetres","48.4"
"Precipitation Amount","1996 July","Cork Airport","Millimetres","67.1"
"Precipitation Amount","1996 July","Casement","Millimetres","41.8"
"Precipitation Amount","1996 July","Phoenix Park","Millimetres",""
"Precipitation Amount","1996 July","Roches Point","Millimetres",""
"Precipitation Amount","1996 July","Markree","Millimetres",""
"Precipitation Amount","1996 August","Malin Head","Millimetres","132.3"
"Precipitation Amount","1996 August","Claremorris","Millimetres",""
"Precipitation Amount","1996 August","Valentia Observatory","Millimetres","133.3"
"Precipitation Amount","1996 August","Belmullet","Millimetres","101.6"
"Precipitation Amount","1996 August","Shannon Airport","Millimetres","86.3"
"Precipitation Amount","1996 August","Dublin Airport","Millimetres","102.9"
"Precipitation Amount","1996 August","Mullingar","Millimetres","99.7"
"Precipitation Amount","1996 August","Cork Airport","Millimetres","135.3"
"Precipitation Amount","1996 August","Casement","Millimetres","70.6"
"Precipitation Amount","1996 August","Phoenix Park","Millimetres",""
"Precipitation Amount","1996 August","Roches Point","Millimetres",""
"Precipitation Amount","1996 August","Markree","Millimetres",""
"Precipitation Amount","1996 September","Malin Head","Millimetres","47.1"
"Precipitation Amount","1996 September","Claremorris","Millimetres",""
"Precipitation Amount","1996 September","Valentia Observatory","Millimetres","62.1"
"Precipitation Amount","1996 September","Belmullet","Millimetres","50.1"
"Precipitation Amount","1996 September","Shannon Airport","Millimetres","34.2"
"Precipitation Amount","1996 September","Dublin Airport","Millimetres","19"
"Precipitation Amount","1996 September","Mullingar","Millimetres","33.8"
"Precipitation Amount","1996 September","Cork Airport","Millimetres","36.9"
"Precipitation Amount","1996 September","Casement","Millimetres","21.4"
"Precipitation Amount","1996 September","Phoenix Park","Millimetres",""
"Precipitation Amount","1996 September","Roches Point","Millimetres",""
"Precipitation Amount","1996 September","Markree","Millimetres",""
"Precipitation Amount","1996 October","Malin Head","Millimetres","155.4"
"Precipitation Amount","1996 October","Claremorris","Millimetres","205"
"Precipitation Amount","1996 October","Valentia Observatory","Millimetres","279.6"
"Precipitation Amount","1996 October","Belmullet","Millimetres","181.3"
"Precipitation Amount","1996 October","Shannon Airport","Millimetres","145"
"Precipitation Amount","1996 October","Dublin Airport","Millimetres","102.4"
"Precipitation Amount","1996 October","Mullingar","Millimetres","149.7"
"Precipitation Amount","1996 October","Cork Airport","Millimetres","239.7"
"Precipitation Amount","1996 October","Casement","Millimetres","100.5"
"Precipitation Amount","1996 October","Phoenix Park","Millimetres",""
"Precipitation Amount","1996 October","Roches Point","Millimetres",""
"Precipitation Amount","1996 October","Markree","Millimetres",""
"Precipitation Amount","1996 November","Malin Head","Millimetres","126.3"
"Precipitation Amount","1996 November","Claremorris","Millimetres","131.3"
"Precipitation Amount","1996 November","Valentia Observatory","Millimetres","154.4"
"Precipitation Amount","1996 November","Belmullet","Millimetres","164.2"
"Precipitation Amount","1996 November","Shannon Airport","Millimetres","121.1"
"Precipitation Amount","1996 November","Dublin Airport","Millimetres","103.8"
"Precipitation Amount","1996 November","Mullingar","Millimetres","82.4"
"Precipitation Amount","1996 November","Cork Airport","Millimetres","118"
"Precipitation Amount","1996 November","Casement","Millimetres","114.4"
"Precipitation Amount","1996 November","Phoenix Park","Millimetres",""
"Precipitation Amount","1996 November","Roches Point","Millimetres",""
"Precipitation Amount","1996 November","Markree","Millimetres",""
"Precipitation Amount","1996 December","Malin Head","Millimetres","56.9"
"Precipitation Amount","1996 December","Claremorris","Millimetres",""
"Precipitation Amount","1996 December","Valentia Observatory","Millimetres","80.2"
"Precipitation Amount","1996 December","Belmullet","Millimetres","83.6"
"Precipitation Amount","1996 December","Shannon Airport","Millimetres","29.4"
"Precipitation Amount","1996 December","Dublin Airport","Millimetres","54.3"
"Precipitation Amount","1996 December","Mullingar","Millimetres","44.9"
"Precipitation Amount","1996 December","Cork Airport","Millimetres","50.9"
"Precipitation Amount","1996 December","Casement","Millimetres","44.5"
"Precipitation Amount","1996 December","Phoenix Park","Millimetres",""
"Precipitation Amount","1996 December","Roches Point","Millimetres",""
"Precipitation Amount","1996 December","Markree","Millimetres",""
"Precipitation Amount","1997 January","Malin Head","Millimetres","22.2"
"Precipitation Amount","1997 January","Claremorris","Millimetres",""
"Precipitation Amount","1997 January","Valentia Observatory","Millimetres","68.8"
"Precipitation Amount","1997 January","Belmullet","Millimetres","41.5"
"Precipitation Amount","1997 January","Shannon Airport","Millimetres","35.7"
"Precipitation Amount","1997 January","Dublin Airport","Millimetres","13.5"
"Precipitation Amount","1997 January","Mullingar","Millimetres","24.4"
"Precipitation Amount","1997 January","Cork Airport","Millimetres","57.4"
"Precipitation Amount","1997 January","Casement","Millimetres","10.2"
"Precipitation Amount","1997 January","Phoenix Park","Millimetres",""
"Precipitation Amount","1997 January","Roches Point","Millimetres",""
"Precipitation Amount","1997 January","Markree","Millimetres",""
"Precipitation Amount","1997 February","Malin Head","Millimetres","140.4"
"Precipitation Amount","1997 February","Claremorris","Millimetres","176"
"Precipitation Amount","1997 February","Valentia Observatory","Millimetres","170.8"
"Precipitation Amount","1997 February","Belmullet","Millimetres","183.9"
"Precipitation Amount","1997 February","Shannon Airport","Millimetres","113"
"Precipitation Amount","1997 February","Dublin Airport","Millimetres","62.3"
"Precipitation Amount","1997 February","Mullingar","Millimetres","146.6"
"Precipitation Amount","1997 February","Cork Airport","Millimetres","159.3"
"Precipitation Amount","1997 February","Casement","Millimetres","78.5"
"Precipitation Amount","1997 February","Phoenix Park","Millimetres",""
"Precipitation Amount","1997 February","Roches Point","Millimetres",""
"Precipitation Amount","1997 February","Markree","Millimetres",""
"Precipitation Amount","1997 March","Malin Head","Millimetres","89.7"
"Precipitation Amount","1997 March","Claremorris","Millimetres",""
"Precipitation Amount","1997 March","Valentia Observatory","Millimetres","37.6"
"Precipitation Amount","1997 March","Belmullet","Millimetres","70.4"
"Precipitation Amount","1997 March","Shannon Airport","Millimetres","19.1"
"Precipitation Amount","1997 March","Dublin Airport","Millimetres","15.1"
"Precipitation Amount","1997 March","Mullingar","Millimetres","34"
"Precipitation Amount","1997 March","Cork Airport","Millimetres","31.4"
"Precipitation Amount","1997 March","Casement","Millimetres","11.2"
"Precipitation Amount","1997 March","Phoenix Park","Millimetres",""
"Precipitation Amount","1997 March","Roches Point","Millimetres",""
"Precipitation Amount","1997 March","Markree","Millimetres",""
"Precipitation Amount","1997 April","Malin Head","Millimetres","50"
"Precipitation Amount","1997 April","Claremorris","Millimetres","31.2"
"Precipitation Amount","1997 April","Valentia Observatory","Millimetres","37.6"
"Precipitation Amount","1997 April","Belmullet","Millimetres","31.8"
"Precipitation Amount","1997 April","Shannon Airport","Millimetres","43.4"
"Precipitation Amount","1997 April","Dublin Airport","Millimetres","48.4"
"Precipitation Amount","1997 April","Mullingar","Millimetres","51.1"
"Precipitation Amount","1997 April","Cork Airport","Millimetres","48"
"Precipitation Amount","1997 April","Casement","Millimetres","27.3"
"Precipitation Amount","1997 April","Phoenix Park","Millimetres",""
"Precipitation Amount","1997 April","Roches Point","Millimetres",""
"Precipitation Amount","1997 April","Markree","Millimetres",""
"Precipitation Amount","1997 May","Malin Head","Millimetres","89.1"
"Precipitation Amount","1997 May","Claremorris","Millimetres","63.6"
"Precipitation Amount","1997 May","Valentia Observatory","Millimetres","80.1"
"Precipitation Amount","1997 May","Belmullet","Millimetres","91.2"
"Precipitation Amount","1997 May","Shannon Airport","Millimetres","60.1"
"Precipitation Amount","1997 May","Dublin Airport","Millimetres","61.4"
"Precipitation Amount","1997 May","Mullingar","Millimetres","106.1"
"Precipitation Amount","1997 May","Cork Airport","Millimetres","66.1"
"Precipitation Amount","1997 May","Casement","Millimetres","66.7"
"Precipitation Amount","1997 May","Phoenix Park","Millimetres",""
"Precipitation Amount","1997 May","Roches Point","Millimetres",""
"Precipitation Amount","1997 May","Markree","Millimetres",""
"Precipitation Amount","1997 June","Malin Head","Millimetres","52.4"
"Precipitation Amount","1997 June","Claremorris","Millimetres","76.3"
"Precipitation Amount","1997 June","Valentia Observatory","Millimetres","103.4"
"Precipitation Amount","1997 June","Belmullet","Millimetres","96.6"
"Precipitation Amount","1997 June","Shannon Airport","Millimetres","121.5"
"Precipitation Amount","1997 June","Dublin Airport","Millimetres","125.3"
"Precipitation Amount","1997 June","Mullingar","Millimetres","96.4"
"Precipitation Amount","1997 June","Cork Airport","Millimetres","101.4"
"Precipitation Amount","1997 June","Casement","Millimetres","105.2"
"Precipitation Amount","1997 June","Phoenix Park","Millimetres",""
"Precipitation Amount","1997 June","Roches Point","Millimetres",""
"Precipitation Amount","1997 June","Markree","Millimetres",""
"Precipitation Amount","1997 July","Malin Head","Millimetres","74.5"
"Precipitation Amount","1997 July","Claremorris","Millimetres","97"
"Precipitation Amount","1997 July","Valentia Observatory","Millimetres","80.8"
"Precipitation Amount","1997 July","Belmullet","Millimetres","108.6"
"Precipitation Amount","1997 July","Shannon Airport","Millimetres","69.4"
"Precipitation Amount","1997 July","Dublin Airport","Millimetres","54.1"
"Precipitation Amount","1997 July","Mullingar","Millimetres","67.5"
"Precipitation Amount","1997 July","Cork Airport","Millimetres","47.8"
"Precipitation Amount","1997 July","Casement","Millimetres","40.3"
"Precipitation Amount","1997 July","Phoenix Park","Millimetres",""
"Precipitation Amount","1997 July","Roches Point","Millimetres",""
"Precipitation Amount","1997 July","Markree","Millimetres",""
"Precipitation Amount","1997 August","Malin Head","Millimetres","79.2"
"Precipitation Amount","1997 August","Claremorris","Millimetres","110.5"
"Precipitation Amount","1997 August","Valentia Observatory","Millimetres","195.4"
"Precipitation Amount","1997 August","Belmullet","Millimetres","95.4"
"Precipitation Amount","1997 August","Shannon Airport","Millimetres","230.8"
"Precipitation Amount","1997 August","Dublin Airport","Millimetres","81.2"
"Precipitation Amount","1997 August","Mullingar","Millimetres","100.3"
"Precipitation Amount","1997 August","Cork Airport","Millimetres","231.3"
"Precipitation Amount","1997 August","Casement","Millimetres","66.6"
"Precipitation Amount","1997 August","Phoenix Park","Millimetres",""
"Precipitation Amount","1997 August","Roches Point","Millimetres",""
"Precipitation Amount","1997 August","Markree","Millimetres",""
"Precipitation Amount","1997 September","Malin Head","Millimetres","84.8"
"Precipitation Amount","1997 September","Claremorris","Millimetres",""
"Precipitation Amount","1997 September","Valentia Observatory","Millimetres","78.6"
"Precipitation Amount","1997 September","Belmullet","Millimetres","106"
"Precipitation Amount","1997 September","Shannon Airport","Millimetres","44.9"
"Precipitation Amount","1997 September","Dublin Airport","Millimetres","19.1"
"Precipitation Amount","1997 September","Mullingar","Millimetres","49.6"
"Precipitation Amount","1997 September","Cork Airport","Millimetres","73.1"
"Precipitation Amount","1997 September","Casement","Millimetres","23"
"Precipitation Amount","1997 September","Phoenix Park","Millimetres",""
"Precipitation Amount","1997 September","Roches Point","Millimetres",""
"Precipitation Amount","1997 September","Markree","Millimetres",""
"Precipitation Amount","1997 October","Malin Head","Millimetres","71.5"
"Precipitation Amount","1997 October","Claremorris","Millimetres",""
"Precipitation Amount","1997 October","Valentia Observatory","Millimetres","111.9"
"Precipitation Amount","1997 October","Belmullet","Millimetres","119.9"
"Precipitation Amount","1997 October","Shannon Airport","Millimetres","108.5"
"Precipitation Amount","1997 October","Dublin Airport","Millimetres","67.8"
"Precipitation Amount","1997 October","Mullingar","Millimetres","100.8"
"Precipitation Amount","1997 October","Cork Airport","Millimetres","113.1"
"Precipitation Amount","1997 October","Casement","Millimetres","75.5"
"Precipitation Amount","1997 October","Phoenix Park","Millimetres",""
"Precipitation Amount","1997 October","Roches Point","Millimetres",""
"Precipitation Amount","1997 October","Markree","Millimetres",""
"Precipitation Amount","1997 November","Malin Head","Millimetres","76"
"Precipitation Amount","1997 November","Claremorris","Millimetres","102.7"
"Precipitation Amount","1997 November","Valentia Observatory","Millimetres","265.2"
"Precipitation Amount","1997 November","Belmullet","Millimetres","128.3"
"Precipitation Amount","1997 November","Shannon Airport","Millimetres","71.9"
"Precipitation Amount","1997 November","Dublin Airport","Millimetres","87.2"
"Precipitation Amount","1997 November","Mullingar","Millimetres","72.7"
"Precipitation Amount","1997 November","Cork Airport","Millimetres","213.5"
"Precipitation Amount","1997 November","Casement","Millimetres","58.9"
"Precipitation Amount","1997 November","Phoenix Park","Millimetres",""
"Precipitation Amount","1997 November","Roches Point","Millimetres",""
"Precipitation Amount","1997 November","Markree","Millimetres",""
"Precipitation Amount","1997 December","Malin Head","Millimetres","169.9"
"Precipitation Amount","1997 December","Claremorris","Millimetres","123.5"
"Precipitation Amount","1997 December","Valentia Observatory","Millimetres","163.5"
"Precipitation Amount","1997 December","Belmullet","Millimetres","192.3"
"Precipitation Amount","1997 December","Shannon Airport","Millimetres","108.6"
"Precipitation Amount","1997 December","Dublin Airport","Millimetres","90.5"
"Precipitation Amount","1997 December","Mullingar","Millimetres","88.5"
"Precipitation Amount","1997 December","Cork Airport","Millimetres","126.8"
"Precipitation Amount","1997 December","Casement","Millimetres","84.5"
"Precipitation Amount","1997 December","Phoenix Park","Millimetres",""
"Precipitation Amount","1997 December","Roches Point","Millimetres",""
"Precipitation Amount","1997 December","Markree","Millimetres",""
"Precipitation Amount","1998 January","Malin Head","Millimetres","112.5"
"Precipitation Amount","1998 January","Claremorris","Millimetres",""
"Precipitation Amount","1998 January","Valentia Observatory","Millimetres","212.4"
"Precipitation Amount","1998 January","Belmullet","Millimetres","168.4"
"Precipitation Amount","1998 January","Shannon Airport","Millimetres","130.5"
"Precipitation Amount","1998 January","Dublin Airport","Millimetres","79.5"
"Precipitation Amount","1998 January","Mullingar","Millimetres","106"
"Precipitation Amount","1998 January","Cork Airport","Millimetres","181.5"
"Precipitation Amount","1998 January","Casement","Millimetres","98"
"Precipitation Amount","1998 January","Phoenix Park","Millimetres",""
"Precipitation Amount","1998 January","Roches Point","Millimetres",""
"Precipitation Amount","1998 January","Markree","Millimetres",""
"Precipitation Amount","1998 February","Malin Head","Millimetres","104.5"
"Precipitation Amount","1998 February","Claremorris","Millimetres",""
"Precipitation Amount","1998 February","Valentia Observatory","Millimetres","49.6"
"Precipitation Amount","1998 February","Belmullet","Millimetres","111.1"
"Precipitation Amount","1998 February","Shannon Airport","Millimetres","34.2"
"Precipitation Amount","1998 February","Dublin Airport","Millimetres","14"
"Precipitation Amount","1998 February","Mullingar","Millimetres","31.4"
"Precipitation Amount","1998 February","Cork Airport","Millimetres","20.3"
"Precipitation Amount","1998 February","Casement","Millimetres","14.2"
"Precipitation Amount","1998 February","Phoenix Park","Millimetres",""
"Precipitation Amount","1998 February","Roches Point","Millimetres",""
"Precipitation Amount","1998 February","Markree","Millimetres",""
"Precipitation Amount","1998 March","Malin Head","Millimetres","78.9"
"Precipitation Amount","1998 March","Claremorris","Millimetres","83.9"
"Precipitation Amount","1998 March","Valentia Observatory","Millimetres","133"
"Precipitation Amount","1998 March","Belmullet","Millimetres","85.4"
"Precipitation Amount","1998 March","Shannon Airport","Millimetres","97.5"
"Precipitation Amount","1998 March","Dublin Airport","Millimetres","65.9"
"Precipitation Amount","1998 March","Mullingar","Millimetres","85.2"
"Precipitation Amount","1998 March","Cork Airport","Millimetres","105.3"
"Precipitation Amount","1998 March","Casement","Millimetres","73.5"
"Precipitation Amount","1998 March","Phoenix Park","Millimetres",""
"Precipitation Amount","1998 March","Roches Point","Millimetres",""
"Precipitation Amount","1998 March","Markree","Millimetres",""
"Precipitation Amount","1998 April","Malin Head","Millimetres","52"
"Precipitation Amount","1998 April","Claremorris","Millimetres","101.1"
"Precipitation Amount","1998 April","Valentia Observatory","Millimetres","175.7"
"Precipitation Amount","1998 April","Belmullet","Millimetres","82.2"
"Precipitation Amount","1998 April","Shannon Airport","Millimetres","100.8"
"Precipitation Amount","1998 April","Dublin Airport","Millimetres","115.6"
"Precipitation Amount","1998 April","Mullingar","Millimetres","109.9"
"Precipitation Amount","1998 April","Cork Airport","Millimetres","141.7"
"Precipitation Amount","1998 April","Casement","Millimetres","120.8"
"Precipitation Amount","1998 April","Phoenix Park","Millimetres",""
"Precipitation Amount","1998 April","Roches Point","Millimetres",""
"Precipitation Amount","1998 April","Markree","Millimetres",""
"Precipitation Amount","1998 May","Malin Head","Millimetres","45.3"
"Precipitation Amount","1998 May","Claremorris","Millimetres","31.2"
"Precipitation Amount","1998 May","Valentia Observatory","Millimetres","30.6"
"Precipitation Amount","1998 May","Belmullet","Millimetres","37.2"
"Precipitation Amount","1998 May","Shannon Airport","Millimetres","30.9"
"Precipitation Amount","1998 May","Dublin Airport","Millimetres","27.2"
"Precipitation Amount","1998 May","Mullingar","Millimetres","29.2"
"Precipitation Amount","1998 May","Cork Airport","Millimetres","48.9"
"Precipitation Amount","1998 May","Casement","Millimetres","26.9"
"Precipitation Amount","1998 May","Phoenix Park","Millimetres",""
"Precipitation Amount","1998 May","Roches Point","Millimetres",""
"Precipitation Amount","1998 May","Markree","Millimetres",""
"Precipitation Amount","1998 June","Malin Head","Millimetres","92.7"
"Precipitation Amount","1998 June","Claremorris","Millimetres",""
"Precipitation Amount","1998 June","Valentia Observatory","Millimetres","184.4"
"Precipitation Amount","1998 June","Belmullet","Millimetres","110.9"
"Precipitation Amount","1998 June","Shannon Airport","Millimetres","127.9"
"Precipitation Amount","1998 June","Dublin Airport","Millimetres","113.1"
"Precipitation Amount","1998 June","Mullingar","Millimetres","140.4"
"Precipitation Amount","1998 June","Cork Airport","Millimetres","132.7"
"Precipitation Amount","1998 June","Casement","Millimetres","120.7"
"Precipitation Amount","1998 June","Phoenix Park","Millimetres",""
"Precipitation Amount","1998 June","Roches Point","Millimetres",""
"Precipitation Amount","1998 June","Markree","Millimetres",""
"Precipitation Amount","1998 July","Malin Head","Millimetres","137"
"Precipitation Amount","1998 July","Claremorris","Millimetres","104.5"
"Precipitation Amount","1998 July","Valentia Observatory","Millimetres","113.8"
"Precipitation Amount","1998 July","Belmullet","Millimetres","98.5"
"Precipitation Amount","1998 July","Shannon Airport","Millimetres","64.5"
"Precipitation Amount","1998 July","Dublin Airport","Millimetres","54.2"
"Precipitation Amount","1998 July","Mullingar","Millimetres","93.5"
"Precipitation Amount","1998 July","Cork Airport","Millimetres","74.1"
"Precipitation Amount","1998 July","Casement","Millimetres","36.7"
"Precipitation Amount","1998 July","Phoenix Park","Millimetres",""
"Precipitation Amount","1998 July","Roches Point","Millimetres",""
"Precipitation Amount","1998 July","Markree","Millimetres",""
"Precipitation Amount","1998 August","Malin Head","Millimetres","161.4"
"Precipitation Amount","1998 August","Claremorris","Millimetres",""
"Precipitation Amount","1998 August","Valentia Observatory","Millimetres","120.2"
"Precipitation Amount","1998 August","Belmullet","Millimetres","126.3"
"Precipitation Amount","1998 August","Shannon Airport","Millimetres","77.6"
"Precipitation Amount","1998 August","Dublin Airport","Millimetres","45"
"Precipitation Amount","1998 August","Mullingar","Millimetres","66"
"Precipitation Amount","1998 August","Cork Airport","Millimetres","102.3"
"Precipitation Amount","1998 August","Casement","Millimetres","25.9"
"Precipitation Amount","1998 August","Phoenix Park","Millimetres",""
"Precipitation Amount","1998 August","Roches Point","Millimetres",""
"Precipitation Amount","1998 August","Markree","Millimetres",""
"Precipitation Amount","1998 September","Malin Head","Millimetres","53.8"
"Precipitation Amount","1998 September","Claremorris","Millimetres",""
"Precipitation Amount","1998 September","Valentia Observatory","Millimetres","139.8"
"Precipitation Amount","1998 September","Belmullet","Millimetres","47.4"
"Precipitation Amount","1998 September","Shannon Airport","Millimetres","92.5"
"Precipitation Amount","1998 September","Dublin Airport","Millimetres","95.8"
"Precipitation Amount","1998 September","Mullingar","Millimetres","98.5"
"Precipitation Amount","1998 September","Cork Airport","Millimetres","92.4"
"Precipitation Amount","1998 September","Casement","Millimetres","110.1"
"Precipitation Amount","1998 September","Phoenix Park","Millimetres",""
"Precipitation Amount","1998 September","Roches Point","Millimetres",""
"Precipitation Amount","1998 September","Markree","Millimetres",""
"Precipitation Amount","1998 October","Malin Head","Millimetres","171.6"
"Precipitation Amount","1998 October","Claremorris","Millimetres",""
"Precipitation Amount","1998 October","Valentia Observatory","Millimetres","208.6"
"Precipitation Amount","1998 October","Belmullet","Millimetres","160.8"
"Precipitation Amount","1998 October","Shannon Airport","Millimetres","147.6"
"Precipitation Amount","1998 October","Dublin Airport","Millimetres","75.1"
"Precipitation Amount","1998 October","Mullingar","Millimetres","139"
"Precipitation Amount","1998 October","Cork Airport","Millimetres","169.2"
"Precipitation Amount","1998 October","Casement","Millimetres","69.8"
"Precipitation Amount","1998 October","Phoenix Park","Millimetres",""
"Precipitation Amount","1998 October","Roches Point","Millimetres",""
"Precipitation Amount","1998 October","Markree","Millimetres",""
"Precipitation Amount","1998 November","Malin Head","Millimetres","144.3"
"Precipitation Amount","1998 November","Claremorris","Millimetres",""
"Precipitation Amount","1998 November","Valentia Observatory","Millimetres","193.3"
"Precipitation Amount","1998 November","Belmullet","Millimetres","161.4"
"Precipitation Amount","1998 November","Shannon Airport","Millimetres","123.4"
"Precipitation Amount","1998 November","Dublin Airport","Millimetres","76.7"
"Precipitation Amount","1998 November","Mullingar","Millimetres","92.4"
"Precipitation Amount","1998 November","Cork Airport","Millimetres","137.7"
"Precipitation Amount","1998 November","Casement","Millimetres","61.5"
"Precipitation Amount","1998 November","Phoenix Park","Millimetres",""
"Precipitation Amount","1998 November","Roches Point","Millimetres",""
"Precipitation Amount","1998 November","Markree","Millimetres",""
"Precipitation Amount","1998 December","Malin Head","Millimetres","131.2"
"Precipitation Amount","1998 December","Claremorris","Millimetres",""
"Precipitation Amount","1998 December","Valentia Observatory","Millimetres","220.9"
"Precipitation Amount","1998 December","Belmullet","Millimetres","145.3"
"Precipitation Amount","1998 December","Shannon Airport","Millimetres","117.1"
"Precipitation Amount","1998 December","Dublin Airport","Millimetres","70.3"
"Precipitation Amount","1998 December","Mullingar","Millimetres","99.5"
"Precipitation Amount","1998 December","Cork Airport","Millimetres","172.3"
"Precipitation Amount","1998 December","Casement","Millimetres","63.9"
"Precipitation Amount","1998 December","Phoenix Park","Millimetres",""
"Precipitation Amount","1998 December","Roches Point","Millimetres",""
"Precipitation Amount","1998 December","Markree","Millimetres",""
"Precipitation Amount","1999 January","Malin Head","Millimetres","148.4"
"Precipitation Amount","1999 January","Claremorris","Millimetres",""
"Precipitation Amount","1999 January","Valentia Observatory","Millimetres","200.4"
"Precipitation Amount","1999 January","Belmullet","Millimetres","160.4"
"Precipitation Amount","1999 January","Shannon Airport","Millimetres","124.9"
"Precipitation Amount","1999 January","Dublin Airport","Millimetres","72.5"
"Precipitation Amount","1999 January","Mullingar","Millimetres","119.5"
"Precipitation Amount","1999 January","Cork Airport","Millimetres","145.6"
"Precipitation Amount","1999 January","Casement","Millimetres","87.3"
"Precipitation Amount","1999 January","Phoenix Park","Millimetres",""
"Precipitation Amount","1999 January","Roches Point","Millimetres",""
"Precipitation Amount","1999 January","Markree","Millimetres",""
"Precipitation Amount","1999 February","Malin Head","Millimetres","113.8"
"Precipitation Amount","1999 February","Claremorris","Millimetres",""
"Precipitation Amount","1999 February","Valentia Observatory","Millimetres","82.7"
"Precipitation Amount","1999 February","Belmullet","Millimetres","87.6"
"Precipitation Amount","1999 February","Shannon Airport","Millimetres","64.6"
"Precipitation Amount","1999 February","Dublin Airport","Millimetres","32.2"
"Precipitation Amount","1999 February","Mullingar","Millimetres","56.6"
"Precipitation Amount","1999 February","Cork Airport","Millimetres","26.8"
"Precipitation Amount","1999 February","Casement","Millimetres","35.4"
"Precipitation Amount","1999 February","Phoenix Park","Millimetres",""
"Precipitation Amount","1999 February","Roches Point","Millimetres",""
"Precipitation Amount","1999 February","Markree","Millimetres",""
"Precipitation Amount","1999 March","Malin Head","Millimetres","65"
"Precipitation Amount","1999 March","Claremorris","Millimetres",""
"Precipitation Amount","1999 March","Valentia Observatory","Millimetres","143.9"
"Precipitation Amount","1999 March","Belmullet","Millimetres","92.2"
"Precipitation Amount","1999 March","Shannon Airport","Millimetres","66.3"
"Precipitation Amount","1999 March","Dublin Airport","Millimetres","36.4"
"Precipitation Amount","1999 March","Mullingar","Millimetres","64.5"
"Precipitation Amount","1999 March","Cork Airport","Millimetres","52.7"
"Precipitation Amount","1999 March","Casement","Millimetres","47.8"
"Precipitation Amount","1999 March","Phoenix Park","Millimetres",""
"Precipitation Amount","1999 March","Roches Point","Millimetres",""
"Precipitation Amount","1999 March","Markree","Millimetres",""
"Precipitation Amount","1999 April","Malin Head","Millimetres","76.4"
"Precipitation Amount","1999 April","Claremorris","Millimetres","111.4"
"Precipitation Amount","1999 April","Valentia Observatory","Millimetres","157.1"
"Precipitation Amount","1999 April","Belmullet","Millimetres","101.1"
"Precipitation Amount","1999 April","Shannon Airport","Millimetres","67.1"
"Precipitation Amount","1999 April","Dublin Airport","Millimetres","75.2"
"Precipitation Amount","1999 April","Mullingar","Millimetres","85.7"
"Precipitation Amount","1999 April","Cork Airport","Millimetres","107.9"
"Precipitation Amount","1999 April","Casement","Millimetres","46.8"
"Precipitation Amount","1999 April","Phoenix Park","Millimetres",""
"Precipitation Amount","1999 April","Roches Point","Millimetres",""
"Precipitation Amount","1999 April","Markree","Millimetres",""
"Precipitation Amount","1999 May","Malin Head","Millimetres","55"
"Precipitation Amount","1999 May","Claremorris","Millimetres",""
"Precipitation Amount","1999 May","Valentia Observatory","Millimetres","53"
"Precipitation Amount","1999 May","Belmullet","Millimetres","49.8"
"Precipitation Amount","1999 May","Shannon Airport","Millimetres","84.4"
"Precipitation Amount","1999 May","Dublin Airport","Millimetres","39.2"
"Precipitation Amount","1999 May","Mullingar","Millimetres","55.8"
"Precipitation Amount","1999 May","Cork Airport","Millimetres","56.5"
"Precipitation Amount","1999 May","Casement","Millimetres","45.2"
"Precipitation Amount","1999 May","Phoenix Park","Millimetres",""
"Precipitation Amount","1999 May","Roches Point","Millimetres",""
"Precipitation Amount","1999 May","Markree","Millimetres",""
"Precipitation Amount","1999 June","Malin Head","Millimetres","97.4"
"Precipitation Amount","1999 June","Claremorris","Millimetres",""
"Precipitation Amount","1999 June","Valentia Observatory","Millimetres","52.2"
"Precipitation Amount","1999 June","Belmullet","Millimetres","74.1"
"Precipitation Amount","1999 June","Shannon Airport","Millimetres","55.3"
"Precipitation Amount","1999 June","Dublin Airport","Millimetres","56.3"
"Precipitation Amount","1999 June","Mullingar","Millimetres","64.9"
"Precipitation Amount","1999 June","Cork Airport","Millimetres","35.4"
"Precipitation Amount","1999 June","Casement","Millimetres","65.3"
"Precipitation Amount","1999 June","Phoenix Park","Millimetres",""
"Precipitation Amount","1999 June","Roches Point","Millimetres",""
"Precipitation Amount","1999 June","Markree","Millimetres",""
"Precipitation Amount","1999 July","Malin Head","Millimetres","75.1"
"Precipitation Amount","1999 July","Claremorris","Millimetres",""
"Precipitation Amount","1999 July","Valentia Observatory","Millimetres","84.4"
"Precipitation Amount","1999 July","Belmullet","Millimetres","62.1"
"Precipitation Amount","1999 July","Shannon Airport","Millimetres","50.7"
"Precipitation Amount","1999 July","Dublin Airport","Millimetres","35.3"
"Precipitation Amount","1999 July","Mullingar","Millimetres","43.5"
"Precipitation Amount","1999 July","Cork Airport","Millimetres","20.5"
"Precipitation Amount","1999 July","Casement","Millimetres","24.4"
"Precipitation Amount","1999 July","Phoenix Park","Millimetres",""
"Precipitation Amount","1999 July","Roches Point","Millimetres",""
"Precipitation Amount","1999 July","Markree","Millimetres",""
"Precipitation Amount","1999 August","Malin Head","Millimetres","63.4"
"Precipitation Amount","1999 August","Claremorris","Millimetres",""
"Precipitation Amount","1999 August","Valentia Observatory","Millimetres","166.7"
"Precipitation Amount","1999 August","Belmullet","Millimetres","125.9"
"Precipitation Amount","1999 August","Shannon Airport","Millimetres","60.6"
"Precipitation Amount","1999 August","Dublin Airport","Millimetres","106.8"
"Precipitation Amount","1999 August","Mullingar","Millimetres","97.7"
"Precipitation Amount","1999 August","Cork Airport","Millimetres","200.4"
"Precipitation Amount","1999 August","Casement","Millimetres","91.4"
"Precipitation Amount","1999 August","Phoenix Park","Millimetres",""
"Precipitation Amount","1999 August","Roches Point","Millimetres",""
"Precipitation Amount","1999 August","Markree","Millimetres",""
"Precipitation Amount","1999 September","Malin Head","Millimetres","167.8"
"Precipitation Amount","1999 September","Claremorris","Millimetres",""
"Precipitation Amount","1999 September","Valentia Observatory","Millimetres","290.4"
"Precipitation Amount","1999 September","Belmullet","Millimetres","124.2"
"Precipitation Amount","1999 September","Shannon Airport","Millimetres","149.8"
"Precipitation Amount","1999 September","Dublin Airport","Millimetres","104.3"
"Precipitation Amount","1999 September","Mullingar","Millimetres","155.1"
"Precipitation Amount","1999 September","Cork Airport","Millimetres","180"
"Precipitation Amount","1999 September","Casement","Millimetres","158"
"Precipitation Amount","1999 September","Phoenix Park","Millimetres",""
"Precipitation Amount","1999 September","Roches Point","Millimetres",""
"Precipitation Amount","1999 September","Markree","Millimetres",""
"Precipitation Amount","1999 October","Malin Head","Millimetres","81.2"
"Precipitation Amount","1999 October","Claremorris","Millimetres",""
"Precipitation Amount","1999 October","Valentia Observatory","Millimetres","101.4"
"Precipitation Amount","1999 October","Belmullet","Millimetres","76.7"
"Precipitation Amount","1999 October","Shannon Airport","Millimetres","54.1"
"Precipitation Amount","1999 October","Dublin Airport","Millimetres","30.5"
"Precipitation Amount","1999 October","Mullingar","Millimetres","41.7"
"Precipitation Amount","1999 October","Cork Airport","Millimetres","74.3"
"Precipitation Amount","1999 October","Casement","Millimetres","49"
"Precipitation Amount","1999 October","Phoenix Park","Millimetres",""
"Precipitation Amount","1999 October","Roches Point","Millimetres",""
"Precipitation Amount","1999 October","Markree","Millimetres",""
"Precipitation Amount","1999 November","Malin Head","Millimetres","153.5"
"Precipitation Amount","1999 November","Claremorris","Millimetres","175.3"
"Precipitation Amount","1999 November","Valentia Observatory","Millimetres","137.6"
"Precipitation Amount","1999 November","Belmullet","Millimetres","166.7"
"Precipitation Amount","1999 November","Shannon Airport","Millimetres","97.2"
"Precipitation Amount","1999 November","Dublin Airport","Millimetres","43.5"
"Precipitation Amount","1999 November","Mullingar","Millimetres","103.9"
"Precipitation Amount","1999 November","Cork Airport","Millimetres","81.3"
"Precipitation Amount","1999 November","Casement","Millimetres","58.6"
"Precipitation Amount","1999 November","Phoenix Park","Millimetres",""
"Precipitation Amount","1999 November","Roches Point","Millimetres",""
"Precipitation Amount","1999 November","Markree","Millimetres",""
"Precipitation Amount","1999 December","Malin Head","Millimetres","245"
"Precipitation Amount","1999 December","Claremorris","Millimetres","228.2"
"Precipitation Amount","1999 December","Valentia Observatory","Millimetres","304.2"
"Precipitation Amount","1999 December","Belmullet","Millimetres","257.1"
"Precipitation Amount","1999 December","Shannon Airport","Millimetres","220.9"
"Precipitation Amount","1999 December","Dublin Airport","Millimetres","82.5"
"Precipitation Amount","1999 December","Mullingar","Millimetres","157.1"
"Precipitation Amount","1999 December","Cork Airport","Millimetres","195.7"
"Precipitation Amount","1999 December","Casement","Millimetres","83.7"
"Precipitation Amount","1999 December","Phoenix Park","Millimetres",""
"Precipitation Amount","1999 December","Roches Point","Millimetres",""
"Precipitation Amount","1999 December","Markree","Millimetres",""
"Precipitation Amount","2000 January","Malin Head","Millimetres","99.9"
"Precipitation Amount","2000 January","Claremorris","Millimetres",""
"Precipitation Amount","2000 January","Valentia Observatory","Millimetres","104.1"
"Precipitation Amount","2000 January","Belmullet","Millimetres","106.1"
"Precipitation Amount","2000 January","Shannon Airport","Millimetres","77.8"
"Precipitation Amount","2000 January","Dublin Airport","Millimetres","40.1"
"Precipitation Amount","2000 January","Mullingar","Millimetres","57.9"
"Precipitation Amount","2000 January","Cork Airport","Millimetres","50.2"
"Precipitation Amount","2000 January","Casement","Millimetres","38.2"
"Precipitation Amount","2000 January","Phoenix Park","Millimetres",""
"Precipitation Amount","2000 January","Roches Point","Millimetres",""
"Precipitation Amount","2000 January","Markree","Millimetres",""
"Precipitation Amount","2000 February","Malin Head","Millimetres","131.3"
"Precipitation Amount","2000 February","Claremorris","Millimetres",""
"Precipitation Amount","2000 February","Valentia Observatory","Millimetres","197.2"
"Precipitation Amount","2000 February","Belmullet","Millimetres","152.7"
"Precipitation Amount","2000 February","Shannon Airport","Millimetres","124.1"
"Precipitation Amount","2000 February","Dublin Airport","Millimetres","46.1"
"Precipitation Amount","2000 February","Mullingar","Millimetres","96"
"Precipitation Amount","2000 February","Cork Airport","Millimetres","112"
"Precipitation Amount","2000 February","Casement","Millimetres","54.3"
"Precipitation Amount","2000 February","Phoenix Park","Millimetres",""
"Precipitation Amount","2000 February","Roches Point","Millimetres",""
"Precipitation Amount","2000 February","Markree","Millimetres",""
"Precipitation Amount","2000 March","Malin Head","Millimetres","64.9"
"Precipitation Amount","2000 March","Claremorris","Millimetres","49.1"
"Precipitation Amount","2000 March","Valentia Observatory","Millimetres","42.3"
"Precipitation Amount","2000 March","Belmullet","Millimetres","44"
"Precipitation Amount","2000 March","Shannon Airport","Millimetres","37.3"
"Precipitation Amount","2000 March","Dublin Airport","Millimetres","21"
"Precipitation Amount","2000 March","Mullingar","Millimetres","33.9"
"Precipitation Amount","2000 March","Cork Airport","Millimetres","20.2"
"Precipitation Amount","2000 March","Casement","Millimetres","15.2"
"Precipitation Amount","2000 March","Phoenix Park","Millimetres",""
"Precipitation Amount","2000 March","Roches Point","Millimetres",""
"Precipitation Amount","2000 March","Markree","Millimetres",""
"Precipitation Amount","2000 April","Malin Head","Millimetres","79.3"
"Precipitation Amount","2000 April","Claremorris","Millimetres",""
"Precipitation Amount","2000 April","Valentia Observatory","Millimetres","76.5"
"Precipitation Amount","2000 April","Belmullet","Millimetres","83.1"
"Precipitation Amount","2000 April","Shannon Airport","Millimetres","62.2"
"Precipitation Amount","2000 April","Dublin Airport","Millimetres","89.5"
"Precipitation Amount","2000 April","Mullingar","Millimetres","64.4"
"Precipitation Amount","2000 April","Cork Airport","Millimetres","50.2"
"Precipitation Amount","2000 April","Casement","Millimetres","70.5"
"Precipitation Amount","2000 April","Phoenix Park","Millimetres",""
"Precipitation Amount","2000 April","Roches Point","Millimetres",""
"Precipitation Amount","2000 April","Markree","Millimetres",""
"Precipitation Amount","2000 May","Malin Head","Millimetres","38.5"
"Precipitation Amount","2000 May","Claremorris","Millimetres",""
"Precipitation Amount","2000 May","Valentia Observatory","Millimetres","121.5"
"Precipitation Amount","2000 May","Belmullet","Millimetres","44.7"
"Precipitation Amount","2000 May","Shannon Airport","Millimetres","65.6"
"Precipitation Amount","2000 May","Dublin Airport","Millimetres","50.2"
"Precipitation Amount","2000 May","Mullingar","Millimetres","47.8"
"Precipitation Amount","2000 May","Cork Airport","Millimetres","70.8"
"Precipitation Amount","2000 May","Casement","Millimetres","70.5"
"Precipitation Amount","2000 May","Phoenix Park","Millimetres",""
"Precipitation Amount","2000 May","Roches Point","Millimetres",""
"Precipitation Amount","2000 May","Markree","Millimetres",""
"Precipitation Amount","2000 June","Malin Head","Millimetres","43.6"
"Precipitation Amount","2000 June","Claremorris","Millimetres","69.5"
"Precipitation Amount","2000 June","Valentia Observatory","Millimetres","108.1"
"Precipitation Amount","2000 June","Belmullet","Millimetres","51.1"
"Precipitation Amount","2000 June","Shannon Airport","Millimetres","60.8"
"Precipitation Amount","2000 June","Dublin Airport","Millimetres","30.9"
"Precipitation Amount","2000 June","Mullingar","Millimetres","54.6"
"Precipitation Amount","2000 June","Cork Airport","Millimetres","63.4"
"Precipitation Amount","2000 June","Casement","Millimetres","41.6"
"Precipitation Amount","2000 June","Phoenix Park","Millimetres",""
"Precipitation Amount","2000 June","Roches Point","Millimetres",""
"Precipitation Amount","2000 June","Markree","Millimetres",""
"Precipitation Amount","2000 July","Malin Head","Millimetres","46.2"
"Precipitation Amount","2000 July","Claremorris","Millimetres","37.9"
"Precipitation Amount","2000 July","Valentia Observatory","Millimetres","81.9"
"Precipitation Amount","2000 July","Belmullet","Millimetres","34"
"Precipitation Amount","2000 July","Shannon Airport","Millimetres","100.8"
"Precipitation Amount","2000 July","Dublin Airport","Millimetres","48"
"Precipitation Amount","2000 July","Mullingar","Millimetres","49.8"
"Precipitation Amount","2000 July","Cork Airport","Millimetres","68.1"
"Precipitation Amount","2000 July","Casement","Millimetres","30.5"
"Precipitation Amount","2000 July","Phoenix Park","Millimetres",""
"Precipitation Amount","2000 July","Roches Point","Millimetres",""
"Precipitation Amount","2000 July","Markree","Millimetres",""
"Precipitation Amount","2000 August","Malin Head","Millimetres","99.5"
"Precipitation Amount","2000 August","Claremorris","Millimetres","145.5"
"Precipitation Amount","2000 August","Valentia Observatory","Millimetres","90.7"
"Precipitation Amount","2000 August","Belmullet","Millimetres","129.3"
"Precipitation Amount","2000 August","Shannon Airport","Millimetres","69.5"
"Precipitation Amount","2000 August","Dublin Airport","Millimetres","62.8"
"Precipitation Amount","2000 August","Mullingar","Millimetres","66.3"
"Precipitation Amount","2000 August","Cork Airport","Millimetres","39.9"
"Precipitation Amount","2000 August","Casement","Millimetres","105.3"
"Precipitation Amount","2000 August","Phoenix Park","Millimetres",""
"Precipitation Amount","2000 August","Roches Point","Millimetres",""
"Precipitation Amount","2000 August","Markree","Millimetres",""
"Precipitation Amount","2000 September","Malin Head","Millimetres","176"
"Precipitation Amount","2000 September","Claremorris","Millimetres","103.4"
"Precipitation Amount","2000 September","Valentia Observatory","Millimetres","152.2"
"Precipitation Amount","2000 September","Belmullet","Millimetres","139.4"
"Precipitation Amount","2000 September","Shannon Airport","Millimetres","106.7"
"Precipitation Amount","2000 September","Dublin Airport","Millimetres","99.9"
"Precipitation Amount","2000 September","Mullingar","Millimetres","112"
"Precipitation Amount","2000 September","Cork Airport","Millimetres","109.5"
"Precipitation Amount","2000 September","Casement","Millimetres","74.7"
"Precipitation Amount","2000 September","Phoenix Park","Millimetres",""
"Precipitation Amount","2000 September","Roches Point","Millimetres",""
"Precipitation Amount","2000 September","Markree","Millimetres",""
"Precipitation Amount","2000 October","Malin Head","Millimetres","170.7"
"Precipitation Amount","2000 October","Claremorris","Millimetres","211.6"
"Precipitation Amount","2000 October","Valentia Observatory","Millimetres","308.9"
"Precipitation Amount","2000 October","Belmullet","Millimetres","259"
"Precipitation Amount","2000 October","Shannon Airport","Millimetres","176.3"
"Precipitation Amount","2000 October","Dublin Airport","Millimetres","87.3"
"Precipitation Amount","2000 October","Mullingar","Millimetres","152.9"
"Precipitation Amount","2000 October","Cork Airport","Millimetres","183.9"
"Precipitation Amount","2000 October","Casement","Millimetres","80.2"
"Precipitation Amount","2000 October","Phoenix Park","Millimetres",""
"Precipitation Amount","2000 October","Roches Point","Millimetres",""
"Precipitation Amount","2000 October","Markree","Millimetres",""
"Precipitation Amount","2000 November","Malin Head","Millimetres","104.9"
"Precipitation Amount","2000 November","Claremorris","Millimetres","144.6"
"Precipitation Amount","2000 November","Valentia Observatory","Millimetres","270"
"Precipitation Amount","2000 November","Belmullet","Millimetres","149.8"
"Precipitation Amount","2000 November","Shannon Airport","Millimetres","137.6"
"Precipitation Amount","2000 November","Dublin Airport","Millimetres","141.3"
"Precipitation Amount","2000 November","Mullingar","Millimetres","147.8"
"Precipitation Amount","2000 November","Cork Airport","Millimetres","191.5"
"Precipitation Amount","2000 November","Casement","Millimetres","146.4"
"Precipitation Amount","2000 November","Phoenix Park","Millimetres",""
"Precipitation Amount","2000 November","Roches Point","Millimetres",""
"Precipitation Amount","2000 November","Markree","Millimetres",""
"Precipitation Amount","2000 December","Malin Head","Millimetres","121.1"
"Precipitation Amount","2000 December","Claremorris","Millimetres",""
"Precipitation Amount","2000 December","Valentia Observatory","Millimetres","214.7"
"Precipitation Amount","2000 December","Belmullet","Millimetres","147.1"
"Precipitation Amount","2000 December","Shannon Airport","Millimetres","78.3"
"Precipitation Amount","2000 December","Dublin Airport","Millimetres","126.3"
"Precipitation Amount","2000 December","Mullingar","Millimetres","124.8"
"Precipitation Amount","2000 December","Cork Airport","Millimetres","183.2"
"Precipitation Amount","2000 December","Casement","Millimetres","140.6"
"Precipitation Amount","2000 December","Phoenix Park","Millimetres",""
"Precipitation Amount","2000 December","Roches Point","Millimetres",""
"Precipitation Amount","2000 December","Markree","Millimetres",""
"Precipitation Amount","2001 January","Malin Head","Millimetres","61.5"
"Precipitation Amount","2001 January","Claremorris","Millimetres",""
"Precipitation Amount","2001 January","Valentia Observatory","Millimetres","144.3"
"Precipitation Amount","2001 January","Belmullet","Millimetres","66.2"
"Precipitation Amount","2001 January","Shannon Airport","Millimetres","50.1"
"Precipitation Amount","2001 January","Dublin Airport","Millimetres","31.8"
"Precipitation Amount","2001 January","Mullingar","Millimetres","38.1"
"Precipitation Amount","2001 January","Cork Airport","Millimetres","87.3"
"Precipitation Amount","2001 January","Casement","Millimetres","28.2"
"Precipitation Amount","2001 January","Phoenix Park","Millimetres",""
"Precipitation Amount","2001 January","Roches Point","Millimetres",""
"Precipitation Amount","2001 January","Markree","Millimetres",""
"Precipitation Amount","2001 February","Malin Head","Millimetres","86.5"
"Precipitation Amount","2001 February","Claremorris","Millimetres","62.9"
"Precipitation Amount","2001 February","Valentia Observatory","Millimetres","122.8"
"Precipitation Amount","2001 February","Belmullet","Millimetres","56.8"
"Precipitation Amount","2001 February","Shannon Airport","Millimetres","55.5"
"Precipitation Amount","2001 February","Dublin Airport","Millimetres","49.5"
"Precipitation Amount","2001 February","Mullingar","Millimetres","48.6"
"Precipitation Amount","2001 February","Cork Airport","Millimetres","133.4"
"Precipitation Amount","2001 February","Casement","Millimetres","41.2"
"Precipitation Amount","2001 February","Phoenix Park","Millimetres",""
"Precipitation Amount","2001 February","Roches Point","Millimetres",""
"Precipitation Amount","2001 February","Markree","Millimetres",""
"Precipitation Amount","2001 March","Malin Head","Millimetres","29.4"
"Precipitation Amount","2001 March","Claremorris","Millimetres","70.1"
"Precipitation Amount","2001 March","Valentia Observatory","Millimetres","130.1"
"Precipitation Amount","2001 March","Belmullet","Millimetres","72.9"
"Precipitation Amount","2001 March","Shannon Airport","Millimetres","75.6"
"Precipitation Amount","2001 March","Dublin Airport","Millimetres","56.2"
"Precipitation Amount","2001 March","Mullingar","Millimetres","70.9"
"Precipitation Amount","2001 March","Cork Airport","Millimetres","116.4"
"Precipitation Amount","2001 March","Casement","Millimetres","49.1"
"Precipitation Amount","2001 March","Phoenix Park","Millimetres",""
"Precipitation Amount","2001 March","Roches Point","Millimetres",""
"Precipitation Amount","2001 March","Markree","Millimetres",""
"Precipitation Amount","2001 April","Malin Head","Millimetres","54.2"
"Precipitation Amount","2001 April","Claremorris","Millimetres","63.8"
"Precipitation Amount","2001 April","Valentia Observatory","Millimetres","119"
"Precipitation Amount","2001 April","Belmullet","Millimetres","78.1"
"Precipitation Amount","2001 April","Shannon Airport","Millimetres","96.8"
"Precipitation Amount","2001 April","Dublin Airport","Millimetres","77.9"
"Precipitation Amount","2001 April","Mullingar","Millimetres","90"
"Precipitation Amount","2001 April","Cork Airport","Millimetres","70.5"
"Precipitation Amount","2001 April","Casement","Millimetres","47.2"
"Precipitation Amount","2001 April","Phoenix Park","Millimetres",""
"Precipitation Amount","2001 April","Roches Point","Millimetres",""
"Precipitation Amount","2001 April","Markree","Millimetres",""
"Precipitation Amount","2001 May","Malin Head","Millimetres","34.2"
"Precipitation Amount","2001 May","Claremorris","Millimetres","40.4"
"Precipitation Amount","2001 May","Valentia Observatory","Millimetres","33.9"
"Precipitation Amount","2001 May","Belmullet","Millimetres","26.4"
"Precipitation Amount","2001 May","Shannon Airport","Millimetres","34.5"
"Precipitation Amount","2001 May","Dublin Airport","Millimetres","49.8"
"Precipitation Amount","2001 May","Mullingar","Millimetres","40.6"
"Precipitation Amount","2001 May","Cork Airport","Millimetres","22.7"
"Precipitation Amount","2001 May","Casement","Millimetres","47.8"
"Precipitation Amount","2001 May","Phoenix Park","Millimetres",""
"Precipitation Amount","2001 May","Roches Point","Millimetres",""
"Precipitation Amount","2001 May","Markree","Millimetres",""
"Precipitation Amount","2001 June","Malin Head","Millimetres","59"
"Precipitation Amount","2001 June","Claremorris","Millimetres",""
"Precipitation Amount","2001 June","Valentia Observatory","Millimetres","71.9"
"Precipitation Amount","2001 June","Belmullet","Millimetres","66.8"
"Precipitation Amount","2001 June","Shannon Airport","Millimetres","61.6"
"Precipitation Amount","2001 June","Dublin Airport","Millimetres","41.5"
"Precipitation Amount","2001 June","Mullingar","Millimetres","80.4"
"Precipitation Amount","2001 June","Cork Airport","Millimetres","57.8"
"Precipitation Amount","2001 June","Casement","Millimetres","40.6"
"Precipitation Amount","2001 June","Phoenix Park","Millimetres",""
"Precipitation Amount","2001 June","Roches Point","Millimetres",""
"Precipitation Amount","2001 June","Markree","Millimetres",""
"Precipitation Amount","2001 July","Malin Head","Millimetres","72.6"
"Precipitation Amount","2001 July","Claremorris","Millimetres",""
"Precipitation Amount","2001 July","Valentia Observatory","Millimetres","72.1"
"Precipitation Amount","2001 July","Belmullet","Millimetres","114.4"
"Precipitation Amount","2001 July","Shannon Airport","Millimetres","75"
"Precipitation Amount","2001 July","Dublin Airport","Millimetres","30.5"
"Precipitation Amount","2001 July","Mullingar","Millimetres","43.5"
"Precipitation Amount","2001 July","Cork Airport","Millimetres","117.7"
"Precipitation Amount","2001 July","Casement","Millimetres","53.9"
"Precipitation Amount","2001 July","Phoenix Park","Millimetres",""
"Precipitation Amount","2001 July","Roches Point","Millimetres",""
"Precipitation Amount","2001 July","Markree","Millimetres",""
"Precipitation Amount","2001 August","Malin Head","Millimetres","84.6"
"Precipitation Amount","2001 August","Claremorris","Millimetres","111.6"
"Precipitation Amount","2001 August","Valentia Observatory","Millimetres","120.6"
"Precipitation Amount","2001 August","Belmullet","Millimetres","118.9"
"Precipitation Amount","2001 August","Shannon Airport","Millimetres","58.6"
"Precipitation Amount","2001 August","Dublin Airport","Millimetres","97.1"
"Precipitation Amount","2001 August","Mullingar","Millimetres","105"
"Precipitation Amount","2001 August","Cork Airport","Millimetres","154.2"
"Precipitation Amount","2001 August","Casement","Millimetres","103.1"
"Precipitation Amount","2001 August","Phoenix Park","Millimetres",""
"Precipitation Amount","2001 August","Roches Point","Millimetres",""
"Precipitation Amount","2001 August","Markree","Millimetres",""
"Precipitation Amount","2001 September","Malin Head","Millimetres","60.3"
"Precipitation Amount","2001 September","Claremorris","Millimetres","92.1"
"Precipitation Amount","2001 September","Valentia Observatory","Millimetres","62.4"
"Precipitation Amount","2001 September","Belmullet","Millimetres","69.5"
"Precipitation Amount","2001 September","Shannon Airport","Millimetres","53.6"
"Precipitation Amount","2001 September","Dublin Airport","Millimetres","41.7"
"Precipitation Amount","2001 September","Mullingar","Millimetres","54.5"
"Precipitation Amount","2001 September","Cork Airport","Millimetres","71.3"
"Precipitation Amount","2001 September","Casement","Millimetres","30.9"
"Precipitation Amount","2001 September","Phoenix Park","Millimetres",""
"Precipitation Amount","2001 September","Roches Point","Millimetres",""
"Precipitation Amount","2001 September","Markree","Millimetres",""
"Precipitation Amount","2001 October","Malin Head","Millimetres","94.1"
"Precipitation Amount","2001 October","Claremorris","Millimetres","153.2"
"Precipitation Amount","2001 October","Valentia Observatory","Millimetres","196.7"
"Precipitation Amount","2001 October","Belmullet","Millimetres","126"
"Precipitation Amount","2001 October","Shannon Airport","Millimetres","116.5"
"Precipitation Amount","2001 October","Dublin Airport","Millimetres","90.3"
"Precipitation Amount","2001 October","Mullingar","Millimetres","96.3"
"Precipitation Amount","2001 October","Cork Airport","Millimetres","142.2"
"Precipitation Amount","2001 October","Casement","Millimetres","81.6"
"Precipitation Amount","2001 October","Phoenix Park","Millimetres",""
"Precipitation Amount","2001 October","Roches Point","Millimetres",""
"Precipitation Amount","2001 October","Markree","Millimetres",""
"Precipitation Amount","2001 November","Malin Head","Millimetres","121.8"
"Precipitation Amount","2001 November","Claremorris","Millimetres","78.4"
"Precipitation Amount","2001 November","Valentia Observatory","Millimetres","93.4"
"Precipitation Amount","2001 November","Belmullet","Millimetres","105.6"
"Precipitation Amount","2001 November","Shannon Airport","Millimetres","63.8"
"Precipitation Amount","2001 November","Dublin Airport","Millimetres","40.6"
"Precipitation Amount","2001 November","Mullingar","Millimetres","59.9"
"Precipitation Amount","2001 November","Cork Airport","Millimetres","31.1"
"Precipitation Amount","2001 November","Casement","Millimetres","35.4"
"Precipitation Amount","2001 November","Phoenix Park","Millimetres",""
"Precipitation Amount","2001 November","Roches Point","Millimetres",""
"Precipitation Amount","2001 November","Markree","Millimetres",""
"Precipitation Amount","2001 December","Malin Head","Millimetres","98.5"
"Precipitation Amount","2001 December","Claremorris","Millimetres","65.3"
"Precipitation Amount","2001 December","Valentia Observatory","Millimetres","86.2"
"Precipitation Amount","2001 December","Belmullet","Millimetres","88.9"
"Precipitation Amount","2001 December","Shannon Airport","Millimetres","51.9"
"Precipitation Amount","2001 December","Dublin Airport","Millimetres","21.7"
"Precipitation Amount","2001 December","Mullingar","Millimetres","35.8"
"Precipitation Amount","2001 December","Cork Airport","Millimetres","72.7"
"Precipitation Amount","2001 December","Casement","Millimetres","22.1"
"Precipitation Amount","2001 December","Phoenix Park","Millimetres",""
"Precipitation Amount","2001 December","Roches Point","Millimetres",""
"Precipitation Amount","2001 December","Markree","Millimetres",""
"Precipitation Amount","2002 January","Malin Head","Millimetres","86.9"
"Precipitation Amount","2002 January","Claremorris","Millimetres","112.6"
"Precipitation Amount","2002 January","Valentia Observatory","Millimetres","237.1"
"Precipitation Amount","2002 January","Belmullet","Millimetres","117.9"
"Precipitation Amount","2002 January","Shannon Airport","Millimetres","121.3"
"Precipitation Amount","2002 January","Dublin Airport","Millimetres","48.4"
"Precipitation Amount","2002 January","Mullingar","Millimetres","126.4"
"Precipitation Amount","2002 January","Cork Airport","Millimetres","224.7"
"Precipitation Amount","2002 January","Casement","Millimetres","62.3"
"Precipitation Amount","2002 January","Phoenix Park","Millimetres",""
"Precipitation Amount","2002 January","Roches Point","Millimetres",""
"Precipitation Amount","2002 January","Markree","Millimetres",""
"Precipitation Amount","2002 February","Malin Head","Millimetres","168.9"
"Precipitation Amount","2002 February","Claremorris","Millimetres","174.2"
"Precipitation Amount","2002 February","Valentia Observatory","Millimetres","211.6"
"Precipitation Amount","2002 February","Belmullet","Millimetres","170"
"Precipitation Amount","2002 February","Shannon Airport","Millimetres","185.8"
"Precipitation Amount","2002 February","Dublin Airport","Millimetres","125.9"
"Precipitation Amount","2002 February","Mullingar","Millimetres","183.7"
"Precipitation Amount","2002 February","Cork Airport","Millimetres","153"
"Precipitation Amount","2002 February","Casement","Millimetres","127.8"
"Precipitation Amount","2002 February","Phoenix Park","Millimetres",""
"Precipitation Amount","2002 February","Roches Point","Millimetres",""
"Precipitation Amount","2002 February","Markree","Millimetres",""
"Precipitation Amount","2002 March","Malin Head","Millimetres","74.3"
"Precipitation Amount","2002 March","Claremorris","Millimetres","85.9"
"Precipitation Amount","2002 March","Valentia Observatory","Millimetres","67.3"
"Precipitation Amount","2002 March","Belmullet","Millimetres","77.1"
"Precipitation Amount","2002 March","Shannon Airport","Millimetres","40.9"
"Precipitation Amount","2002 March","Dublin Airport","Millimetres","30.3"
"Precipitation Amount","2002 March","Mullingar","Millimetres","58.3"
"Precipitation Amount","2002 March","Cork Airport","Millimetres","63.5"
"Precipitation Amount","2002 March","Casement","Millimetres","27.5"
"Precipitation Amount","2002 March","Phoenix Park","Millimetres",""
"Precipitation Amount","2002 March","Roches Point","Millimetres",""
"Precipitation Amount","2002 March","Markree","Millimetres",""
"Precipitation Amount","2002 April","Malin Head","Millimetres","69.2"
"Precipitation Amount","2002 April","Claremorris","Millimetres","53.9"
"Precipitation Amount","2002 April","Valentia Observatory","Millimetres","110.2"
"Precipitation Amount","2002 April","Belmullet","Millimetres","64.2"
"Precipitation Amount","2002 April","Shannon Airport","Millimetres","74"
"Precipitation Amount","2002 April","Dublin Airport","Millimetres","81.7"
"Precipitation Amount","2002 April","Mullingar","Millimetres","77.4"
"Precipitation Amount","2002 April","Cork Airport","Millimetres","117.9"
"Precipitation Amount","2002 April","Casement","Millimetres","77.2"
"Precipitation Amount","2002 April","Phoenix Park","Millimetres",""
"Precipitation Amount","2002 April","Roches Point","Millimetres",""
"Precipitation Amount","2002 April","Markree","Millimetres",""
"Precipitation Amount","2002 May","Malin Head","Millimetres","85.9"
"Precipitation Amount","2002 May","Claremorris","Millimetres","138.8"
"Precipitation Amount","2002 May","Valentia Observatory","Millimetres","187"
"Precipitation Amount","2002 May","Belmullet","Millimetres","129.2"
"Precipitation Amount","2002 May","Shannon Airport","Millimetres","97.1"
"Precipitation Amount","2002 May","Dublin Airport","Millimetres","121.3"
"Precipitation Amount","2002 May","Mullingar","Millimetres","117.6"
"Precipitation Amount","2002 May","Cork Airport","Millimetres","162.8"
"Precipitation Amount","2002 May","Casement","Millimetres","82.5"
"Precipitation Amount","2002 May","Phoenix Park","Millimetres",""
"Precipitation Amount","2002 May","Roches Point","Millimetres",""
"Precipitation Amount","2002 May","Markree","Millimetres",""
"Precipitation Amount","2002 June","Malin Head","Millimetres","107.7"
"Precipitation Amount","2002 June","Claremorris","Millimetres",""
"Precipitation Amount","2002 June","Valentia Observatory","Millimetres","133"
"Precipitation Amount","2002 June","Belmullet","Millimetres","145.8"
"Precipitation Amount","2002 June","Shannon Airport","Millimetres","74.9"
"Precipitation Amount","2002 June","Dublin Airport","Millimetres","81.2"
"Precipitation Amount","2002 June","Mullingar","Millimetres","89.6"
"Precipitation Amount","2002 June","Cork Airport","Millimetres","105.2"
"Precipitation Amount","2002 June","Casement","Millimetres","80.1"
"Precipitation Amount","2002 June","Phoenix Park","Millimetres",""
"Precipitation Amount","2002 June","Roches Point","Millimetres",""
"Precipitation Amount","2002 June","Markree","Millimetres",""
"Precipitation Amount","2002 July","Malin Head","Millimetres","76.2"
"Precipitation Amount","2002 July","Claremorris","Millimetres","46.2"
"Precipitation Amount","2002 July","Valentia Observatory","Millimetres","100.1"
"Precipitation Amount","2002 July","Belmullet","Millimetres","79.8"
"Precipitation Amount","2002 July","Shannon Airport","Millimetres","46"
"Precipitation Amount","2002 July","Dublin Airport","Millimetres","68.9"
"Precipitation Amount","2002 July","Mullingar","Millimetres","81.3"
"Precipitation Amount","2002 July","Cork Airport","Millimetres","54"
"Precipitation Amount","2002 July","Casement","Millimetres","74.4"
"Precipitation Amount","2002 July","Phoenix Park","Millimetres",""
"Precipitation Amount","2002 July","Roches Point","Millimetres",""
"Precipitation Amount","2002 July","Markree","Millimetres",""
"Precipitation Amount","2002 August","Malin Head","Millimetres","53.7"
"Precipitation Amount","2002 August","Claremorris","Millimetres","66.5"
"Precipitation Amount","2002 August","Valentia Observatory","Millimetres","81.7"
"Precipitation Amount","2002 August","Belmullet","Millimetres","75.5"
"Precipitation Amount","2002 August","Shannon Airport","Millimetres","60.1"
"Precipitation Amount","2002 August","Dublin Airport","Millimetres","50.8"
"Precipitation Amount","2002 August","Mullingar","Millimetres","46"
"Precipitation Amount","2002 August","Cork Airport","Millimetres","47.5"
"Precipitation Amount","2002 August","Casement","Millimetres","65.4"
"Precipitation Amount","2002 August","Phoenix Park","Millimetres",""
"Precipitation Amount","2002 August","Roches Point","Millimetres",""
"Precipitation Amount","2002 August","Markree","Millimetres",""
"Precipitation Amount","2002 September","Malin Head","Millimetres","60"
"Precipitation Amount","2002 September","Claremorris","Millimetres","50.6"
"Precipitation Amount","2002 September","Valentia Observatory","Millimetres","118.8"
"Precipitation Amount","2002 September","Belmullet","Millimetres","38.1"
"Precipitation Amount","2002 September","Shannon Airport","Millimetres","15.5"
"Precipitation Amount","2002 September","Dublin Airport","Millimetres","22.6"
"Precipitation Amount","2002 September","Mullingar","Millimetres","18.9"
"Precipitation Amount","2002 September","Cork Airport","Millimetres","35.6"
"Precipitation Amount","2002 September","Casement","Millimetres","9.3"
"Precipitation Amount","2002 September","Phoenix Park","Millimetres",""
"Precipitation Amount","2002 September","Roches Point","Millimetres",""
"Precipitation Amount","2002 September","Markree","Millimetres",""
"Precipitation Amount","2002 October","Malin Head","Millimetres","145"
"Precipitation Amount","2002 October","Claremorris","Millimetres","155.2"
"Precipitation Amount","2002 October","Valentia Observatory","Millimetres","239.4"
"Precipitation Amount","2002 October","Belmullet","Millimetres","168.7"
"Precipitation Amount","2002 October","Shannon Airport","Millimetres","130.1"
"Precipitation Amount","2002 October","Dublin Airport","Millimetres","181.2"
"Precipitation Amount","2002 October","Mullingar","Millimetres","157.6"
"Precipitation Amount","2002 October","Cork Airport","Millimetres","213.5"
"Precipitation Amount","2002 October","Casement","Millimetres","178.7"
"Precipitation Amount","2002 October","Phoenix Park","Millimetres",""
"Precipitation Amount","2002 October","Roches Point","Millimetres",""
"Precipitation Amount","2002 October","Markree","Millimetres",""
"Precipitation Amount","2002 November","Malin Head","Millimetres","88.6"
"Precipitation Amount","2002 November","Claremorris","Millimetres","133"
"Precipitation Amount","2002 November","Valentia Observatory","Millimetres","290.3"
"Precipitation Amount","2002 November","Belmullet","Millimetres","166.5"
"Precipitation Amount","2002 November","Shannon Airport","Millimetres","131.6"
"Precipitation Amount","2002 November","Dublin Airport","Millimetres","185.8"
"Precipitation Amount","2002 November","Mullingar","Millimetres","148.2"
"Precipitation Amount","2002 November","Cork Airport","Millimetres","215.1"
"Precipitation Amount","2002 November","Casement","Millimetres","154.2"
"Precipitation Amount","2002 November","Phoenix Park","Millimetres",""
"Precipitation Amount","2002 November","Roches Point","Millimetres",""
"Precipitation Amount","2002 November","Markree","Millimetres",""
"Precipitation Amount","2002 December","Malin Head","Millimetres","46.1"
"Precipitation Amount","2002 December","Claremorris","Millimetres","70"
"Precipitation Amount","2002 December","Valentia Observatory","Millimetres","146.2"
"Precipitation Amount","2002 December","Belmullet","Millimetres","85.5"
"Precipitation Amount","2002 December","Shannon Airport","Millimetres","91.6"
"Precipitation Amount","2002 December","Dublin Airport","Millimetres","97.5"
"Precipitation Amount","2002 December","Mullingar","Millimetres","107.6"
"Precipitation Amount","2002 December","Cork Airport","Millimetres","145.3"
"Precipitation Amount","2002 December","Casement","Millimetres","75.4"
"Precipitation Amount","2002 December","Phoenix Park","Millimetres",""
"Precipitation Amount","2002 December","Roches Point","Millimetres",""
"Precipitation Amount","2002 December","Markree","Millimetres",""
"Precipitation Amount","2003 January","Malin Head","Millimetres","86.4"
"Precipitation Amount","2003 January","Claremorris","Millimetres","71.6"
"Precipitation Amount","2003 January","Valentia Observatory","Millimetres","131.7"
"Precipitation Amount","2003 January","Belmullet","Millimetres","84.8"
"Precipitation Amount","2003 January","Shannon Airport","Millimetres","44.7"
"Precipitation Amount","2003 January","Dublin Airport","Millimetres","62.6"
"Precipitation Amount","2003 January","Mullingar","Millimetres","57.5"
"Precipitation Amount","2003 January","Cork Airport","Millimetres","76"
"Precipitation Amount","2003 January","Casement","Millimetres","53.5"
"Precipitation Amount","2003 January","Phoenix Park","Millimetres",""
"Precipitation Amount","2003 January","Roches Point","Millimetres",""
"Precipitation Amount","2003 January","Markree","Millimetres",""
"Precipitation Amount","2003 February","Malin Head","Millimetres","47.4"
"Precipitation Amount","2003 February","Claremorris","Millimetres","52.7"
"Precipitation Amount","2003 February","Valentia Observatory","Millimetres","161.4"
"Precipitation Amount","2003 February","Belmullet","Millimetres","55.7"
"Precipitation Amount","2003 February","Shannon Airport","Millimetres","50.6"
"Precipitation Amount","2003 February","Dublin Airport","Millimetres","20.9"
"Precipitation Amount","2003 February","Mullingar","Millimetres","33.6"
"Precipitation Amount","2003 February","Cork Airport","Millimetres","78.6"
"Precipitation Amount","2003 February","Casement","Millimetres","24.8"
"Precipitation Amount","2003 February","Phoenix Park","Millimetres",""
"Precipitation Amount","2003 February","Roches Point","Millimetres",""
"Precipitation Amount","2003 February","Markree","Millimetres",""
"Precipitation Amount","2003 March","Malin Head","Millimetres","39.8"
"Precipitation Amount","2003 March","Claremorris","Millimetres","65.8"
"Precipitation Amount","2003 March","Valentia Observatory","Millimetres","79.5"
"Precipitation Amount","2003 March","Belmullet","Millimetres","96.1"
"Precipitation Amount","2003 March","Shannon Airport","Millimetres","50.9"
"Precipitation Amount","2003 March","Dublin Airport","Millimetres","27.1"
"Precipitation Amount","2003 March","Mullingar","Millimetres","43.7"
"Precipitation Amount","2003 March","Cork Airport","Millimetres","70.3"
"Precipitation Amount","2003 March","Casement","Millimetres","31.7"
"Precipitation Amount","2003 March","Phoenix Park","Millimetres",""
"Precipitation Amount","2003 March","Roches Point","Millimetres",""
"Precipitation Amount","2003 March","Markree","Millimetres",""
"Precipitation Amount","2003 April","Malin Head","Millimetres","37.1"
"Precipitation Amount","2003 April","Claremorris","Millimetres",""
"Precipitation Amount","2003 April","Valentia Observatory","Millimetres","143.6"
"Precipitation Amount","2003 April","Belmullet","Millimetres","37.7"
"Precipitation Amount","2003 April","Shannon Airport","Millimetres","50"
"Precipitation Amount","2003 April","Dublin Airport","Millimetres","37"
"Precipitation Amount","2003 April","Mullingar","Millimetres","65.4"
"Precipitation Amount","2003 April","Cork Airport","Millimetres","126.7"
"Precipitation Amount","2003 April","Casement","Millimetres","29.5"
"Precipitation Amount","2003 April","Phoenix Park","Millimetres",""
"Precipitation Amount","2003 April","Roches Point","Millimetres",""
"Precipitation Amount","2003 April","Markree","Millimetres",""
"Precipitation Amount","2003 May","Malin Head","Millimetres","104.6"
"Precipitation Amount","2003 May","Claremorris","Millimetres",""
"Precipitation Amount","2003 May","Valentia Observatory","Millimetres","134.4"
"Precipitation Amount","2003 May","Belmullet","Millimetres","125.3"
"Precipitation Amount","2003 May","Shannon Airport","Millimetres","91.8"
"Precipitation Amount","2003 May","Dublin Airport","Millimetres","97.4"
"Precipitation Amount","2003 May","Mullingar","Millimetres","126.9"
"Precipitation Amount","2003 May","Cork Airport","Millimetres","100.3"
"Precipitation Amount","2003 May","Casement","Millimetres","99.9"
"Precipitation Amount","2003 May","Phoenix Park","Millimetres",""
"Precipitation Amount","2003 May","Roches Point","Millimetres",""
"Precipitation Amount","2003 May","Markree","Millimetres",""
"Precipitation Amount","2003 June","Malin Head","Millimetres","70.1"
"Precipitation Amount","2003 June","Claremorris","Millimetres",""
"Precipitation Amount","2003 June","Valentia Observatory","Millimetres","154.6"
"Precipitation Amount","2003 June","Belmullet","Millimetres","68.4"
"Precipitation Amount","2003 June","Shannon Airport","Millimetres","105"
"Precipitation Amount","2003 June","Dublin Airport","Millimetres","86.8"
"Precipitation Amount","2003 June","Mullingar","Millimetres","84"
"Precipitation Amount","2003 June","Cork Airport","Millimetres","115.5"
"Precipitation Amount","2003 June","Casement","Millimetres","56.8"
"Precipitation Amount","2003 June","Phoenix Park","Millimetres",""
"Precipitation Amount","2003 June","Roches Point","Millimetres",""
"Precipitation Amount","2003 June","Markree","Millimetres",""
"Precipitation Amount","2003 July","Malin Head","Millimetres","94.4"
"Precipitation Amount","2003 July","Claremorris","Millimetres","67.4"
"Precipitation Amount","2003 July","Valentia Observatory","Millimetres","126.2"
"Precipitation Amount","2003 July","Belmullet","Millimetres","118.7"
"Precipitation Amount","2003 July","Shannon Airport","Millimetres","77"
"Precipitation Amount","2003 July","Dublin Airport","Millimetres","47.6"
"Precipitation Amount","2003 July","Mullingar","Millimetres","61.7"
"Precipitation Amount","2003 July","Cork Airport","Millimetres","96.2"
"Precipitation Amount","2003 July","Casement","Millimetres","47.4"
"Precipitation Amount","2003 July","Phoenix Park","Millimetres",""
"Precipitation Amount","2003 July","Roches Point","Millimetres",""
"Precipitation Amount","2003 July","Markree","Millimetres",""
"Precipitation Amount","2003 August","Malin Head","Millimetres","23.3"
"Precipitation Amount","2003 August","Claremorris","Millimetres",""
"Precipitation Amount","2003 August","Valentia Observatory","Millimetres","25.3"
"Precipitation Amount","2003 August","Belmullet","Millimetres","25"
"Precipitation Amount","2003 August","Shannon Airport","Millimetres","11.3"
"Precipitation Amount","2003 August","Dublin Airport","Millimetres","14.5"
"Precipitation Amount","2003 August","Mullingar","Millimetres","13.3"
"Precipitation Amount","2003 August","Cork Airport","Millimetres","23.1"
"Precipitation Amount","2003 August","Casement","Millimetres","11.2"
"Precipitation Amount","2003 August","Phoenix Park","Millimetres",""
"Precipitation Amount","2003 August","Roches Point","Millimetres",""
"Precipitation Amount","2003 August","Markree","Millimetres",""
"Precipitation Amount","2003 September","Malin Head","Millimetres","73.2"
"Precipitation Amount","2003 September","Claremorris","Millimetres","61.2"
"Precipitation Amount","2003 September","Valentia Observatory","Millimetres","64.4"
"Precipitation Amount","2003 September","Belmullet","Millimetres","95.2"
"Precipitation Amount","2003 September","Shannon Airport","Millimetres","37.3"
"Precipitation Amount","2003 September","Dublin Airport","Millimetres","37.4"
"Precipitation Amount","2003 September","Mullingar","Millimetres","48.6"
"Precipitation Amount","2003 September","Cork Airport","Millimetres","55.4"
"Precipitation Amount","2003 September","Casement","Millimetres","38.4"
"Precipitation Amount","2003 September","Phoenix Park","Millimetres",""
"Precipitation Amount","2003 September","Roches Point","Millimetres",""
"Precipitation Amount","2003 September","Markree","Millimetres",""
"Precipitation Amount","2003 October","Malin Head","Millimetres","65.9"
"Precipitation Amount","2003 October","Claremorris","Millimetres",""
"Precipitation Amount","2003 October","Valentia Observatory","Millimetres","58.3"
"Precipitation Amount","2003 October","Belmullet","Millimetres","72"
"Precipitation Amount","2003 October","Shannon Airport","Millimetres","50.6"
"Precipitation Amount","2003 October","Dublin Airport","Millimetres","106.6"
"Precipitation Amount","2003 October","Mullingar","Millimetres","44.2"
"Precipitation Amount","2003 October","Cork Airport","Millimetres","27.8"
"Precipitation Amount","2003 October","Casement","Millimetres","123.5"
"Precipitation Amount","2003 October","Phoenix Park","Millimetres",""
"Precipitation Amount","2003 October","Roches Point","Millimetres",""
"Precipitation Amount","2003 October","Markree","Millimetres",""
"Precipitation Amount","2003 November","Malin Head","Millimetres","99.2"
"Precipitation Amount","2003 November","Claremorris","Millimetres","123.7"
"Precipitation Amount","2003 November","Valentia Observatory","Millimetres","291.4"
"Precipitation Amount","2003 November","Belmullet","Millimetres","165.9"
"Precipitation Amount","2003 November","Shannon Airport","Millimetres","111.4"
"Precipitation Amount","2003 November","Dublin Airport","Millimetres","55"
"Precipitation Amount","2003 November","Mullingar","Millimetres","79.6"
"Precipitation Amount","2003 November","Cork Airport","Millimetres","125"
"Precipitation Amount","2003 November","Casement","Millimetres","54.3"
"Precipitation Amount","2003 November","Phoenix Park","Millimetres",""
"Precipitation Amount","2003 November","Roches Point","Millimetres",""
"Precipitation Amount","2003 November","Markree","Millimetres",""
"Precipitation Amount","2003 December","Malin Head","Millimetres","100.9"
"Precipitation Amount","2003 December","Claremorris","Millimetres","81.9"
"Precipitation Amount","2003 December","Valentia Observatory","Millimetres","137.2"
"Precipitation Amount","2003 December","Belmullet","Millimetres","130.5"
"Precipitation Amount","2003 December","Shannon Airport","Millimetres","92.7"
"Precipitation Amount","2003 December","Dublin Airport","Millimetres","60.4"
"Precipitation Amount","2003 December","Mullingar","Millimetres","79.2"
"Precipitation Amount","2003 December","Cork Airport","Millimetres","72.8"
"Precipitation Amount","2003 December","Casement","Millimetres","63.8"
"Precipitation Amount","2003 December","Phoenix Park","Millimetres",""
"Precipitation Amount","2003 December","Roches Point","Millimetres",""
"Precipitation Amount","2003 December","Markree","Millimetres",""
"Precipitation Amount","2004 January","Malin Head","Millimetres","155"
"Precipitation Amount","2004 January","Claremorris","Millimetres","144.8"
"Precipitation Amount","2004 January","Valentia Observatory","Millimetres","173.6"
"Precipitation Amount","2004 January","Belmullet","Millimetres","146.8"
"Precipitation Amount","2004 January","Shannon Airport","Millimetres","108.7"
"Precipitation Amount","2004 January","Dublin Airport","Millimetres","82.6"
"Precipitation Amount","2004 January","Mullingar","Millimetres","108.3"
"Precipitation Amount","2004 January","Cork Airport","Millimetres","106.6"
"Precipitation Amount","2004 January","Casement","Millimetres","94.4"
"Precipitation Amount","2004 January","Phoenix Park","Millimetres","87.1"
"Precipitation Amount","2004 January","Roches Point","Millimetres",""
"Precipitation Amount","2004 January","Markree","Millimetres",""
"Precipitation Amount","2004 February","Malin Head","Millimetres","49.8"
"Precipitation Amount","2004 February","Claremorris","Millimetres","83.7"
"Precipitation Amount","2004 February","Valentia Observatory","Millimetres","79.9"
"Precipitation Amount","2004 February","Belmullet","Millimetres","64.9"
"Precipitation Amount","2004 February","Shannon Airport","Millimetres","28.4"
"Precipitation Amount","2004 February","Dublin Airport","Millimetres","19.9"
"Precipitation Amount","2004 February","Mullingar","Millimetres","31.9"
"Precipitation Amount","2004 February","Cork Airport","Millimetres","78.8"
"Precipitation Amount","2004 February","Casement","Millimetres","18.4"
"Precipitation Amount","2004 February","Phoenix Park","Millimetres",""
"Precipitation Amount","2004 February","Roches Point","Millimetres",""
"Precipitation Amount","2004 February","Markree","Millimetres",""
"Precipitation Amount","2004 March","Malin Head","Millimetres","53.8"
"Precipitation Amount","2004 March","Claremorris","Millimetres","116.6"
"Precipitation Amount","2004 March","Valentia Observatory","Millimetres","161.2"
"Precipitation Amount","2004 March","Belmullet","Millimetres","97.9"
"Precipitation Amount","2004 March","Shannon Airport","Millimetres","69"
"Precipitation Amount","2004 March","Dublin Airport","Millimetres","43.9"
"Precipitation Amount","2004 March","Mullingar","Millimetres","62.8"
"Precipitation Amount","2004 March","Cork Airport","Millimetres","114"
"Precipitation Amount","2004 March","Casement","Millimetres","48.5"
"Precipitation Amount","2004 March","Phoenix Park","Millimetres","41.2"
"Precipitation Amount","2004 March","Roches Point","Millimetres",""
"Precipitation Amount","2004 March","Markree","Millimetres",""
"Precipitation Amount","2004 April","Malin Head","Millimetres","74.8"
"Precipitation Amount","2004 April","Claremorris","Millimetres","102.7"
"Precipitation Amount","2004 April","Valentia Observatory","Millimetres","88.8"
"Precipitation Amount","2004 April","Belmullet","Millimetres","87.4"
"Precipitation Amount","2004 April","Shannon Airport","Millimetres","43.9"
"Precipitation Amount","2004 April","Dublin Airport","Millimetres","31.8"
"Precipitation Amount","2004 April","Mullingar","Millimetres","58.7"
"Precipitation Amount","2004 April","Cork Airport","Millimetres","65.3"
"Precipitation Amount","2004 April","Casement","Millimetres","44.4"
"Precipitation Amount","2004 April","Phoenix Park","Millimetres","34.6"
"Precipitation Amount","2004 April","Roches Point","Millimetres",""
"Precipitation Amount","2004 April","Markree","Millimetres",""
"Precipitation Amount","2004 May","Malin Head","Millimetres","35.3"
"Precipitation Amount","2004 May","Claremorris","Millimetres",""
"Precipitation Amount","2004 May","Valentia Observatory","Millimetres","40.9"
"Precipitation Amount","2004 May","Belmullet","Millimetres","36.4"
"Precipitation Amount","2004 May","Shannon Airport","Millimetres","35.8"
"Precipitation Amount","2004 May","Dublin Airport","Millimetres","49.9"
"Precipitation Amount","2004 May","Mullingar","Millimetres","51.6"
"Precipitation Amount","2004 May","Cork Airport","Millimetres","46.2"
"Precipitation Amount","2004 May","Casement","Millimetres","26.4"
"Precipitation Amount","2004 May","Phoenix Park","Millimetres","40.8"
"Precipitation Amount","2004 May","Roches Point","Millimetres",""
"Precipitation Amount","2004 May","Markree","Millimetres",""
"Precipitation Amount","2004 June","Malin Head","Millimetres","107.6"
"Precipitation Amount","2004 June","Claremorris","Millimetres","112.7"
"Precipitation Amount","2004 June","Valentia Observatory","Millimetres","101.4"
"Precipitation Amount","2004 June","Belmullet","Millimetres","86.6"
"Precipitation Amount","2004 June","Shannon Airport","Millimetres","63.4"
"Precipitation Amount","2004 June","Dublin Airport","Millimetres","50.6"
"Precipitation Amount","2004 June","Mullingar","Millimetres","68.2"
"Precipitation Amount","2004 June","Cork Airport","Millimetres","100"
"Precipitation Amount","2004 June","Casement","Millimetres","50.7"
"Precipitation Amount","2004 June","Phoenix Park","Millimetres",""
"Precipitation Amount","2004 June","Roches Point","Millimetres",""
"Precipitation Amount","2004 June","Markree","Millimetres",""
"Precipitation Amount","2004 July","Malin Head","Millimetres","99.3"
"Precipitation Amount","2004 July","Claremorris","Millimetres","74.1"
"Precipitation Amount","2004 July","Valentia Observatory","Millimetres","84.8"
"Precipitation Amount","2004 July","Belmullet","Millimetres","77.5"
"Precipitation Amount","2004 July","Shannon Airport","Millimetres","71.4"
"Precipitation Amount","2004 July","Dublin Airport","Millimetres","38.1"
"Precipitation Amount","2004 July","Mullingar","Millimetres","51.1"
"Precipitation Amount","2004 July","Cork Airport","Millimetres","54.5"
"Precipitation Amount","2004 July","Casement","Millimetres","48.2"
"Precipitation Amount","2004 July","Phoenix Park","Millimetres",""
"Precipitation Amount","2004 July","Roches Point","Millimetres",""
"Precipitation Amount","2004 July","Markree","Millimetres",""
"Precipitation Amount","2004 August","Malin Head","Millimetres","80.2"
"Precipitation Amount","2004 August","Claremorris","Millimetres",""
"Precipitation Amount","2004 August","Valentia Observatory","Millimetres","111.8"
"Precipitation Amount","2004 August","Belmullet","Millimetres","55.6"
"Precipitation Amount","2004 August","Shannon Airport","Millimetres","88.2"
"Precipitation Amount","2004 August","Dublin Airport","Millimetres","133.9"
"Precipitation Amount","2004 August","Mullingar","Millimetres","121.9"
"Precipitation Amount","2004 August","Cork Airport","Millimetres","178.1"
"Precipitation Amount","2004 August","Casement","Millimetres","113.9"
"Precipitation Amount","2004 August","Phoenix Park","Millimetres","110"
"Precipitation Amount","2004 August","Roches Point","Millimetres","138.2"
"Precipitation Amount","2004 August","Markree","Millimetres",""
"Precipitation Amount","2004 September","Malin Head","Millimetres","136.7"
"Precipitation Amount","2004 September","Claremorris","Millimetres","122.3"
"Precipitation Amount","2004 September","Valentia Observatory","Millimetres","152.6"
"Precipitation Amount","2004 September","Belmullet","Millimetres","123.8"
"Precipitation Amount","2004 September","Shannon Airport","Millimetres","94.9"
"Precipitation Amount","2004 September","Dublin Airport","Millimetres","46.8"
"Precipitation Amount","2004 September","Mullingar","Millimetres","86.8"
"Precipitation Amount","2004 September","Cork Airport","Millimetres","96.6"
"Precipitation Amount","2004 September","Casement","Millimetres","55.3"
"Precipitation Amount","2004 September","Phoenix Park","Millimetres",""
"Precipitation Amount","2004 September","Roches Point","Millimetres","93.7"
"Precipitation Amount","2004 September","Markree","Millimetres",""
"Precipitation Amount","2004 October","Malin Head","Millimetres","112"
"Precipitation Amount","2004 October","Claremorris","Millimetres","136.1"
"Precipitation Amount","2004 October","Valentia Observatory","Millimetres","221.8"
"Precipitation Amount","2004 October","Belmullet","Millimetres","145.3"
"Precipitation Amount","2004 October","Shannon Airport","Millimetres","142.5"
"Precipitation Amount","2004 October","Dublin Airport","Millimetres","120.2"
"Precipitation Amount","2004 October","Mullingar","Millimetres","156.3"
"Precipitation Amount","2004 October","Cork Airport","Millimetres","170.3"
"Precipitation Amount","2004 October","Casement","Millimetres","177.4"
"Precipitation Amount","2004 October","Phoenix Park","Millimetres","144.3"
"Precipitation Amount","2004 October","Roches Point","Millimetres","143.7"
"Precipitation Amount","2004 October","Markree","Millimetres",""
"Precipitation Amount","2004 November","Malin Head","Millimetres","94.6"
"Precipitation Amount","2004 November","Claremorris","Millimetres",""
"Precipitation Amount","2004 November","Valentia Observatory","Millimetres","67.8"
"Precipitation Amount","2004 November","Belmullet","Millimetres","66.7"
"Precipitation Amount","2004 November","Shannon Airport","Millimetres","66.5"
"Precipitation Amount","2004 November","Dublin Airport","Millimetres","39.9"
"Precipitation Amount","2004 November","Mullingar","Millimetres","69.1"
"Precipitation Amount","2004 November","Cork Airport","Millimetres","35"
"Precipitation Amount","2004 November","Casement","Millimetres","43.8"
"Precipitation Amount","2004 November","Phoenix Park","Millimetres","37.7"
"Precipitation Amount","2004 November","Roches Point","Millimetres","24.9"
"Precipitation Amount","2004 November","Markree","Millimetres",""
"Precipitation Amount","2004 December","Malin Head","Millimetres","142.2"
"Precipitation Amount","2004 December","Claremorris","Millimetres","137"
"Precipitation Amount","2004 December","Valentia Observatory","Millimetres","114.3"
"Precipitation Amount","2004 December","Belmullet","Millimetres","141.2"
"Precipitation Amount","2004 December","Shannon Airport","Millimetres","91"
"Precipitation Amount","2004 December","Dublin Airport","Millimetres","45"
"Precipitation Amount","2004 December","Mullingar","Millimetres","86.4"
"Precipitation Amount","2004 December","Cork Airport","Millimetres","70"
"Precipitation Amount","2004 December","Casement","Millimetres","51.1"
"Precipitation Amount","2004 December","Phoenix Park","Millimetres","50.7"
"Precipitation Amount","2004 December","Roches Point","Millimetres","49.7"
"Precipitation Amount","2004 December","Markree","Millimetres",""
"Precipitation Amount","2005 January","Malin Head","Millimetres","138.9"
"Precipitation Amount","2005 January","Claremorris","Millimetres",""
"Precipitation Amount","2005 January","Valentia Observatory","Millimetres","185.6"
"Precipitation Amount","2005 January","Belmullet","Millimetres","206.1"
"Precipitation Amount","2005 January","Shannon Airport","Millimetres","123.4"
"Precipitation Amount","2005 January","Dublin Airport","Millimetres","64"
"Precipitation Amount","2005 January","Mullingar","Millimetres","127.3"
"Precipitation Amount","2005 January","Cork Airport","Millimetres","125.4"
"Precipitation Amount","2005 January","Casement","Millimetres","75.1"
"Precipitation Amount","2005 January","Phoenix Park","Millimetres","69.3"
"Precipitation Amount","2005 January","Roches Point","Millimetres","75.1"
"Precipitation Amount","2005 January","Markree","Millimetres",""
"Precipitation Amount","2005 February","Malin Head","Millimetres","75.2"
"Precipitation Amount","2005 February","Claremorris","Millimetres","58.6"
"Precipitation Amount","2005 February","Valentia Observatory","Millimetres","88"
"Precipitation Amount","2005 February","Belmullet","Millimetres","60.4"
"Precipitation Amount","2005 February","Shannon Airport","Millimetres","44.9"
"Precipitation Amount","2005 February","Dublin Airport","Millimetres","40.6"
"Precipitation Amount","2005 February","Mullingar","Millimetres","36.5"
"Precipitation Amount","2005 February","Cork Airport","Millimetres","28.9"
"Precipitation Amount","2005 February","Casement","Millimetres","48.4"
"Precipitation Amount","2005 February","Phoenix Park","Millimetres","43.9"
"Precipitation Amount","2005 February","Roches Point","Millimetres","27.6"
"Precipitation Amount","2005 February","Markree","Millimetres",""
"Precipitation Amount","2005 March","Malin Head","Millimetres","63.9"
"Precipitation Amount","2005 March","Claremorris","Millimetres",""
"Precipitation Amount","2005 March","Valentia Observatory","Millimetres","80.4"
"Precipitation Amount","2005 March","Belmullet","Millimetres","40.8"
"Precipitation Amount","2005 March","Shannon Airport","Millimetres","60.7"
"Precipitation Amount","2005 March","Dublin Airport","Millimetres","21.9"
"Precipitation Amount","2005 March","Mullingar","Millimetres","63.5"
"Precipitation Amount","2005 March","Cork Airport","Millimetres","83.1"
"Precipitation Amount","2005 March","Casement","Millimetres","15.4"
"Precipitation Amount","2005 March","Phoenix Park","Millimetres","14.9"
"Precipitation Amount","2005 March","Roches Point","Millimetres","76.6"
"Precipitation Amount","2005 March","Markree","Millimetres",""
"Precipitation Amount","2005 April","Malin Head","Millimetres","80.3"
"Precipitation Amount","2005 April","Claremorris","Millimetres","99.3"
"Precipitation Amount","2005 April","Valentia Observatory","Millimetres","152.8"
"Precipitation Amount","2005 April","Belmullet","Millimetres","96.3"
"Precipitation Amount","2005 April","Shannon Airport","Millimetres","92"
"Precipitation Amount","2005 April","Dublin Airport","Millimetres","71.6"
"Precipitation Amount","2005 April","Mullingar","Millimetres","81.6"
"Precipitation Amount","2005 April","Cork Airport","Millimetres","133.3"
"Precipitation Amount","2005 April","Casement","Millimetres","47.2"
"Precipitation Amount","2005 April","Phoenix Park","Millimetres","50.5"
"Precipitation Amount","2005 April","Roches Point","Millimetres","109.9"
"Precipitation Amount","2005 April","Markree","Millimetres",""
"Precipitation Amount","2005 May","Malin Head","Millimetres","77.4"
"Precipitation Amount","2005 May","Claremorris","Millimetres","130.4"
"Precipitation Amount","2005 May","Valentia Observatory","Millimetres","145.5"
"Precipitation Amount","2005 May","Belmullet","Millimetres","100"
"Precipitation Amount","2005 May","Shannon Airport","Millimetres","90"
"Precipitation Amount","2005 May","Dublin Airport","Millimetres","67.1"
"Precipitation Amount","2005 May","Mullingar","Millimetres","87.6"
"Precipitation Amount","2005 May","Cork Airport","Millimetres","89.1"
"Precipitation Amount","2005 May","Casement","Millimetres","56.8"
"Precipitation Amount","2005 May","Phoenix Park","Millimetres",""
"Precipitation Amount","2005 May","Roches Point","Millimetres",""
"Precipitation Amount","2005 May","Markree","Millimetres",""
"Precipitation Amount","2005 June","Malin Head","Millimetres","83.1"
"Precipitation Amount","2005 June","Claremorris","Millimetres","60"
"Precipitation Amount","2005 June","Valentia Observatory","Millimetres","93.7"
"Precipitation Amount","2005 June","Belmullet","Millimetres","74.9"
"Precipitation Amount","2005 June","Shannon Airport","Millimetres","56.6"
"Precipitation Amount","2005 June","Dublin Airport","Millimetres","31.2"
"Precipitation Amount","2005 June","Mullingar","Millimetres","36.9"
"Precipitation Amount","2005 June","Cork Airport","Millimetres","58.9"
"Precipitation Amount","2005 June","Casement","Millimetres","25.4"
"Precipitation Amount","2005 June","Phoenix Park","Millimetres","76.8"
"Precipitation Amount","2005 June","Roches Point","Millimetres","35.5"
"Precipitation Amount","2005 June","Markree","Millimetres","60.5"
"Precipitation Amount","2005 July","Malin Head","Millimetres","24.3"
"Precipitation Amount","2005 July","Claremorris","Millimetres","45.2"
"Precipitation Amount","2005 July","Valentia Observatory","Millimetres","78.3"
"Precipitation Amount","2005 July","Belmullet","Millimetres","32.3"
"Precipitation Amount","2005 July","Shannon Airport","Millimetres","45.9"
"Precipitation Amount","2005 July","Dublin Airport","Millimetres","83.4"
"Precipitation Amount","2005 July","Mullingar","Millimetres","67.3"
"Precipitation Amount","2005 July","Cork Airport","Millimetres","107.1"
"Precipitation Amount","2005 July","Casement","Millimetres","78.5"
"Precipitation Amount","2005 July","Phoenix Park","Millimetres","72.4"
"Precipitation Amount","2005 July","Roches Point","Millimetres","87.6"
"Precipitation Amount","2005 July","Markree","Millimetres","48.9"
"Precipitation Amount","2005 August","Malin Head","Millimetres","128"
"Precipitation Amount","2005 August","Claremorris","Millimetres","77.8"
"Precipitation Amount","2005 August","Valentia Observatory","Millimetres","83.7"
"Precipitation Amount","2005 August","Belmullet","Millimetres","88"
"Precipitation Amount","2005 August","Shannon Airport","Millimetres","71.4"
"Precipitation Amount","2005 August","Dublin Airport","Millimetres","26"
"Precipitation Amount","2005 August","Mullingar","Millimetres","58"
"Precipitation Amount","2005 August","Cork Airport","Millimetres","52.1"
"Precipitation Amount","2005 August","Casement","Millimetres","31.2"
"Precipitation Amount","2005 August","Phoenix Park","Millimetres",""
"Precipitation Amount","2005 August","Roches Point","Millimetres","38.8"
"Precipitation Amount","2005 August","Markree","Millimetres","82.9"
"Precipitation Amount","2005 September","Malin Head","Millimetres","93.2"
"Precipitation Amount","2005 September","Claremorris","Millimetres","101.3"
"Precipitation Amount","2005 September","Valentia Observatory","Millimetres","145.9"
"Precipitation Amount","2005 September","Belmullet","Millimetres","141.5"
"Precipitation Amount","2005 September","Shannon Airport","Millimetres","78.3"
"Precipitation Amount","2005 September","Dublin Airport","Millimetres","55.8"
"Precipitation Amount","2005 September","Mullingar","Millimetres","59.6"
"Precipitation Amount","2005 September","Cork Airport","Millimetres","110.8"
"Precipitation Amount","2005 September","Casement","Millimetres","50.2"
"Precipitation Amount","2005 September","Phoenix Park","Millimetres","47.1"
"Precipitation Amount","2005 September","Roches Point","Millimetres","67.4"
"Precipitation Amount","2005 September","Markree","Millimetres","94"
"Precipitation Amount","2005 October","Malin Head","Millimetres","110"
"Precipitation Amount","2005 October","Claremorris","Millimetres","116.5"
"Precipitation Amount","2005 October","Valentia Observatory","Millimetres","154.5"
"Precipitation Amount","2005 October","Belmullet","Millimetres","140.5"
"Precipitation Amount","2005 October","Shannon Airport","Millimetres","106.4"
"Precipitation Amount","2005 October","Dublin Airport","Millimetres","101.8"
"Precipitation Amount","2005 October","Mullingar","Millimetres","108.6"
"Precipitation Amount","2005 October","Cork Airport","Millimetres","219.8"
"Precipitation Amount","2005 October","Casement","Millimetres","83.5"
"Precipitation Amount","2005 October","Phoenix Park","Millimetres","92.7"
"Precipitation Amount","2005 October","Roches Point","Millimetres","148.3"
"Precipitation Amount","2005 October","Markree","Millimetres","71.7"
"Precipitation Amount","2005 November","Malin Head","Millimetres","101.8"
"Precipitation Amount","2005 November","Claremorris","Millimetres","103.7"
"Precipitation Amount","2005 November","Valentia Observatory","Millimetres","135.5"
"Precipitation Amount","2005 November","Belmullet","Millimetres","112.4"
"Precipitation Amount","2005 November","Shannon Airport","Millimetres","72.9"
"Precipitation Amount","2005 November","Dublin Airport","Millimetres","46.7"
"Precipitation Amount","2005 November","Mullingar","Millimetres","71"
"Precipitation Amount","2005 November","Cork Airport","Millimetres","104.8"
"Precipitation Amount","2005 November","Casement","Millimetres","50.6"
"Precipitation Amount","2005 November","Phoenix Park","Millimetres","48.9"
"Precipitation Amount","2005 November","Roches Point","Millimetres","73.2"
"Precipitation Amount","2005 November","Markree","Millimetres","111.4"
"Precipitation Amount","2005 December","Malin Head","Millimetres","110"
"Precipitation Amount","2005 December","Claremorris","Millimetres","95.9"
"Precipitation Amount","2005 December","Valentia Observatory","Millimetres","156.2"
"Precipitation Amount","2005 December","Belmullet","Millimetres","126.9"
"Precipitation Amount","2005 December","Shannon Airport","Millimetres","71.7"
"Precipitation Amount","2005 December","Dublin Airport","Millimetres","73"
"Precipitation Amount","2005 December","Mullingar","Millimetres","68.8"
"Precipitation Amount","2005 December","Cork Airport","Millimetres","78.4"
"Precipitation Amount","2005 December","Casement","Millimetres","61.9"
"Precipitation Amount","2005 December","Phoenix Park","Millimetres","61.5"
"Precipitation Amount","2005 December","Roches Point","Millimetres","69.8"
"Precipitation Amount","2005 December","Markree","Millimetres","116.4"
"Precipitation Amount","2006 January","Malin Head","Millimetres","67.6"
"Precipitation Amount","2006 January","Claremorris","Millimetres","74.1"
"Precipitation Amount","2006 January","Valentia Observatory","Millimetres","145"
"Precipitation Amount","2006 January","Belmullet","Millimetres","113.1"
"Precipitation Amount","2006 January","Shannon Airport","Millimetres","54.3"
"Precipitation Amount","2006 January","Dublin Airport","Millimetres","16.4"
"Precipitation Amount","2006 January","Mullingar","Millimetres","38.5"
"Precipitation Amount","2006 January","Cork Airport","Millimetres","48.9"
"Precipitation Amount","2006 January","Casement","Millimetres","17.9"
"Precipitation Amount","2006 January","Phoenix Park","Millimetres","16.7"
"Precipitation Amount","2006 January","Roches Point","Millimetres","32.7"
"Precipitation Amount","2006 January","Markree","Millimetres","60.6"
"Precipitation Amount","2006 February","Malin Head","Millimetres","39.8"
"Precipitation Amount","2006 February","Claremorris","Millimetres","49.6"
"Precipitation Amount","2006 February","Valentia Observatory","Millimetres","83"
"Precipitation Amount","2006 February","Belmullet","Millimetres","83.9"
"Precipitation Amount","2006 February","Shannon Airport","Millimetres","38.3"
"Precipitation Amount","2006 February","Dublin Airport","Millimetres","37.7"
"Precipitation Amount","2006 February","Mullingar","Millimetres","44.8"
"Precipitation Amount","2006 February","Cork Airport","Millimetres","29"
"Precipitation Amount","2006 February","Casement","Millimetres","45"
"Precipitation Amount","2006 February","Phoenix Park","Millimetres","37"
"Precipitation Amount","2006 February","Roches Point","Millimetres","26.9"
"Precipitation Amount","2006 February","Markree","Millimetres","48.5"
"Precipitation Amount","2006 March","Malin Head","Millimetres","108"
"Precipitation Amount","2006 March","Claremorris","Millimetres","106.7"
"Precipitation Amount","2006 March","Valentia Observatory","Millimetres","150.7"
"Precipitation Amount","2006 March","Belmullet","Millimetres","103.9"
"Precipitation Amount","2006 March","Shannon Airport","Millimetres","104.8"
"Precipitation Amount","2006 March","Dublin Airport","Millimetres","69.7"
"Precipitation Amount","2006 March","Mullingar","Millimetres","119.2"
"Precipitation Amount","2006 March","Cork Airport","Millimetres","111.4"
"Precipitation Amount","2006 March","Casement","Millimetres","53.2"
"Precipitation Amount","2006 March","Phoenix Park","Millimetres","70.3"
"Precipitation Amount","2006 March","Roches Point","Millimetres","101.6"
"Precipitation Amount","2006 March","Markree","Millimetres","121.9"
"Precipitation Amount","2006 April","Malin Head","Millimetres","69.4"
"Precipitation Amount","2006 April","Claremorris","Millimetres","53.5"
"Precipitation Amount","2006 April","Valentia Observatory","Millimetres","81.3"
"Precipitation Amount","2006 April","Belmullet","Millimetres","74.5"
"Precipitation Amount","2006 April","Shannon Airport","Millimetres","31"
"Precipitation Amount","2006 April","Dublin Airport","Millimetres","41.1"
"Precipitation Amount","2006 April","Mullingar","Millimetres","50.6"
"Precipitation Amount","2006 April","Cork Airport","Millimetres","31"
"Precipitation Amount","2006 April","Casement","Millimetres","27.8"
"Precipitation Amount","2006 April","Phoenix Park","Millimetres","34"
"Precipitation Amount","2006 April","Roches Point","Millimetres","26.7"
"Precipitation Amount","2006 April","Markree","Millimetres","62"
"Precipitation Amount","2006 May","Malin Head","Millimetres","73.9"
"Precipitation Amount","2006 May","Claremorris","Millimetres","166.9"
"Precipitation Amount","2006 May","Valentia Observatory","Millimetres","208.2"
"Precipitation Amount","2006 May","Belmullet","Millimetres","123.9"
"Precipitation Amount","2006 May","Shannon Airport","Millimetres","126.2"
"Precipitation Amount","2006 May","Dublin Airport","Millimetres","116.9"
"Precipitation Amount","2006 May","Mullingar","Millimetres","133.7"
"Precipitation Amount","2006 May","Cork Airport","Millimetres","134.5"
"Precipitation Amount","2006 May","Casement","Millimetres","75.4"
"Precipitation Amount","2006 May","Phoenix Park","Millimetres","105.2"
"Precipitation Amount","2006 May","Roches Point","Millimetres","120.5"
"Precipitation Amount","2006 May","Markree","Millimetres","118.3"
"Precipitation Amount","2006 June","Malin Head","Millimetres","63.3"
"Precipitation Amount","2006 June","Claremorris","Millimetres","39.1"
"Precipitation Amount","2006 June","Valentia Observatory","Millimetres","46.8"
"Precipitation Amount","2006 June","Belmullet","Millimetres","34.1"
"Precipitation Amount","2006 June","Shannon Airport","Millimetres","19.2"
"Precipitation Amount","2006 June","Dublin Airport","Millimetres","26.5"
"Precipitation Amount","2006 June","Mullingar","Millimetres","20.8"
"Precipitation Amount","2006 June","Cork Airport","Millimetres","14.6"
"Precipitation Amount","2006 June","Casement","Millimetres","19.7"
"Precipitation Amount","2006 June","Phoenix Park","Millimetres","21"
"Precipitation Amount","2006 June","Roches Point","Millimetres","17.3"
"Precipitation Amount","2006 June","Markree","Millimetres","36.7"
"Precipitation Amount","2006 July","Malin Head","Millimetres","71.7"
"Precipitation Amount","2006 July","Claremorris","Millimetres","47.9"
"Precipitation Amount","2006 July","Valentia Observatory","Millimetres","102.6"
"Precipitation Amount","2006 July","Belmullet","Millimetres","72.4"
"Precipitation Amount","2006 July","Shannon Airport","Millimetres","28.4"
"Precipitation Amount","2006 July","Dublin Airport","Millimetres","18.2"
"Precipitation Amount","2006 July","Mullingar","Millimetres","48.3"
"Precipitation Amount","2006 July","Cork Airport","Millimetres","58.3"
"Precipitation Amount","2006 July","Casement","Millimetres","13.5"
"Precipitation Amount","2006 July","Phoenix Park","Millimetres","14.4"
"Precipitation Amount","2006 July","Roches Point","Millimetres","36.9"
"Precipitation Amount","2006 July","Markree","Millimetres","53.5"
"Precipitation Amount","2006 August","Malin Head","Millimetres","62"
"Precipitation Amount","2006 August","Claremorris","Millimetres","53.3"
"Precipitation Amount","2006 August","Valentia Observatory","Millimetres","52.1"
"Precipitation Amount","2006 August","Belmullet","Millimetres","33.5"
"Precipitation Amount","2006 August","Shannon Airport","Millimetres","41.7"
"Precipitation Amount","2006 August","Dublin Airport","Millimetres","57.6"
"Precipitation Amount","2006 August","Mullingar","Millimetres","60.3"
"Precipitation Amount","2006 August","Cork Airport","Millimetres","67.2"
"Precipitation Amount","2006 August","Casement","Millimetres","66.2"
"Precipitation Amount","2006 August","Phoenix Park","Millimetres","56.6"
"Precipitation Amount","2006 August","Roches Point","Millimetres","50.5"
"Precipitation Amount","2006 August","Markree","Millimetres","84.3"
"Precipitation Amount","2006 September","Malin Head","Millimetres","122.8"
"Precipitation Amount","2006 September","Claremorris","Millimetres","162.2"
"Precipitation Amount","2006 September","Valentia Observatory","Millimetres","263.9"
"Precipitation Amount","2006 September","Belmullet","Millimetres","194.7"
"Precipitation Amount","2006 September","Shannon Airport","Millimetres","149"
"Precipitation Amount","2006 September","Dublin Airport","Millimetres","85.2"
"Precipitation Amount","2006 September","Mullingar","Millimetres","133.9"
"Precipitation Amount","2006 September","Cork Airport","Millimetres","178.6"
"Precipitation Amount","2006 September","Casement","Millimetres","73.6"
"Precipitation Amount","2006 September","Phoenix Park","Millimetres","80.6"
"Precipitation Amount","2006 September","Roches Point","Millimetres","156.3"
"Precipitation Amount","2006 September","Markree","Millimetres","113.4"
"Precipitation Amount","2006 October","Malin Head","Millimetres","127.3"
"Precipitation Amount","2006 October","Claremorris","Millimetres","123.5"
"Precipitation Amount","2006 October","Valentia Observatory","Millimetres","171.8"
"Precipitation Amount","2006 October","Belmullet","Millimetres","135.8"
"Precipitation Amount","2006 October","Shannon Airport","Millimetres","93.7"
"Precipitation Amount","2006 October","Dublin Airport","Millimetres","107"
"Precipitation Amount","2006 October","Mullingar","Millimetres","106.3"
"Precipitation Amount","2006 October","Cork Airport","Millimetres","188.3"
"Precipitation Amount","2006 October","Casement","Millimetres","87.4"
"Precipitation Amount","2006 October","Phoenix Park","Millimetres","100.5"
"Precipitation Amount","2006 October","Roches Point","Millimetres","134.6"
"Precipitation Amount","2006 October","Markree","Millimetres","108.3"
"Precipitation Amount","2006 November","Malin Head","Millimetres","168.1"
"Precipitation Amount","2006 November","Claremorris","Millimetres","141.7"
"Precipitation Amount","2006 November","Valentia Observatory","Millimetres","228.2"
"Precipitation Amount","2006 November","Belmullet","Millimetres","184.9"
"Precipitation Amount","2006 November","Shannon Airport","Millimetres","115.2"
"Precipitation Amount","2006 November","Dublin Airport","Millimetres","69.1"
"Precipitation Amount","2006 November","Mullingar","Millimetres","88.4"
"Precipitation Amount","2006 November","Cork Airport","Millimetres","154.9"
"Precipitation Amount","2006 November","Casement","Millimetres","89.3"
"Precipitation Amount","2006 November","Phoenix Park","Millimetres","82.1"
"Precipitation Amount","2006 November","Roches Point","Millimetres","173.2"
"Precipitation Amount","2006 November","Markree","Millimetres","121.1"
"Precipitation Amount","2006 December","Malin Head","Millimetres","183"
"Precipitation Amount","2006 December","Claremorris","Millimetres","199.2"
"Precipitation Amount","2006 December","Valentia Observatory","Millimetres","227.1"
"Precipitation Amount","2006 December","Belmullet","Millimetres","244.5"
"Precipitation Amount","2006 December","Shannon Airport","Millimetres","166.7"
"Precipitation Amount","2006 December","Dublin Airport","Millimetres","94.6"
"Precipitation Amount","2006 December","Mullingar","Millimetres","159.7"
"Precipitation Amount","2006 December","Cork Airport","Millimetres","181.6"
"Precipitation Amount","2006 December","Casement","Millimetres","107.5"
"Precipitation Amount","2006 December","Phoenix Park","Millimetres","100.7"
"Precipitation Amount","2006 December","Roches Point","Millimetres","154.5"
"Precipitation Amount","2006 December","Markree","Millimetres","159.1"
"Precipitation Amount","2007 January","Malin Head","Millimetres","165.3"
"Precipitation Amount","2007 January","Claremorris","Millimetres","132.2"
"Precipitation Amount","2007 January","Valentia Observatory","Millimetres","108.1"
"Precipitation Amount","2007 January","Belmullet","Millimetres","151"
"Precipitation Amount","2007 January","Shannon Airport","Millimetres","93.5"
"Precipitation Amount","2007 January","Dublin Airport","Millimetres","73.2"
"Precipitation Amount","2007 January","Mullingar","Millimetres","125.9"
"Precipitation Amount","2007 January","Cork Airport","Millimetres","89.4"
"Precipitation Amount","2007 January","Casement","Millimetres","72.7"
"Precipitation Amount","2007 January","Phoenix Park","Millimetres","70.5"
"Precipitation Amount","2007 January","Roches Point","Millimetres","69.9"
"Precipitation Amount","2007 January","Markree","Millimetres","150.8"
"Precipitation Amount","2007 February","Malin Head","Millimetres","68.4"
"Precipitation Amount","2007 February","Claremorris","Millimetres","102"
"Precipitation Amount","2007 February","Valentia Observatory","Millimetres","201.4"
"Precipitation Amount","2007 February","Belmullet","Millimetres","75.8"
"Precipitation Amount","2007 February","Shannon Airport","Millimetres","71.4"
"Precipitation Amount","2007 February","Dublin Airport","Millimetres","77.8"
"Precipitation Amount","2007 February","Mullingar","Millimetres","79.1"
"Precipitation Amount","2007 February","Cork Airport","Millimetres","141.9"
"Precipitation Amount","2007 February","Casement","Millimetres","58"
"Precipitation Amount","2007 February","Phoenix Park","Millimetres","61.2"
"Precipitation Amount","2007 February","Roches Point","Millimetres","126.4"
"Precipitation Amount","2007 February","Markree","Millimetres","69.9"
"Precipitation Amount","2007 March","Malin Head","Millimetres","60.6"
"Precipitation Amount","2007 March","Claremorris","Millimetres","95.4"
"Precipitation Amount","2007 March","Valentia Observatory","Millimetres","111"
"Precipitation Amount","2007 March","Belmullet","Millimetres","100.9"
"Precipitation Amount","2007 March","Shannon Airport","Millimetres","62.9"
"Precipitation Amount","2007 March","Dublin Airport","Millimetres","38.8"
"Precipitation Amount","2007 March","Mullingar","Millimetres","71.6"
"Precipitation Amount","2007 March","Cork Airport","Millimetres","89.3"
"Precipitation Amount","2007 March","Casement","Millimetres","46"
"Precipitation Amount","2007 March","Phoenix Park","Millimetres","45.3"
"Precipitation Amount","2007 March","Roches Point","Millimetres","57.9"
"Precipitation Amount","2007 March","Markree","Millimetres","89.6"
"Precipitation Amount","2007 April","Malin Head","Millimetres","32.6"
"Precipitation Amount","2007 April","Claremorris","Millimetres","22.8"
"Precipitation Amount","2007 April","Valentia Observatory","Millimetres","50.9"
"Precipitation Amount","2007 April","Belmullet","Millimetres","54.7"
"Precipitation Amount","2007 April","Shannon Airport","Millimetres","11.2"
"Precipitation Amount","2007 April","Dublin Airport","Millimetres","14.7"
"Precipitation Amount","2007 April","Mullingar","Millimetres","26"
"Precipitation Amount","2007 April","Cork Airport","Millimetres","27"
"Precipitation Amount","2007 April","Casement","Millimetres","5.4"
"Precipitation Amount","2007 April","Phoenix Park","Millimetres","8"
"Precipitation Amount","2007 April","Roches Point","Millimetres","39.2"
"Precipitation Amount","2007 April","Markree","Millimetres","22"
"Precipitation Amount","2007 May","Malin Head","Millimetres","101.8"
"Precipitation Amount","2007 May","Claremorris","Millimetres","70.5"
"Precipitation Amount","2007 May","Valentia Observatory","Millimetres","76.6"
"Precipitation Amount","2007 May","Belmullet","Millimetres","73.7"
"Precipitation Amount","2007 May","Shannon Airport","Millimetres","66.3"
"Precipitation Amount","2007 May","Dublin Airport","Millimetres","35"
"Precipitation Amount","2007 May","Mullingar","Millimetres","69.3"
"Precipitation Amount","2007 May","Cork Airport","Millimetres","64.6"
"Precipitation Amount","2007 May","Casement","Millimetres","39.1"
"Precipitation Amount","2007 May","Phoenix Park","Millimetres","32.1"
"Precipitation Amount","2007 May","Roches Point","Millimetres","56.3"
"Precipitation Amount","2007 May","Markree","Millimetres","84.5"
"Precipitation Amount","2007 June","Malin Head","Millimetres","83.3"
"Precipitation Amount","2007 June","Claremorris","Millimetres","100.2"
"Precipitation Amount","2007 June","Valentia Observatory","Millimetres","148.9"
"Precipitation Amount","2007 June","Belmullet","Millimetres","71.5"
"Precipitation Amount","2007 June","Shannon Airport","Millimetres","103.6"
"Precipitation Amount","2007 June","Dublin Airport","Millimetres","126.4"
"Precipitation Amount","2007 June","Mullingar","Millimetres","113.6"
"Precipitation Amount","2007 June","Cork Airport","Millimetres","155.7"
"Precipitation Amount","2007 June","Casement","Millimetres","131.3"
"Precipitation Amount","2007 June","Phoenix Park","Millimetres","164.9"
"Precipitation Amount","2007 June","Roches Point","Millimetres","154.9"
"Precipitation Amount","2007 June","Markree","Millimetres","73.3"
"Precipitation Amount","2007 July","Malin Head","Millimetres","98.3"
"Precipitation Amount","2007 July","Claremorris","Millimetres","127.9"
"Precipitation Amount","2007 July","Valentia Observatory","Millimetres","81.1"
"Precipitation Amount","2007 July","Belmullet","Millimetres","96.9"
"Precipitation Amount","2007 July","Shannon Airport","Millimetres","96.9"
"Precipitation Amount","2007 July","Dublin Airport","Millimetres","127.1"
"Precipitation Amount","2007 July","Mullingar","Millimetres","156.4"
"Precipitation Amount","2007 July","Cork Airport","Millimetres","117.5"
"Precipitation Amount","2007 July","Casement","Millimetres","151.6"
"Precipitation Amount","2007 July","Phoenix Park","Millimetres","125.3"
"Precipitation Amount","2007 July","Roches Point","Millimetres","124.7"
"Precipitation Amount","2007 July","Markree","Millimetres","165.1"
"Precipitation Amount","2007 August","Malin Head","Millimetres","92.4"
"Precipitation Amount","2007 August","Claremorris","Millimetres","78.9"
"Precipitation Amount","2007 August","Valentia Observatory","Millimetres","103.9"
"Precipitation Amount","2007 August","Belmullet","Millimetres","92.7"
"Precipitation Amount","2007 August","Shannon Airport","Millimetres","100.6"
"Precipitation Amount","2007 August","Dublin Airport","Millimetres","95.5"
"Precipitation Amount","2007 August","Mullingar","Millimetres","100.1"
"Precipitation Amount","2007 August","Cork Airport","Millimetres","80.2"
"Precipitation Amount","2007 August","Casement","Millimetres","107.5"
"Precipitation Amount","2007 August","Phoenix Park","Millimetres","99.5"
"Precipitation Amount","2007 August","Roches Point","Millimetres","86"
"Precipitation Amount","2007 August","Markree","Millimetres","101.6"
"Precipitation Amount","2007 September","Malin Head","Millimetres","80.4"
"Precipitation Amount","2007 September","Claremorris","Millimetres","60.9"
"Precipitation Amount","2007 September","Valentia Observatory","Millimetres","76.5"
"Precipitation Amount","2007 September","Belmullet","Millimetres","61.6"
"Precipitation Amount","2007 September","Shannon Airport","Millimetres","51.6"
"Precipitation Amount","2007 September","Dublin Airport","Millimetres","39.2"
"Precipitation Amount","2007 September","Mullingar","Millimetres","42"
"Precipitation Amount","2007 September","Cork Airport","Millimetres","36.3"
"Precipitation Amount","2007 September","Casement","Millimetres","40.7"
"Precipitation Amount","2007 September","Phoenix Park","Millimetres","38.3"
"Precipitation Amount","2007 September","Roches Point","Millimetres","21.4"
"Precipitation Amount","2007 September","Markree","Millimetres","94"
"Precipitation Amount","2007 October","Malin Head","Millimetres","73"
"Precipitation Amount","2007 October","Claremorris","Millimetres","91.1"
"Precipitation Amount","2007 October","Valentia Observatory","Millimetres","105.7"
"Precipitation Amount","2007 October","Belmullet","Millimetres","105.6"
"Precipitation Amount","2007 October","Shannon Airport","Millimetres","44.3"
"Precipitation Amount","2007 October","Dublin Airport","Millimetres","15.7"
"Precipitation Amount","2007 October","Mullingar","Millimetres","44.4"
"Precipitation Amount","2007 October","Cork Airport","Millimetres","64"
"Precipitation Amount","2007 October","Casement","Millimetres","16.9"
"Precipitation Amount","2007 October","Phoenix Park","Millimetres","19.6"
"Precipitation Amount","2007 October","Roches Point","Millimetres","41.4"
"Precipitation Amount","2007 October","Markree","Millimetres","67.7"
"Precipitation Amount","2007 November","Malin Head","Millimetres","101.1"
"Precipitation Amount","2007 November","Claremorris","Millimetres","80"
"Precipitation Amount","2007 November","Valentia Observatory","Millimetres","95.2"
"Precipitation Amount","2007 November","Belmullet","Millimetres","108.4"
"Precipitation Amount","2007 November","Shannon Airport","Millimetres","52.9"
"Precipitation Amount","2007 November","Dublin Airport","Millimetres","53.8"
"Precipitation Amount","2007 November","Mullingar","Millimetres","53.2"
"Precipitation Amount","2007 November","Cork Airport","Millimetres","56.8"
"Precipitation Amount","2007 November","Casement","Millimetres","74.6"
"Precipitation Amount","2007 November","Phoenix Park","Millimetres","62.7"
"Precipitation Amount","2007 November","Roches Point","Millimetres","56.8"
"Precipitation Amount","2007 November","Markree","Millimetres","75.8"
"Precipitation Amount","2007 December","Malin Head","Millimetres","114.4"
"Precipitation Amount","2007 December","Claremorris","Millimetres","165"
"Precipitation Amount","2007 December","Valentia Observatory","Millimetres","192.4"
"Precipitation Amount","2007 December","Belmullet","Millimetres","147.8"
"Precipitation Amount","2007 December","Shannon Airport","Millimetres","166.3"
"Precipitation Amount","2007 December","Dublin Airport","Millimetres","63.8"
"Precipitation Amount","2007 December","Mullingar","Millimetres","113.4"
"Precipitation Amount","2007 December","Cork Airport","Millimetres","134.7"
"Precipitation Amount","2007 December","Casement","Millimetres","67.5"
"Precipitation Amount","2007 December","Phoenix Park","Millimetres","65.1"
"Precipitation Amount","2007 December","Roches Point","Millimetres","90.7"
"Precipitation Amount","2007 December","Markree","Millimetres","147"
"Precipitation Amount","2008 January","Malin Head","Millimetres","188.8"
"Precipitation Amount","2008 January","Claremorris","Millimetres","179.2"
"Precipitation Amount","2008 January","Valentia Observatory","Millimetres","274.1"
"Precipitation Amount","2008 January","Belmullet","Millimetres","169.5"
"Precipitation Amount","2008 January","Shannon Airport","Millimetres","220.7"
"Precipitation Amount","2008 January","Dublin Airport","Millimetres","97.4"
"Precipitation Amount","2008 January","Mullingar","Millimetres","138.5"
"Precipitation Amount","2008 January","Cork Airport","Millimetres","193.1"
"Precipitation Amount","2008 January","Casement","Millimetres","111.1"
"Precipitation Amount","2008 January","Phoenix Park","Millimetres","99.6"
"Precipitation Amount","2008 January","Roches Point","Millimetres","136.6"
"Precipitation Amount","2008 January","Markree","Millimetres","157.3"
"Precipitation Amount","2008 February","Malin Head","Millimetres","89"
"Precipitation Amount","2008 February","Claremorris","Millimetres","116.3"
"Precipitation Amount","2008 February","Valentia Observatory","Millimetres","110.4"
"Precipitation Amount","2008 February","Belmullet","Millimetres","120.2"
"Precipitation Amount","2008 February","Shannon Airport","Millimetres","62.1"
"Precipitation Amount","2008 February","Dublin Airport","Millimetres","14.7"
"Precipitation Amount","2008 February","Mullingar","Millimetres","54.6"
"Precipitation Amount","2008 February","Cork Airport","Millimetres","51.8"
"Precipitation Amount","2008 February","Casement","Millimetres","18.7"
"Precipitation Amount","2008 February","Phoenix Park","Millimetres","16.4"
"Precipitation Amount","2008 February","Roches Point","Millimetres","33.6"
"Precipitation Amount","2008 February","Markree","Millimetres","84.6"
"Precipitation Amount","2008 March","Malin Head","Millimetres","140.5"
"Precipitation Amount","2008 March","Claremorris","Millimetres","122.7"
"Precipitation Amount","2008 March","Valentia Observatory","Millimetres","164"
"Precipitation Amount","2008 March","Belmullet","Millimetres","156.1"
"Precipitation Amount","2008 March","Shannon Airport","Millimetres","102.7"
"Precipitation Amount","2008 March","Dublin Airport","Millimetres","101.8"
"Precipitation Amount","2008 March","Mullingar","Millimetres","91.6"
"Precipitation Amount","2008 March","Cork Airport","Millimetres","113.2"
"Precipitation Amount","2008 March","Casement","Millimetres","98.9"
"Precipitation Amount","2008 March","Phoenix Park","Millimetres","100.3"
"Precipitation Amount","2008 March","Roches Point","Millimetres","78.8"
"Precipitation Amount","2008 March","Markree","Millimetres","137.4"
"Precipitation Amount","2008 April","Malin Head","Millimetres","49.4"
"Precipitation Amount","2008 April","Claremorris","Millimetres","79.1"
"Precipitation Amount","2008 April","Valentia Observatory","Millimetres","51"
"Precipitation Amount","2008 April","Belmullet","Millimetres","69"
"Precipitation Amount","2008 April","Shannon Airport","Millimetres","49.6"
"Precipitation Amount","2008 April","Dublin Airport","Millimetres","27.6"
"Precipitation Amount","2008 April","Mullingar","Millimetres","59.1"
"Precipitation Amount","2008 April","Cork Airport","Millimetres","54"
"Precipitation Amount","2008 April","Casement","Millimetres","33"
"Precipitation Amount","2008 April","Phoenix Park","Millimetres","38.6"
"Precipitation Amount","2008 April","Roches Point","Millimetres","37.9"
"Precipitation Amount","2008 April","Markree","Millimetres","61.4"
"Precipitation Amount","2008 May","Malin Head","Millimetres","15.1"
"Precipitation Amount","2008 May","Claremorris","Millimetres","28.7"
"Precipitation Amount","2008 May","Valentia Observatory","Millimetres","103.3"
"Precipitation Amount","2008 May","Belmullet","Millimetres","40.2"
"Precipitation Amount","2008 May","Shannon Airport","Millimetres","35.8"
"Precipitation Amount","2008 May","Dublin Airport","Millimetres","32.7"
"Precipitation Amount","2008 May","Mullingar","Millimetres","23.4"
"Precipitation Amount","2008 May","Cork Airport","Millimetres","75.6"
"Precipitation Amount","2008 May","Casement","Millimetres","37.1"
"Precipitation Amount","2008 May","Phoenix Park","Millimetres","38.2"
"Precipitation Amount","2008 May","Roches Point","Millimetres","58.9"
"Precipitation Amount","2008 May","Markree","Millimetres","35.4"
"Precipitation Amount","2008 June","Malin Head","Millimetres","74.6"
"Precipitation Amount","2008 June","Claremorris","Millimetres","94.9"
"Precipitation Amount","2008 June","Valentia Observatory","Millimetres","134.3"
"Precipitation Amount","2008 June","Belmullet","Millimetres","117"
"Precipitation Amount","2008 June","Shannon Airport","Millimetres","105.8"
"Precipitation Amount","2008 June","Dublin Airport","Millimetres","76.4"
"Precipitation Amount","2008 June","Mullingar","Millimetres","84.7"
"Precipitation Amount","2008 June","Cork Airport","Millimetres","128.9"
"Precipitation Amount","2008 June","Casement","Millimetres","70.2"
"Precipitation Amount","2008 June","Phoenix Park","Millimetres","74.5"
"Precipitation Amount","2008 June","Roches Point","Millimetres","103.9"
"Precipitation Amount","2008 June","Markree","Millimetres","119.6"
"Precipitation Amount","2008 July","Malin Head","Millimetres","126"
"Precipitation Amount","2008 July","Claremorris","Millimetres","74"
"Precipitation Amount","2008 July","Valentia Observatory","Millimetres","106.3"
"Precipitation Amount","2008 July","Belmullet","Millimetres","54.4"
"Precipitation Amount","2008 July","Shannon Airport","Millimetres","94.4"
"Precipitation Amount","2008 July","Dublin Airport","Millimetres","111.4"
"Precipitation Amount","2008 July","Mullingar","Millimetres","110.1"
"Precipitation Amount","2008 July","Cork Airport","Millimetres","155.8"
"Precipitation Amount","2008 July","Casement","Millimetres","102"
"Precipitation Amount","2008 July","Phoenix Park","Millimetres","104.4"
"Precipitation Amount","2008 July","Roches Point","Millimetres","139.5"
"Precipitation Amount","2008 July","Markree","Millimetres","82.2"
"Precipitation Amount","2008 August","Malin Head","Millimetres","123.2"
"Precipitation Amount","2008 August","Claremorris","Millimetres","187.3"
"Precipitation Amount","2008 August","Valentia Observatory","Millimetres","181.7"
"Precipitation Amount","2008 August","Belmullet","Millimetres","192.3"
"Precipitation Amount","2008 August","Shannon Airport","Millimetres","187.8"
"Precipitation Amount","2008 August","Dublin Airport","Millimetres","189.9"
"Precipitation Amount","2008 August","Mullingar","Millimetres","154.5"
"Precipitation Amount","2008 August","Cork Airport","Millimetres","165.1"
"Precipitation Amount","2008 August","Casement","Millimetres","172.2"
"Precipitation Amount","2008 August","Phoenix Park","Millimetres","187.4"
"Precipitation Amount","2008 August","Roches Point","Millimetres","134.2"
"Precipitation Amount","2008 August","Markree","Millimetres","162.8"
"Precipitation Amount","2008 September","Malin Head","Millimetres","87.8"
"Precipitation Amount","2008 September","Claremorris","Millimetres","108.5"
"Precipitation Amount","2008 September","Valentia Observatory","Millimetres","87.5"
"Precipitation Amount","2008 September","Belmullet","Millimetres","111.3"
"Precipitation Amount","2008 September","Shannon Airport","Millimetres","86.5"
"Precipitation Amount","2008 September","Dublin Airport","Millimetres","114.1"
"Precipitation Amount","2008 September","Mullingar","Millimetres","104.8"
"Precipitation Amount","2008 September","Cork Airport","Millimetres","123.6"
"Precipitation Amount","2008 September","Casement","Millimetres","123.5"
"Precipitation Amount","2008 September","Phoenix Park","Millimetres","113.3"
"Precipitation Amount","2008 September","Roches Point","Millimetres","76.8"
"Precipitation Amount","2008 September","Markree","Millimetres","118.3"
"Precipitation Amount","2008 October","Malin Head","Millimetres","146.9"
"Precipitation Amount","2008 October","Claremorris","Millimetres","182.6"
"Precipitation Amount","2008 October","Valentia Observatory","Millimetres","245"
"Precipitation Amount","2008 October","Belmullet","Millimetres","178.6"
"Precipitation Amount","2008 October","Shannon Airport","Millimetres","156.6"
"Precipitation Amount","2008 October","Dublin Airport","Millimetres","92.5"
"Precipitation Amount","2008 October","Mullingar","Millimetres","124"
"Precipitation Amount","2008 October","Cork Airport","Millimetres","139.8"
"Precipitation Amount","2008 October","Casement","Millimetres","112.3"
"Precipitation Amount","2008 October","Phoenix Park","Millimetres",""
"Precipitation Amount","2008 October","Roches Point","Millimetres","110.1"
"Precipitation Amount","2008 October","Markree","Millimetres","164.9"
"Precipitation Amount","2008 November","Malin Head","Millimetres","115.6"
"Precipitation Amount","2008 November","Claremorris","Millimetres","102.5"
"Precipitation Amount","2008 November","Valentia Observatory","Millimetres","110.7"
"Precipitation Amount","2008 November","Belmullet","Millimetres","134"
"Precipitation Amount","2008 November","Shannon Airport","Millimetres","92"
"Precipitation Amount","2008 November","Dublin Airport","Millimetres","44.7"
"Precipitation Amount","2008 November","Mullingar","Millimetres","78.2"
"Precipitation Amount","2008 November","Cork Airport","Millimetres","79.4"
"Precipitation Amount","2008 November","Casement","Millimetres","53.8"
"Precipitation Amount","2008 November","Phoenix Park","Millimetres","51.6"
"Precipitation Amount","2008 November","Roches Point","Millimetres","61"
"Precipitation Amount","2008 November","Markree","Millimetres","122.1"
"Precipitation Amount","2008 December","Malin Head","Millimetres","85.7"
"Precipitation Amount","2008 December","Claremorris","Millimetres","88.6"
"Precipitation Amount","2008 December","Valentia Observatory","Millimetres","104.8"
"Precipitation Amount","2008 December","Belmullet","Millimetres","97.3"
"Precipitation Amount","2008 December","Shannon Airport","Millimetres","75.3"
"Precipitation Amount","2008 December","Dublin Airport","Millimetres","39.4"
"Precipitation Amount","2008 December","Mullingar","Millimetres","61.5"
"Precipitation Amount","2008 December","Cork Airport","Millimetres","60.2"
"Precipitation Amount","2008 December","Casement","Millimetres","53.2"
"Precipitation Amount","2008 December","Phoenix Park","Millimetres","47.3"
"Precipitation Amount","2008 December","Roches Point","Millimetres","35.9"
"Precipitation Amount","2008 December","Markree","Millimetres","106.1"
"Precipitation Amount","2009 January","Malin Head","Millimetres","98.8"
"Precipitation Amount","2009 January","Claremorris","Millimetres","149.6"
"Precipitation Amount","2009 January","Valentia Observatory","Millimetres","290.6"
"Precipitation Amount","2009 January","Belmullet","Millimetres","142.6"
"Precipitation Amount","2009 January","Shannon Airport","Millimetres","120.4"
"Precipitation Amount","2009 January","Dublin Airport","Millimetres","62.1"
"Precipitation Amount","2009 January","Mullingar","Millimetres","104.6"
"Precipitation Amount","2009 January","Cork Airport","Millimetres","197.6"
"Precipitation Amount","2009 January","Casement","Millimetres","59.6"
"Precipitation Amount","2009 January","Phoenix Park","Millimetres","57"
"Precipitation Amount","2009 January","Roches Point","Millimetres","150.7"
"Precipitation Amount","2009 January","Markree","Millimetres","152.2"
"Precipitation Amount","2009 February","Malin Head","Millimetres","40.4"
"Precipitation Amount","2009 February","Claremorris","Millimetres","21.9"
"Precipitation Amount","2009 February","Valentia Observatory","Millimetres","54.6"
"Precipitation Amount","2009 February","Belmullet","Millimetres","43.6"
"Precipitation Amount","2009 February","Shannon Airport","Millimetres","15.7"
"Precipitation Amount","2009 February","Dublin Airport","Millimetres","56.1"
"Precipitation Amount","2009 February","Mullingar","Millimetres","25.8"
"Precipitation Amount","2009 February","Cork Airport","Millimetres","21.1"
"Precipitation Amount","2009 February","Casement","Millimetres","57.9"
"Precipitation Amount","2009 February","Phoenix Park","Millimetres","68.6"
"Precipitation Amount","2009 February","Roches Point","Millimetres","13.9"
"Precipitation Amount","2009 February","Markree","Millimetres","29.1"
"Precipitation Amount","2009 March","Malin Head","Millimetres","87.6"
"Precipitation Amount","2009 March","Claremorris","Millimetres","57.4"
"Precipitation Amount","2009 March","Valentia Observatory","Millimetres","82.8"
"Precipitation Amount","2009 March","Belmullet","Millimetres","92.9"
"Precipitation Amount","2009 March","Shannon Airport","Millimetres","64"
"Precipitation Amount","2009 March","Dublin Airport","Millimetres","26.2"
"Precipitation Amount","2009 March","Mullingar","Millimetres","40.7"
"Precipitation Amount","2009 March","Cork Airport","Millimetres","41.3"
"Precipitation Amount","2009 March","Casement","Millimetres","24.4"
"Precipitation Amount","2009 March","Phoenix Park","Millimetres","20.9"
"Precipitation Amount","2009 March","Roches Point","Millimetres","24.7"
"Precipitation Amount","2009 March","Markree","Millimetres","75.3"
"Precipitation Amount","2009 April","Malin Head","Millimetres","94.7"
"Precipitation Amount","2009 April","Claremorris","Millimetres","109.3"
"Precipitation Amount","2009 April","Valentia Observatory","Millimetres","162.5"
"Precipitation Amount","2009 April","Belmullet","Millimetres","105.3"
"Precipitation Amount","2009 April","Shannon Airport","Millimetres","86.5"
"Precipitation Amount","2009 April","Dublin Airport","Millimetres","71.1"
"Precipitation Amount","2009 April","Mullingar","Millimetres","102.9"
"Precipitation Amount","2009 April","Cork Airport","Millimetres","155"
"Precipitation Amount","2009 April","Casement","Millimetres","74.1"
"Precipitation Amount","2009 April","Phoenix Park","Millimetres","71.3"
"Precipitation Amount","2009 April","Roches Point","Millimetres","110.6"
"Precipitation Amount","2009 April","Markree","Millimetres","111.5"
"Precipitation Amount","2009 May","Malin Head","Millimetres","95.2"
"Precipitation Amount","2009 May","Claremorris","Millimetres","111"
"Precipitation Amount","2009 May","Valentia Observatory","Millimetres","107.7"
"Precipitation Amount","2009 May","Belmullet","Millimetres","90.8"
"Precipitation Amount","2009 May","Shannon Airport","Millimetres","103.2"
"Precipitation Amount","2009 May","Dublin Airport","Millimetres","75.5"
"Precipitation Amount","2009 May","Mullingar","Millimetres","75"
"Precipitation Amount","2009 May","Cork Airport","Millimetres","90.5"
"Precipitation Amount","2009 May","Casement","Millimetres","53.2"
"Precipitation Amount","2009 May","Phoenix Park","Millimetres","62.4"
"Precipitation Amount","2009 May","Roches Point","Millimetres","44.6"
"Precipitation Amount","2009 May","Markree","Millimetres","122.7"
"Precipitation Amount","2009 June","Malin Head","Millimetres","47.7"
"Precipitation Amount","2009 June","Claremorris","Millimetres","46.6"
"Precipitation Amount","2009 June","Valentia Observatory","Millimetres","94.2"
"Precipitation Amount","2009 June","Belmullet","Millimetres","49"
"Precipitation Amount","2009 June","Shannon Airport","Millimetres","58.5"
"Precipitation Amount","2009 June","Dublin Airport","Millimetres","64.3"
"Precipitation Amount","2009 June","Mullingar","Millimetres","86.6"
"Precipitation Amount","2009 June","Cork Airport","Millimetres","84.5"
"Precipitation Amount","2009 June","Casement","Millimetres","72.8"
"Precipitation Amount","2009 June","Phoenix Park","Millimetres","73.5"
"Precipitation Amount","2009 June","Roches Point","Millimetres","65.5"
"Precipitation Amount","2009 June","Markree","Millimetres","54.6"
"Precipitation Amount","2009 July","Malin Head","Millimetres","72.2"
"Precipitation Amount","2009 July","Claremorris","Millimetres","136.1"
"Precipitation Amount","2009 July","Valentia Observatory","Millimetres","255.5"
"Precipitation Amount","2009 July","Belmullet","Millimetres","109.5"
"Precipitation Amount","2009 July","Shannon Airport","Millimetres","115.3"
"Precipitation Amount","2009 July","Dublin Airport","Millimetres","165.4"
"Precipitation Amount","2009 July","Mullingar","Millimetres","196.3"
"Precipitation Amount","2009 July","Cork Airport","Millimetres","203.8"
"Precipitation Amount","2009 July","Casement","Millimetres","111"
"Precipitation Amount","2009 July","Phoenix Park","Millimetres","122.3"
"Precipitation Amount","2009 July","Roches Point","Millimetres","158.6"
"Precipitation Amount","2009 July","Markree","Millimetres","154.1"
"Precipitation Amount","2009 August","Malin Head","Millimetres","170.9"
"Precipitation Amount","2009 August","Claremorris","Millimetres","175.1"
"Precipitation Amount","2009 August","Valentia Observatory","Millimetres","270"
"Precipitation Amount","2009 August","Belmullet","Millimetres","193"
"Precipitation Amount","2009 August","Shannon Airport","Millimetres","120.9"
"Precipitation Amount","2009 August","Dublin Airport","Millimetres","69.5"
"Precipitation Amount","2009 August","Mullingar","Millimetres","135.2"
"Precipitation Amount","2009 August","Cork Airport","Millimetres","157.1"
"Precipitation Amount","2009 August","Casement","Millimetres","68.2"
"Precipitation Amount","2009 August","Phoenix Park","Millimetres","65.6"
"Precipitation Amount","2009 August","Roches Point","Millimetres","115.9"
"Precipitation Amount","2009 August","Markree","Millimetres","148.5"
"Precipitation Amount","2009 September","Malin Head","Millimetres","71"
"Precipitation Amount","2009 September","Claremorris","Millimetres","42.2"
"Precipitation Amount","2009 September","Valentia Observatory","Millimetres","92.9"
"Precipitation Amount","2009 September","Belmullet","Millimetres","50.7"
"Precipitation Amount","2009 September","Shannon Airport","Millimetres","58.3"
"Precipitation Amount","2009 September","Dublin Airport","Millimetres","24.2"
"Precipitation Amount","2009 September","Mullingar","Millimetres","38.1"
"Precipitation Amount","2009 September","Cork Airport","Millimetres","55.4"
"Precipitation Amount","2009 September","Casement","Millimetres","28.8"
"Precipitation Amount","2009 September","Phoenix Park","Millimetres","24.1"
"Precipitation Amount","2009 September","Roches Point","Millimetres","50.9"
"Precipitation Amount","2009 September","Markree","Millimetres","51.9"
"Precipitation Amount","2009 October","Malin Head","Millimetres","108.6"
"Precipitation Amount","2009 October","Claremorris","Millimetres","91.9"
"Precipitation Amount","2009 October","Valentia Observatory","Millimetres","205.1"
"Precipitation Amount","2009 October","Belmullet","Millimetres","99.4"
"Precipitation Amount","2009 October","Shannon Airport","Millimetres","87"
"Precipitation Amount","2009 October","Dublin Airport","Millimetres","63"
"Precipitation Amount","2009 October","Mullingar","Millimetres","89.7"
"Precipitation Amount","2009 October","Cork Airport","Millimetres","166.6"
"Precipitation Amount","2009 October","Casement","Millimetres","88.8"
"Precipitation Amount","2009 October","Phoenix Park","Millimetres","76.2"
"Precipitation Amount","2009 October","Roches Point","Millimetres","110.8"
"Precipitation Amount","2009 October","Markree","Millimetres","90.4"
"Precipitation Amount","2009 November","Malin Head","Millimetres","227.6"
"Precipitation Amount","2009 November","Claremorris","Millimetres","285.4"
"Precipitation Amount","2009 November","Valentia Observatory","Millimetres","360.3"
"Precipitation Amount","2009 November","Belmullet","Millimetres","221.6"
"Precipitation Amount","2009 November","Shannon Airport","Millimetres","263.2"
"Precipitation Amount","2009 November","Dublin Airport","Millimetres","171.3"
"Precipitation Amount","2009 November","Mullingar","Millimetres","213.6"
"Precipitation Amount","2009 November","Cork Airport","Millimetres","245.3"
"Precipitation Amount","2009 November","Casement","Millimetres","184.2"
"Precipitation Amount","2009 November","Phoenix Park","Millimetres","172.8"
"Precipitation Amount","2009 November","Roches Point","Millimetres","205.6"
"Precipitation Amount","2009 November","Markree","Millimetres","274.8"
"Precipitation Amount","2009 December","Malin Head","Millimetres","57"
"Precipitation Amount","2009 December","Claremorris","Millimetres","87.7"
"Precipitation Amount","2009 December","Valentia Observatory","Millimetres","198.7"
"Precipitation Amount","2009 December","Belmullet","Millimetres","127.9"
"Precipitation Amount","2009 December","Shannon Airport","Millimetres","72.7"
"Precipitation Amount","2009 December","Dublin Airport","Millimetres","69.1"
"Precipitation Amount","2009 December","Mullingar","Millimetres","73.9"
"Precipitation Amount","2009 December","Cork Airport","Millimetres","160.3"
"Precipitation Amount","2009 December","Casement","Millimetres","102.5"
"Precipitation Amount","2009 December","Phoenix Park","Millimetres","82.9"
"Precipitation Amount","2009 December","Roches Point","Millimetres","119.5"
"Precipitation Amount","2009 December","Markree","Millimetres","70.7"
"Precipitation Amount","2010 January","Malin Head","Millimetres","68.3"
"Precipitation Amount","2010 January","Claremorris","Millimetres","70.2"
"Precipitation Amount","2010 January","Valentia Observatory","Millimetres","161.5"
"Precipitation Amount","2010 January","Belmullet","Millimetres","108.6"
"Precipitation Amount","2010 January","Shannon Airport","Millimetres","30.8"
"Precipitation Amount","2010 January","Dublin Airport","Millimetres","45.2"
"Precipitation Amount","2010 January","Mullingar","Millimetres","45"
"Precipitation Amount","2010 January","Cork Airport","Millimetres","125.7"
"Precipitation Amount","2010 January","Casement","Millimetres","44.1"
"Precipitation Amount","2010 January","Phoenix Park","Millimetres","47.7"
"Precipitation Amount","2010 January","Roches Point","Millimetres","95.7"
"Precipitation Amount","2010 January","Markree","Millimetres","65.1"
"Precipitation Amount","2010 February","Malin Head","Millimetres","85.4"
"Precipitation Amount","2010 February","Claremorris","Millimetres","37.1"
"Precipitation Amount","2010 February","Valentia Observatory","Millimetres","65.5"
"Precipitation Amount","2010 February","Belmullet","Millimetres","81.1"
"Precipitation Amount","2010 February","Shannon Airport","Millimetres","35.1"
"Precipitation Amount","2010 February","Dublin Airport","Millimetres","36.7"
"Precipitation Amount","2010 February","Mullingar","Millimetres","41.9"
"Precipitation Amount","2010 February","Cork Airport","Millimetres","42.7"
"Precipitation Amount","2010 February","Casement","Millimetres","36.6"
"Precipitation Amount","2010 February","Phoenix Park","Millimetres","36.2"
"Precipitation Amount","2010 February","Roches Point","Millimetres","35.1"
"Precipitation Amount","2010 February","Markree","Millimetres","40.7"
"Precipitation Amount","2010 March","Malin Head","Millimetres","83.5"
"Precipitation Amount","2010 March","Claremorris","Millimetres","73.9"
"Precipitation Amount","2010 March","Valentia Observatory","Millimetres","125.9"
"Precipitation Amount","2010 March","Belmullet","Millimetres","57.9"
"Precipitation Amount","2010 March","Shannon Airport","Millimetres","80.4"
"Precipitation Amount","2010 March","Dublin Airport","Millimetres","54.8"
"Precipitation Amount","2010 March","Mullingar","Millimetres","82"
"Precipitation Amount","2010 March","Cork Airport","Millimetres","95.5"
"Precipitation Amount","2010 March","Casement","Millimetres","59.3"
"Precipitation Amount","2010 March","Phoenix Park","Millimetres","58.1"
"Precipitation Amount","2010 March","Roches Point","Millimetres",""
"Precipitation Amount","2010 March","Markree","Millimetres","60.7"
"Precipitation Amount","2010 April","Malin Head","Millimetres","51.9"
"Precipitation Amount","2010 April","Claremorris","Millimetres","85.1"
"Precipitation Amount","2010 April","Valentia Observatory","Millimetres","101.7"
"Precipitation Amount","2010 April","Belmullet","Millimetres","53.1"
"Precipitation Amount","2010 April","Shannon Airport","Millimetres","71.4"
"Precipitation Amount","2010 April","Dublin Airport","Millimetres","26.7"
"Precipitation Amount","2010 April","Mullingar","Millimetres","53.5"
"Precipitation Amount","2010 April","Cork Airport","Millimetres","41.3"
"Precipitation Amount","2010 April","Casement","Millimetres","32.7"
"Precipitation Amount","2010 April","Phoenix Park","Millimetres","23.1"
"Precipitation Amount","2010 April","Roches Point","Millimetres","37.1"
"Precipitation Amount","2010 April","Markree","Millimetres","59.9"
"Precipitation Amount","2010 May","Malin Head","Millimetres","50.7"
"Precipitation Amount","2010 May","Claremorris","Millimetres","24.4"
"Precipitation Amount","2010 May","Valentia Observatory","Millimetres","54.2"
"Precipitation Amount","2010 May","Belmullet","Millimetres","41.8"
"Precipitation Amount","2010 May","Shannon Airport","Millimetres","56.8"
"Precipitation Amount","2010 May","Dublin Airport","Millimetres","38"
"Precipitation Amount","2010 May","Mullingar","Millimetres","41.3"
"Precipitation Amount","2010 May","Cork Airport","Millimetres","47.5"
"Precipitation Amount","2010 May","Casement","Millimetres","44.9"
"Precipitation Amount","2010 May","Phoenix Park","Millimetres","44.6"
"Precipitation Amount","2010 May","Roches Point","Millimetres","44.5"
"Precipitation Amount","2010 May","Markree","Millimetres","33.6"
"Precipitation Amount","2010 June","Malin Head","Millimetres","24.8"
"Precipitation Amount","2010 June","Claremorris","Millimetres","31.8"
"Precipitation Amount","2010 June","Valentia Observatory","Millimetres","83.9"
"Precipitation Amount","2010 June","Belmullet","Millimetres","35.7"
"Precipitation Amount","2010 June","Shannon Airport","Millimetres","33.4"
"Precipitation Amount","2010 June","Dublin Airport","Millimetres","50.3"
"Precipitation Amount","2010 June","Mullingar","Millimetres","50.3"
"Precipitation Amount","2010 June","Cork Airport","Millimetres","48"
"Precipitation Amount","2010 June","Casement","Millimetres","45.2"
"Precipitation Amount","2010 June","Phoenix Park","Millimetres","54.5"
"Precipitation Amount","2010 June","Roches Point","Millimetres","43.4"
"Precipitation Amount","2010 June","Markree","Millimetres","28.6"
"Precipitation Amount","2010 July","Malin Head","Millimetres","136"
"Precipitation Amount","2010 July","Claremorris","Millimetres","198.7"
"Precipitation Amount","2010 July","Valentia Observatory","Millimetres","161.2"
"Precipitation Amount","2010 July","Belmullet","Millimetres","138.6"
"Precipitation Amount","2010 July","Shannon Airport","Millimetres","123.1"
"Precipitation Amount","2010 July","Dublin Airport","Millimetres","78.5"
"Precipitation Amount","2010 July","Mullingar","Millimetres","149.9"
"Precipitation Amount","2010 July","Cork Airport","Millimetres","134.8"
"Precipitation Amount","2010 July","Casement","Millimetres","81.7"
"Precipitation Amount","2010 July","Phoenix Park","Millimetres","83.6"
"Precipitation Amount","2010 July","Roches Point","Millimetres","159.1"
"Precipitation Amount","2010 July","Markree","Millimetres","172"
"Precipitation Amount","2010 August","Malin Head","Millimetres","64.4"
"Precipitation Amount","2010 August","Claremorris","Millimetres","45.3"
"Precipitation Amount","2010 August","Valentia Observatory","Millimetres","37.7"
"Precipitation Amount","2010 August","Belmullet","Millimetres","72.5"
"Precipitation Amount","2010 August","Shannon Airport","Millimetres","39.1"
"Precipitation Amount","2010 August","Dublin Airport","Millimetres","48"
"Precipitation Amount","2010 August","Mullingar","Millimetres","47.3"
"Precipitation Amount","2010 August","Cork Airport","Millimetres","17.1"
"Precipitation Amount","2010 August","Casement","Millimetres","43.5"
"Precipitation Amount","2010 August","Phoenix Park","Millimetres","34.6"
"Precipitation Amount","2010 August","Roches Point","Millimetres","18.1"
"Precipitation Amount","2010 August","Markree","Millimetres","95.8"
"Precipitation Amount","2010 September","Malin Head","Millimetres","144.1"
"Precipitation Amount","2010 September","Claremorris","Millimetres","156.6"
"Precipitation Amount","2010 September","Valentia Observatory","Millimetres","123.4"
"Precipitation Amount","2010 September","Belmullet","Millimetres","148.6"
"Precipitation Amount","2010 September","Shannon Airport","Millimetres","138.9"
"Precipitation Amount","2010 September","Dublin Airport","Millimetres","104.3"
"Precipitation Amount","2010 September","Mullingar","Millimetres","164.5"
"Precipitation Amount","2010 September","Cork Airport","Millimetres","79.1"
"Precipitation Amount","2010 September","Casement","Millimetres","102.7"
"Precipitation Amount","2010 September","Phoenix Park","Millimetres","96.9"
"Precipitation Amount","2010 September","Roches Point","Millimetres","86.8"
"Precipitation Amount","2010 September","Markree","Millimetres","117.7"
"Precipitation Amount","2010 October","Malin Head","Millimetres","68.5"
"Precipitation Amount","2010 October","Claremorris","Millimetres","91.8"
"Precipitation Amount","2010 October","Valentia Observatory","Millimetres","133.7"
"Precipitation Amount","2010 October","Belmullet","Millimetres","80.8"
"Precipitation Amount","2010 October","Shannon Airport","Millimetres","76.8"
"Precipitation Amount","2010 October","Dublin Airport","Millimetres","30.8"
"Precipitation Amount","2010 October","Mullingar","Millimetres","59.4"
"Precipitation Amount","2010 October","Cork Airport","Millimetres","120.5"
"Precipitation Amount","2010 October","Casement","Millimetres","37.7"
"Precipitation Amount","2010 October","Phoenix Park","Millimetres","25.4"
"Precipitation Amount","2010 October","Roches Point","Millimetres","102.1"
"Precipitation Amount","2010 October","Markree","Millimetres","78"
"Precipitation Amount","2010 November","Malin Head","Millimetres","115.6"
"Precipitation Amount","2010 November","Claremorris","Millimetres","182.6"
"Precipitation Amount","2010 November","Valentia Observatory","Millimetres","175.4"
"Precipitation Amount","2010 November","Belmullet","Millimetres","203"
"Precipitation Amount","2010 November","Shannon Airport","Millimetres","133.3"
"Precipitation Amount","2010 November","Dublin Airport","Millimetres","100"
"Precipitation Amount","2010 November","Mullingar","Millimetres","125.2"
"Precipitation Amount","2010 November","Cork Airport","Millimetres","85.6"
"Precipitation Amount","2010 November","Casement","Millimetres","120"
"Precipitation Amount","2010 November","Phoenix Park","Millimetres","102.8"
"Precipitation Amount","2010 November","Roches Point","Millimetres","74.1"
"Precipitation Amount","2010 November","Markree","Millimetres","149.6"
"Precipitation Amount","2010 December","Malin Head","Millimetres","69.2"
"Precipitation Amount","2010 December","Claremorris","Millimetres","60.2"
"Precipitation Amount","2010 December","Valentia Observatory","Millimetres","107.6"
"Precipitation Amount","2010 December","Belmullet","Millimetres","87.3"
"Precipitation Amount","2010 December","Shannon Airport","Millimetres","26"
"Precipitation Amount","2010 December","Dublin Airport","Millimetres","58.1"
"Precipitation Amount","2010 December","Mullingar","Millimetres","37.2"
"Precipitation Amount","2010 December","Cork Airport","Millimetres","66.9"
"Precipitation Amount","2010 December","Casement","Millimetres","66.2"
"Precipitation Amount","2010 December","Phoenix Park","Millimetres","64"
"Precipitation Amount","2010 December","Roches Point","Millimetres","51.2"
"Precipitation Amount","2010 December","Markree","Millimetres","60.3"
"Precipitation Amount","2011 January","Malin Head","Millimetres","89.6"
"Precipitation Amount","2011 January","Claremorris","Millimetres","88.6"
"Precipitation Amount","2011 January","Valentia Observatory","Millimetres","107.8"
"Precipitation Amount","2011 January","Belmullet","Millimetres","68.4"
"Precipitation Amount","2011 January","Shannon Airport","Millimetres","74.1"
"Precipitation Amount","2011 January","Dublin Airport","Millimetres","29.2"
"Precipitation Amount","2011 January","Mullingar","Millimetres","47.1"
"Precipitation Amount","2011 January","Cork Airport","Millimetres","74.5"
"Precipitation Amount","2011 January","Casement","Millimetres","34.1"
"Precipitation Amount","2011 January","Phoenix Park","Millimetres","28.7"
"Precipitation Amount","2011 January","Roches Point","Millimetres","60.9"
"Precipitation Amount","2011 January","Markree","Millimetres","74.2"
"Precipitation Amount","2011 February","Malin Head","Millimetres","105.5"
"Precipitation Amount","2011 February","Claremorris","Millimetres","175.7"
"Precipitation Amount","2011 February","Valentia Observatory","Millimetres","188.9"
"Precipitation Amount","2011 February","Belmullet","Millimetres","150.2"
"Precipitation Amount","2011 February","Shannon Airport","Millimetres","149"
"Precipitation Amount","2011 February","Dublin Airport","Millimetres","76.1"
"Precipitation Amount","2011 February","Mullingar","Millimetres","119"
"Precipitation Amount","2011 February","Cork Airport","Millimetres","129"
"Precipitation Amount","2011 February","Casement","Millimetres","76.2"
"Precipitation Amount","2011 February","Phoenix Park","Millimetres","84.3"
"Precipitation Amount","2011 February","Roches Point","Millimetres","82.6"
"Precipitation Amount","2011 February","Markree","Millimetres","120.3"
"Precipitation Amount","2011 March","Malin Head","Millimetres","59"
"Precipitation Amount","2011 March","Claremorris","Millimetres","50.7"
"Precipitation Amount","2011 March","Valentia Observatory","Millimetres","59.6"
"Precipitation Amount","2011 March","Belmullet","Millimetres","63.5"
"Precipitation Amount","2011 March","Shannon Airport","Millimetres","34.3"
"Precipitation Amount","2011 March","Dublin Airport","Millimetres","19.4"
"Precipitation Amount","2011 March","Mullingar","Millimetres","36.1"
"Precipitation Amount","2011 March","Cork Airport","Millimetres","32.3"
"Precipitation Amount","2011 March","Casement","Millimetres","15"
"Precipitation Amount","2011 March","Phoenix Park","Millimetres","18.7"
"Precipitation Amount","2011 March","Roches Point","Millimetres","26.1"
"Precipitation Amount","2011 March","Markree","Millimetres","43.7"
"Precipitation Amount","2011 April","Malin Head","Millimetres","66.2"
"Precipitation Amount","2011 April","Claremorris","Millimetres","90.5"
"Precipitation Amount","2011 April","Valentia Observatory","Millimetres","68.1"
"Precipitation Amount","2011 April","Belmullet","Millimetres","76.1"
"Precipitation Amount","2011 April","Shannon Airport","Millimetres","42.2"
"Precipitation Amount","2011 April","Dublin Airport","Millimetres","28.4"
"Precipitation Amount","2011 April","Mullingar","Millimetres","35"
"Precipitation Amount","2011 April","Cork Airport","Millimetres","42.7"
"Precipitation Amount","2011 April","Casement","Millimetres","30"
"Precipitation Amount","2011 April","Phoenix Park","Millimetres","23.4"
"Precipitation Amount","2011 April","Roches Point","Millimetres","24.4"
"Precipitation Amount","2011 April","Markree","Millimetres","60.9"
"Precipitation Amount","2011 May","Malin Head","Millimetres","100.4"
"Precipitation Amount","2011 May","Claremorris","Millimetres","123"
"Precipitation Amount","2011 May","Valentia Observatory","Millimetres","164.6"
"Precipitation Amount","2011 May","Belmullet","Millimetres","133.3"
"Precipitation Amount","2011 May","Shannon Airport","Millimetres","93.3"
"Precipitation Amount","2011 May","Dublin Airport","Millimetres","37"
"Precipitation Amount","2011 May","Mullingar","Millimetres","67.3"
"Precipitation Amount","2011 May","Cork Airport","Millimetres","122.7"
"Precipitation Amount","2011 May","Casement","Millimetres","51.5"
"Precipitation Amount","2011 May","Phoenix Park","Millimetres","48.1"
"Precipitation Amount","2011 May","Roches Point","Millimetres","105"
"Precipitation Amount","2011 May","Markree","Millimetres","114.3"
"Precipitation Amount","2011 June","Malin Head","Millimetres","84.5"
"Precipitation Amount","2011 June","Claremorris","Millimetres","50.4"
"Precipitation Amount","2011 June","Valentia Observatory","Millimetres","118.5"
"Precipitation Amount","2011 June","Belmullet","Millimetres","80.6"
"Precipitation Amount","2011 June","Shannon Airport","Millimetres","112.5"
"Precipitation Amount","2011 June","Dublin Airport","Millimetres","64.3"
"Precipitation Amount","2011 June","Mullingar","Millimetres","65.1"
"Precipitation Amount","2011 June","Cork Airport","Millimetres","88.7"
"Precipitation Amount","2011 June","Casement","Millimetres","65.1"
"Precipitation Amount","2011 June","Phoenix Park","Millimetres","66.8"
"Precipitation Amount","2011 June","Roches Point","Millimetres","84.4"
"Precipitation Amount","2011 June","Markree","Millimetres","73.7"
"Precipitation Amount","2011 July","Malin Head","Millimetres","49.9"
"Precipitation Amount","2011 July","Claremorris","Millimetres","64.3"
"Precipitation Amount","2011 July","Valentia Observatory","Millimetres","80"
"Precipitation Amount","2011 July","Belmullet","Millimetres","42.5"
"Precipitation Amount","2011 July","Shannon Airport","Millimetres","31.7"
"Precipitation Amount","2011 July","Dublin Airport","Millimetres","42.6"
"Precipitation Amount","2011 July","Mullingar","Millimetres","60.3"
"Precipitation Amount","2011 July","Cork Airport","Millimetres","39.2"
"Precipitation Amount","2011 July","Casement","Millimetres","53.3"
"Precipitation Amount","2011 July","Phoenix Park","Millimetres","47.9"
"Precipitation Amount","2011 July","Roches Point","Millimetres","31.2"
"Precipitation Amount","2011 July","Markree","Millimetres","67"
"Precipitation Amount","2011 August","Malin Head","Millimetres","79"
"Precipitation Amount","2011 August","Claremorris","Millimetres","82"
"Precipitation Amount","2011 August","Valentia Observatory","Millimetres","91.7"
"Precipitation Amount","2011 August","Belmullet","Millimetres","74.4"
"Precipitation Amount","2011 August","Shannon Airport","Millimetres","54.1"
"Precipitation Amount","2011 August","Dublin Airport","Millimetres","39.7"
"Precipitation Amount","2011 August","Mullingar","Millimetres","65.1"
"Precipitation Amount","2011 August","Cork Airport","Millimetres","55"
"Precipitation Amount","2011 August","Casement","Millimetres","51.6"
"Precipitation Amount","2011 August","Phoenix Park","Millimetres","43.5"
"Precipitation Amount","2011 August","Roches Point","Millimetres","42.3"
"Precipitation Amount","2011 August","Markree","Millimetres","108.5"
"Precipitation Amount","2011 September","Malin Head","Millimetres","133"
"Precipitation Amount","2011 September","Claremorris","Millimetres",""
"Precipitation Amount","2011 September","Valentia Observatory","Millimetres","160.2"
"Precipitation Amount","2011 September","Belmullet","Millimetres","187.4"
"Precipitation Amount","2011 September","Shannon Airport","Millimetres","94.7"
"Precipitation Amount","2011 September","Dublin Airport","Millimetres","65.2"
"Precipitation Amount","2011 September","Mullingar","Millimetres","122.1"
"Precipitation Amount","2011 September","Cork Airport","Millimetres","115.6"
"Precipitation Amount","2011 September","Casement","Millimetres","76.3"
"Precipitation Amount","2011 September","Phoenix Park","Millimetres","57.3"
"Precipitation Amount","2011 September","Roches Point","Millimetres","89.3"
"Precipitation Amount","2011 September","Markree","Millimetres","132.6"
"Precipitation Amount","2011 October","Malin Head","Millimetres","177.1"
"Precipitation Amount","2011 October","Claremorris","Millimetres","160.9"
"Precipitation Amount","2011 October","Valentia Observatory","Millimetres","192.8"
"Precipitation Amount","2011 October","Belmullet","Millimetres","194.7"
"Precipitation Amount","2011 October","Shannon Airport","Millimetres","99.1"
"Precipitation Amount","2011 October","Dublin Airport","Millimetres","169.5"
"Precipitation Amount","2011 October","Mullingar","Millimetres","133"
"Precipitation Amount","2011 October","Cork Airport","Millimetres","91.7"
"Precipitation Amount","2011 October","Casement","Millimetres","165.9"
"Precipitation Amount","2011 October","Phoenix Park","Millimetres","153.1"
"Precipitation Amount","2011 October","Roches Point","Millimetres","67.8"
"Precipitation Amount","2011 October","Markree","Millimetres","193.7"
"Precipitation Amount","2011 November","Malin Head","Millimetres","103.7"
"Precipitation Amount","2011 November","Claremorris","Millimetres","209"
"Precipitation Amount","2011 November","Valentia Observatory","Millimetres","298.9"
"Precipitation Amount","2011 November","Belmullet","Millimetres","130.7"
"Precipitation Amount","2011 November","Shannon Airport","Millimetres","87.2"
"Precipitation Amount","2011 November","Dublin Airport","Millimetres","48.5"
"Precipitation Amount","2011 November","Mullingar","Millimetres","106.2"
"Precipitation Amount","2011 November","Cork Airport","Millimetres","148.7"
"Precipitation Amount","2011 November","Casement","Millimetres","54.8"
"Precipitation Amount","2011 November","Phoenix Park","Millimetres","54.1"
"Precipitation Amount","2011 November","Roches Point","Millimetres","96.7"
"Precipitation Amount","2011 November","Markree","Millimetres","138.6"
"Precipitation Amount","2011 December","Malin Head","Millimetres","184.2"
"Precipitation Amount","2011 December","Claremorris","Millimetres","175.9"
"Precipitation Amount","2011 December","Valentia Observatory","Millimetres","188.6"
"Precipitation Amount","2011 December","Belmullet","Millimetres","174"
"Precipitation Amount","2011 December","Shannon Airport","Millimetres","144.7"
"Precipitation Amount","2011 December","Dublin Airport","Millimetres","51.9"
"Precipitation Amount","2011 December","Mullingar","Millimetres","87.8"
"Precipitation Amount","2011 December","Cork Airport","Millimetres","82.6"
"Precipitation Amount","2011 December","Casement","Millimetres","53"
"Precipitation Amount","2011 December","Phoenix Park","Millimetres","49.1"
"Precipitation Amount","2011 December","Roches Point","Millimetres","63.7"
"Precipitation Amount","2011 December","Markree","Millimetres","168.1"
"Precipitation Amount","2012 January","Malin Head","Millimetres","134.7"
"Precipitation Amount","2012 January","Claremorris","Millimetres","126"
"Precipitation Amount","2012 January","Valentia Observatory","Millimetres","155.3"
"Precipitation Amount","2012 January","Belmullet","Millimetres","123.6"
"Precipitation Amount","2012 January","Shannon Airport","Millimetres","111.8"
"Precipitation Amount","2012 January","Dublin Airport","Millimetres","63"
"Precipitation Amount","2012 January","Mullingar","Millimetres","97.4"
"Precipitation Amount","2012 January","Cork Airport","Millimetres","94.1"
"Precipitation Amount","2012 January","Casement","Millimetres","63.2"
"Precipitation Amount","2012 January","Phoenix Park","Millimetres","69.2"
"Precipitation Amount","2012 January","Roches Point","Millimetres","63.8"
"Precipitation Amount","2012 January","Markree","Millimetres","114"
"Precipitation Amount","2012 February","Malin Head","Millimetres","68.1"
"Precipitation Amount","2012 February","Claremorris","Millimetres","69.6"
"Precipitation Amount","2012 February","Valentia Observatory","Millimetres","68.2"
"Precipitation Amount","2012 February","Belmullet","Millimetres","69.4"
"Precipitation Amount","2012 February","Shannon Airport","Millimetres","38.6"
"Precipitation Amount","2012 February","Dublin Airport","Millimetres","20.5"
"Precipitation Amount","2012 February","Mullingar","Millimetres","42.4"
"Precipitation Amount","2012 February","Cork Airport","Millimetres","42.4"
"Precipitation Amount","2012 February","Casement","Millimetres","19.8"
"Precipitation Amount","2012 February","Phoenix Park","Millimetres","19.4"
"Precipitation Amount","2012 February","Roches Point","Millimetres","29.5"
"Precipitation Amount","2012 February","Markree","Millimetres","77.1"
"Precipitation Amount","2012 March","Malin Head","Millimetres","29.8"
"Precipitation Amount","2012 March","Claremorris","Millimetres","39.4"
"Precipitation Amount","2012 March","Valentia Observatory","Millimetres","44.2"
"Precipitation Amount","2012 March","Belmullet","Millimetres","41.4"
"Precipitation Amount","2012 March","Shannon Airport","Millimetres","28.3"
"Precipitation Amount","2012 March","Dublin Airport","Millimetres","25.6"
"Precipitation Amount","2012 March","Mullingar","Millimetres","15.4"
"Precipitation Amount","2012 March","Cork Airport","Millimetres","23.7"
"Precipitation Amount","2012 March","Casement","Millimetres","27.5"
"Precipitation Amount","2012 March","Phoenix Park","Millimetres","28.1"
"Precipitation Amount","2012 March","Roches Point","Millimetres","18.1"
"Precipitation Amount","2012 March","Markree","Millimetres","28.5"
"Precipitation Amount","2012 April","Malin Head","Millimetres","46.3"
"Precipitation Amount","2012 April","Claremorris","Millimetres","71.2"
"Precipitation Amount","2012 April","Valentia Observatory","Millimetres","119.1"
"Precipitation Amount","2012 April","Belmullet","Millimetres","79.7"
"Precipitation Amount","2012 April","Shannon Airport","Millimetres","78.2"
"Precipitation Amount","2012 April","Dublin Airport","Millimetres","90.2"
"Precipitation Amount","2012 April","Mullingar","Millimetres","75.4"
"Precipitation Amount","2012 April","Cork Airport","Millimetres","82.6"
"Precipitation Amount","2012 April","Casement","Millimetres","94.7"
"Precipitation Amount","2012 April","Phoenix Park","Millimetres","93"
"Precipitation Amount","2012 April","Roches Point","Millimetres","64.8"
"Precipitation Amount","2012 April","Markree","Millimetres","81.5"
"Precipitation Amount","2012 May","Malin Head","Millimetres","50.7"
"Precipitation Amount","2012 May","Claremorris","Millimetres","63"
"Precipitation Amount","2012 May","Valentia Observatory","Millimetres","53.5"
"Precipitation Amount","2012 May","Belmullet","Millimetres","52.1"
"Precipitation Amount","2012 May","Shannon Airport","Millimetres","38.8"
"Precipitation Amount","2012 May","Dublin Airport","Millimetres","60.4"
"Precipitation Amount","2012 May","Mullingar","Millimetres","55.1"
"Precipitation Amount","2012 May","Cork Airport","Millimetres","72.9"
"Precipitation Amount","2012 May","Casement","Millimetres","64"
"Precipitation Amount","2012 May","Phoenix Park","Millimetres","61.4"
"Precipitation Amount","2012 May","Roches Point","Millimetres","64"
"Precipitation Amount","2012 May","Markree","Millimetres","68.5"
"Precipitation Amount","2012 June","Malin Head","Millimetres","141.1"
"Precipitation Amount","2012 June","Claremorris","Millimetres","175.1"
"Precipitation Amount","2012 June","Valentia Observatory","Millimetres","128.3"
"Precipitation Amount","2012 June","Belmullet","Millimetres","110"
"Precipitation Amount","2012 June","Shannon Airport","Millimetres","166.9"
"Precipitation Amount","2012 June","Dublin Airport","Millimetres","147.7"
"Precipitation Amount","2012 June","Mullingar","Millimetres","175.1"
"Precipitation Amount","2012 June","Cork Airport","Millimetres","228.3"
"Precipitation Amount","2012 June","Casement","Millimetres","178.5"
"Precipitation Amount","2012 June","Phoenix Park","Millimetres","164.5"
"Precipitation Amount","2012 June","Roches Point","Millimetres","185.4"
"Precipitation Amount","2012 June","Markree","Millimetres","184.1"
"Precipitation Amount","2012 July","Malin Head","Millimetres","91.4"
"Precipitation Amount","2012 July","Claremorris","Millimetres","115.7"
"Precipitation Amount","2012 July","Valentia Observatory","Millimetres","174.5"
"Precipitation Amount","2012 July","Belmullet","Millimetres","95.2"
"Precipitation Amount","2012 July","Shannon Airport","Millimetres","112.8"
"Precipitation Amount","2012 July","Dublin Airport","Millimetres","85.3"
"Precipitation Amount","2012 July","Mullingar","Millimetres","122.1"
"Precipitation Amount","2012 July","Cork Airport","Millimetres","112.9"
"Precipitation Amount","2012 July","Casement","Millimetres","102.7"
"Precipitation Amount","2012 July","Phoenix Park","Millimetres","98.3"
"Precipitation Amount","2012 July","Roches Point","Millimetres","91.2"
"Precipitation Amount","2012 July","Markree","Millimetres","119.4"
"Precipitation Amount","2012 August","Malin Head","Millimetres","87.3"
"Precipitation Amount","2012 August","Claremorris","Millimetres","100"
"Precipitation Amount","2012 August","Valentia Observatory","Millimetres","163.9"
"Precipitation Amount","2012 August","Belmullet","Millimetres",""
"Precipitation Amount","2012 August","Shannon Airport","Millimetres","89.1"
"Precipitation Amount","2012 August","Dublin Airport","Millimetres","78.1"
"Precipitation Amount","2012 August","Mullingar","Millimetres","128.9"
"Precipitation Amount","2012 August","Cork Airport","Millimetres","186.2"
"Precipitation Amount","2012 August","Casement","Millimetres","74.9"
"Precipitation Amount","2012 August","Phoenix Park","Millimetres","64.4"
"Precipitation Amount","2012 August","Roches Point","Millimetres","147.8"
"Precipitation Amount","2012 August","Markree","Millimetres","129.3"
"Precipitation Amount","2012 September","Malin Head","Millimetres","139.2"
"Precipitation Amount","2012 September","Claremorris","Millimetres","61"
"Precipitation Amount","2012 September","Valentia Observatory","Millimetres","74.6"
"Precipitation Amount","2012 September","Belmullet","Millimetres",""
"Precipitation Amount","2012 September","Shannon Airport","Millimetres","61.9"
"Precipitation Amount","2012 September","Dublin Airport","Millimetres","83.4"
"Precipitation Amount","2012 September","Mullingar","Millimetres","62"
"Precipitation Amount","2012 September","Cork Airport","Millimetres","23.1"
"Precipitation Amount","2012 September","Casement","Millimetres","89.6"
"Precipitation Amount","2012 September","Phoenix Park","Millimetres","82.4"
"Precipitation Amount","2012 September","Roches Point","Millimetres","12.9"
"Precipitation Amount","2012 September","Markree","Millimetres","78.3"
"Precipitation Amount","2012 October","Malin Head","Millimetres","123.5"
"Precipitation Amount","2012 October","Claremorris","Millimetres","98.4"
"Precipitation Amount","2012 October","Valentia Observatory","Millimetres","136.2"
"Precipitation Amount","2012 October","Belmullet","Millimetres",""
"Precipitation Amount","2012 October","Shannon Airport","Millimetres","85.6"
"Precipitation Amount","2012 October","Dublin Airport","Millimetres","71"
"Precipitation Amount","2012 October","Mullingar","Millimetres","90.9"
"Precipitation Amount","2012 October","Cork Airport","Millimetres","100.1"
"Precipitation Amount","2012 October","Casement","Millimetres","84.2"
"Precipitation Amount","2012 October","Phoenix Park","Millimetres","72.7"
"Precipitation Amount","2012 October","Roches Point","Millimetres","72.6"
"Precipitation Amount","2012 October","Markree","Millimetres","108"
"Precipitation Amount","2012 November","Malin Head","Millimetres","87.4"
"Precipitation Amount","2012 November","Claremorris","Millimetres","135.4"
"Precipitation Amount","2012 November","Valentia Observatory","Millimetres","212.9"
"Precipitation Amount","2012 November","Belmullet","Millimetres",""
"Precipitation Amount","2012 November","Shannon Airport","Millimetres","121"
"Precipitation Amount","2012 November","Dublin Airport","Millimetres","72"
"Precipitation Amount","2012 November","Mullingar","Millimetres","68.3"
"Precipitation Amount","2012 November","Cork Airport","Millimetres","116.8"
"Precipitation Amount","2012 November","Casement","Millimetres","79.8"
"Precipitation Amount","2012 November","Phoenix Park","Millimetres","68"
"Precipitation Amount","2012 November","Roches Point","Millimetres","83.7"
"Precipitation Amount","2012 November","Markree","Millimetres","115.4"
"Precipitation Amount","2012 December","Malin Head","Millimetres","149.3"
"Precipitation Amount","2012 December","Claremorris","Millimetres","160.3"
"Precipitation Amount","2012 December","Valentia Observatory","Millimetres","173.5"
"Precipitation Amount","2012 December","Belmullet","Millimetres",""
"Precipitation Amount","2012 December","Shannon Airport","Millimetres","113.7"
"Precipitation Amount","2012 December","Dublin Airport","Millimetres","52.3"
"Precipitation Amount","2012 December","Mullingar","Millimetres","91.2"
"Precipitation Amount","2012 December","Cork Airport","Millimetres","145.2"
"Precipitation Amount","2012 December","Casement","Millimetres","46.8"
"Precipitation Amount","2012 December","Phoenix Park","Millimetres","47.5"
"Precipitation Amount","2012 December","Roches Point","Millimetres","121.1"
"Precipitation Amount","2012 December","Markree","Millimetres","128.7"
"Precipitation Amount","2013 January","Malin Head","Millimetres","140.9"
"Precipitation Amount","2013 January","Claremorris","Millimetres","175.7"
"Precipitation Amount","2013 January","Valentia Observatory","Millimetres","276.3"
"Precipitation Amount","2013 January","Belmullet","Millimetres","154.8"
"Precipitation Amount","2013 January","Shannon Airport","Millimetres","107"
"Precipitation Amount","2013 January","Dublin Airport","Millimetres","94.4"
"Precipitation Amount","2013 January","Mullingar","Millimetres","117.8"
"Precipitation Amount","2013 January","Cork Airport","Millimetres","159"
"Precipitation Amount","2013 January","Casement","Millimetres","69.5"
"Precipitation Amount","2013 January","Phoenix Park","Millimetres","83.6"
"Precipitation Amount","2013 January","Roches Point","Millimetres","131.5"
"Precipitation Amount","2013 January","Markree","Millimetres","142.8"
"Precipitation Amount","2013 February","Malin Head","Millimetres","74.1"
"Precipitation Amount","2013 February","Claremorris","Millimetres","56.5"
"Precipitation Amount","2013 February","Valentia Observatory","Millimetres","77.7"
"Precipitation Amount","2013 February","Belmullet","Millimetres","60"
"Precipitation Amount","2013 February","Shannon Airport","Millimetres","49.6"
"Precipitation Amount","2013 February","Dublin Airport","Millimetres","47.3"
"Precipitation Amount","2013 February","Mullingar","Millimetres","54.8"
"Precipitation Amount","2013 February","Cork Airport","Millimetres","51.7"
"Precipitation Amount","2013 February","Casement","Millimetres","45.2"
"Precipitation Amount","2013 February","Phoenix Park","Millimetres","46.6"
"Precipitation Amount","2013 February","Roches Point","Millimetres","39.9"
"Precipitation Amount","2013 February","Markree","Millimetres","72.2"
"Precipitation Amount","2013 March","Malin Head","Millimetres","61.7"
"Precipitation Amount","2013 March","Claremorris","Millimetres","38.4"
"Precipitation Amount","2013 March","Valentia Observatory","Millimetres","82.4"
"Precipitation Amount","2013 March","Belmullet","Millimetres","44.6"
"Precipitation Amount","2013 March","Shannon Airport","Millimetres","30.2"
"Precipitation Amount","2013 March","Dublin Airport","Millimetres","85.5"
"Precipitation Amount","2013 March","Mullingar","Millimetres","40.1"
"Precipitation Amount","2013 March","Cork Airport","Millimetres","134.9"
"Precipitation Amount","2013 March","Casement","Millimetres","63.3"
"Precipitation Amount","2013 March","Phoenix Park","Millimetres","97.1"
"Precipitation Amount","2013 March","Roches Point","Millimetres","104.6"
"Precipitation Amount","2013 March","Markree","Millimetres","34.7"
"Precipitation Amount","2013 April","Malin Head","Millimetres","61.6"
"Precipitation Amount","2013 April","Claremorris","Millimetres","122.1"
"Precipitation Amount","2013 April","Valentia Observatory","Millimetres","128.1"
"Precipitation Amount","2013 April","Belmullet","Millimetres","81.4"
"Precipitation Amount","2013 April","Shannon Airport","Millimetres","63.1"
"Precipitation Amount","2013 April","Dublin Airport","Millimetres","40.1"
"Precipitation Amount","2013 April","Mullingar","Millimetres","78.1"
"Precipitation Amount","2013 April","Cork Airport","Millimetres","97.2"
"Precipitation Amount","2013 April","Casement","Millimetres","47.5"
"Precipitation Amount","2013 April","Phoenix Park","Millimetres","46.4"
"Precipitation Amount","2013 April","Roches Point","Millimetres","52.5"
"Precipitation Amount","2013 April","Markree","Millimetres","83.1"
"Precipitation Amount","2013 May","Malin Head","Millimetres","102.5"
"Precipitation Amount","2013 May","Claremorris","Millimetres","121.4"
"Precipitation Amount","2013 May","Valentia Observatory","Millimetres","109.3"
"Precipitation Amount","2013 May","Belmullet","Millimetres","111.7"
"Precipitation Amount","2013 May","Shannon Airport","Millimetres","68"
"Precipitation Amount","2013 May","Dublin Airport","Millimetres","45.8"
"Precipitation Amount","2013 May","Mullingar","Millimetres","72.2"
"Precipitation Amount","2013 May","Cork Airport","Millimetres","64.4"
"Precipitation Amount","2013 May","Casement","Millimetres","52.8"
"Precipitation Amount","2013 May","Phoenix Park","Millimetres","42.4"
"Precipitation Amount","2013 May","Roches Point","Millimetres","52.1"
"Precipitation Amount","2013 May","Markree","Millimetres","120.2"
"Precipitation Amount","2013 June","Malin Head","Millimetres","85.5"
"Precipitation Amount","2013 June","Claremorris","Millimetres","61"
"Precipitation Amount","2013 June","Valentia Observatory","Millimetres","138"
"Precipitation Amount","2013 June","Belmullet","Millimetres","43.3"
"Precipitation Amount","2013 June","Shannon Airport","Millimetres","64.2"
"Precipitation Amount","2013 June","Dublin Airport","Millimetres","60.8"
"Precipitation Amount","2013 June","Mullingar","Millimetres","62.6"
"Precipitation Amount","2013 June","Cork Airport","Millimetres","116.4"
"Precipitation Amount","2013 June","Casement","Millimetres","43.2"
"Precipitation Amount","2013 June","Phoenix Park","Millimetres","43.7"
"Precipitation Amount","2013 June","Roches Point","Millimetres","96.4"
"Precipitation Amount","2013 June","Markree","Millimetres","75"
"Precipitation Amount","2013 July","Malin Head","Millimetres","56.6"
"Precipitation Amount","2013 July","Claremorris","Millimetres","94.3"
"Precipitation Amount","2013 July","Valentia Observatory","Millimetres","105.2"
"Precipitation Amount","2013 July","Belmullet","Millimetres","80.6"
"Precipitation Amount","2013 July","Shannon Airport","Millimetres","57.4"
"Precipitation Amount","2013 July","Dublin Airport","Millimetres","68.8"
"Precipitation Amount","2013 July","Mullingar","Millimetres","62.8"
"Precipitation Amount","2013 July","Cork Airport","Millimetres","67.5"
"Precipitation Amount","2013 July","Casement","Millimetres","42.7"
"Precipitation Amount","2013 July","Phoenix Park","Millimetres","67.6"
"Precipitation Amount","2013 July","Roches Point","Millimetres","71.8"
"Precipitation Amount","2013 July","Markree","Millimetres","68.9"
"Precipitation Amount","2013 August","Malin Head","Millimetres","92.6"
"Precipitation Amount","2013 August","Claremorris","Millimetres","72.3"
"Precipitation Amount","2013 August","Valentia Observatory","Millimetres","73.9"
"Precipitation Amount","2013 August","Belmullet","Millimetres","68.3"
"Precipitation Amount","2013 August","Shannon Airport","Millimetres","72.9"
"Precipitation Amount","2013 August","Dublin Airport","Millimetres","48.5"
"Precipitation Amount","2013 August","Mullingar","Millimetres","52.8"
"Precipitation Amount","2013 August","Cork Airport","Millimetres","51.6"
"Precipitation Amount","2013 August","Casement","Millimetres","62.9"
"Precipitation Amount","2013 August","Phoenix Park","Millimetres","47.8"
"Precipitation Amount","2013 August","Roches Point","Millimetres","50"
"Precipitation Amount","2013 August","Markree","Millimetres","65.8"
"Precipitation Amount","2013 September","Malin Head","Millimetres","69.7"
"Precipitation Amount","2013 September","Claremorris","Millimetres","46.1"
"Precipitation Amount","2013 September","Valentia Observatory","Millimetres","70.7"
"Precipitation Amount","2013 September","Belmullet","Millimetres","71.3"
"Precipitation Amount","2013 September","Shannon Airport","Millimetres","38.9"
"Precipitation Amount","2013 September","Dublin Airport","Millimetres","35.1"
"Precipitation Amount","2013 September","Mullingar","Millimetres","53.8"
"Precipitation Amount","2013 September","Cork Airport","Millimetres","42.9"
"Precipitation Amount","2013 September","Casement","Millimetres","35.1"
"Precipitation Amount","2013 September","Phoenix Park","Millimetres","33.8"
"Precipitation Amount","2013 September","Roches Point","Millimetres","25.6"
"Precipitation Amount","2013 September","Markree","Millimetres","94.3"
"Precipitation Amount","2013 October","Malin Head","Millimetres","103.8"
"Precipitation Amount","2013 October","Claremorris","Millimetres","110.2"
"Precipitation Amount","2013 October","Valentia Observatory","Millimetres","184.8"
"Precipitation Amount","2013 October","Belmullet","Millimetres","96.4"
"Precipitation Amount","2013 October","Shannon Airport","Millimetres","132.2"
"Precipitation Amount","2013 October","Dublin Airport","Millimetres","127.8"
"Precipitation Amount","2013 October","Mullingar","Millimetres","179.3"
"Precipitation Amount","2013 October","Cork Airport","Millimetres","182.9"
"Precipitation Amount","2013 October","Casement","Millimetres","100.4"
"Precipitation Amount","2013 October","Phoenix Park","Millimetres","92"
"Precipitation Amount","2013 October","Roches Point","Millimetres","136.4"
"Precipitation Amount","2013 October","Markree","Millimetres","114.7"
"Precipitation Amount","2013 November","Malin Head","Millimetres","116"
"Precipitation Amount","2013 November","Claremorris","Millimetres","63.7"
"Precipitation Amount","2013 November","Valentia Observatory","Millimetres","125.1"
"Precipitation Amount","2013 November","Belmullet","Millimetres","64.8"
"Precipitation Amount","2013 November","Shannon Airport","Millimetres","89"
"Precipitation Amount","2013 November","Dublin Airport","Millimetres","26.6"
"Precipitation Amount","2013 November","Mullingar","Millimetres","46.6"
"Precipitation Amount","2013 November","Cork Airport","Millimetres","64.2"
"Precipitation Amount","2013 November","Casement","Millimetres","21.2"
"Precipitation Amount","2013 November","Phoenix Park","Millimetres","21.6"
"Precipitation Amount","2013 November","Roches Point","Millimetres","47.8"
"Precipitation Amount","2013 November","Markree","Millimetres","68"
"Precipitation Amount","2013 December","Malin Head","Millimetres","178.6"
"Precipitation Amount","2013 December","Claremorris","Millimetres","215.5"
"Precipitation Amount","2013 December","Valentia Observatory","Millimetres","266.6"
"Precipitation Amount","2013 December","Belmullet","Millimetres","179.2"
"Precipitation Amount","2013 December","Shannon Airport","Millimetres","160.2"
"Precipitation Amount","2013 December","Dublin Airport","Millimetres","83.2"
"Precipitation Amount","2013 December","Mullingar","Millimetres","142.5"
"Precipitation Amount","2013 December","Cork Airport","Millimetres","211.4"
"Precipitation Amount","2013 December","Casement","Millimetres","104.7"
"Precipitation Amount","2013 December","Phoenix Park","Millimetres","87.5"
"Precipitation Amount","2013 December","Roches Point","Millimetres","161.3"
"Precipitation Amount","2013 December","Markree","Millimetres","191.1"
"Precipitation Amount","2014 January","Malin Head","Millimetres","162.2"
"Precipitation Amount","2014 January","Claremorris","Millimetres","218.8"
"Precipitation Amount","2014 January","Valentia Observatory","Millimetres","288.1"
"Precipitation Amount","2014 January","Belmullet","Millimetres","210.5"
"Precipitation Amount","2014 January","Shannon Airport","Millimetres","175.9"
"Precipitation Amount","2014 January","Dublin Airport","Millimetres","101.6"
"Precipitation Amount","2014 January","Mullingar","Millimetres","147.1"
"Precipitation Amount","2014 January","Cork Airport","Millimetres","200.4"
"Precipitation Amount","2014 January","Casement","Millimetres","110.7"
"Precipitation Amount","2014 January","Phoenix Park","Millimetres","97.8"
"Precipitation Amount","2014 January","Roches Point","Millimetres","148.1"
"Precipitation Amount","2014 January","Markree","Millimetres","194.9"
"Precipitation Amount","2014 February","Malin Head","Millimetres","189.9"
"Precipitation Amount","2014 February","Claremorris","Millimetres","214"
"Precipitation Amount","2014 February","Valentia Observatory","Millimetres","292.4"
"Precipitation Amount","2014 February","Belmullet","Millimetres","198"
"Precipitation Amount","2014 February","Shannon Airport","Millimetres","195.1"
"Precipitation Amount","2014 February","Dublin Airport","Millimetres","88.5"
"Precipitation Amount","2014 February","Mullingar","Millimetres","154.9"
"Precipitation Amount","2014 February","Cork Airport","Millimetres","240.5"
"Precipitation Amount","2014 February","Casement","Millimetres","122"
"Precipitation Amount","2014 February","Phoenix Park","Millimetres","95.3"
"Precipitation Amount","2014 February","Roches Point","Millimetres","173.5"
"Precipitation Amount","2014 February","Markree","Millimetres","196.6"
"Precipitation Amount","2014 March","Malin Head","Millimetres","71.6"
"Precipitation Amount","2014 March","Claremorris","Millimetres","109.6"
"Precipitation Amount","2014 March","Valentia Observatory","Millimetres","135.2"
"Precipitation Amount","2014 March","Belmullet","Millimetres","87"
"Precipitation Amount","2014 March","Shannon Airport","Millimetres","87.2"
"Precipitation Amount","2014 March","Dublin Airport","Millimetres","53.7"
"Precipitation Amount","2014 March","Mullingar","Millimetres","72.3"
"Precipitation Amount","2014 March","Cork Airport","Millimetres","107.8"
"Precipitation Amount","2014 March","Casement","Millimetres","56.7"
"Precipitation Amount","2014 March","Phoenix Park","Millimetres","54.7"
"Precipitation Amount","2014 March","Roches Point","Millimetres","100.7"
"Precipitation Amount","2014 March","Markree","Millimetres","91.4"
"Precipitation Amount","2014 April","Malin Head","Millimetres","33.4"
"Precipitation Amount","2014 April","Claremorris","Millimetres","46.4"
"Precipitation Amount","2014 April","Valentia Observatory","Millimetres","85.5"
"Precipitation Amount","2014 April","Belmullet","Millimetres","53.5"
"Precipitation Amount","2014 April","Shannon Airport","Millimetres","38.3"
"Precipitation Amount","2014 April","Dublin Airport","Millimetres","34.2"
"Precipitation Amount","2014 April","Mullingar","Millimetres","55.4"
"Precipitation Amount","2014 April","Cork Airport","Millimetres","104.6"
"Precipitation Amount","2014 April","Casement","Millimetres","39.3"
"Precipitation Amount","2014 April","Phoenix Park","Millimetres","36.4"
"Precipitation Amount","2014 April","Roches Point","Millimetres","69.3"
"Precipitation Amount","2014 April","Markree","Millimetres","27.7"
"Precipitation Amount","2014 May","Malin Head","Millimetres","86.8"
"Precipitation Amount","2014 May","Claremorris","Millimetres","112.7"
"Precipitation Amount","2014 May","Valentia Observatory","Millimetres","115.5"
"Precipitation Amount","2014 May","Belmullet","Millimetres","103.6"
"Precipitation Amount","2014 May","Shannon Airport","Millimetres","90.4"
"Precipitation Amount","2014 May","Dublin Airport","Millimetres","91.5"
"Precipitation Amount","2014 May","Mullingar","Millimetres","128.6"
"Precipitation Amount","2014 May","Cork Airport","Millimetres","70.6"
"Precipitation Amount","2014 May","Casement","Millimetres","98.4"
"Precipitation Amount","2014 May","Phoenix Park","Millimetres","73.5"
"Precipitation Amount","2014 May","Roches Point","Millimetres","40.8"
"Precipitation Amount","2014 May","Markree","Millimetres","92.5"
"Precipitation Amount","2014 June","Malin Head","Millimetres","48.6"
"Precipitation Amount","2014 June","Claremorris","Millimetres","57.4"
"Precipitation Amount","2014 June","Valentia Observatory","Millimetres","56"
"Precipitation Amount","2014 June","Belmullet","Millimetres","46"
"Precipitation Amount","2014 June","Shannon Airport","Millimetres","40.5"
"Precipitation Amount","2014 June","Dublin Airport","Millimetres","36.2"
"Precipitation Amount","2014 June","Mullingar","Millimetres","63.4"
"Precipitation Amount","2014 June","Cork Airport","Millimetres","85.7"
"Precipitation Amount","2014 June","Casement","Millimetres","31.8"
"Precipitation Amount","2014 June","Phoenix Park","Millimetres","29.6"
"Precipitation Amount","2014 June","Roches Point","Millimetres","45.8"
"Precipitation Amount","2014 June","Markree","Millimetres","48"
"Precipitation Amount","2014 July","Malin Head","Millimetres","86"
"Precipitation Amount","2014 July","Claremorris","Millimetres","52.7"
"Precipitation Amount","2014 July","Valentia Observatory","Millimetres","81.4"
"Precipitation Amount","2014 July","Belmullet","Millimetres","59.8"
"Precipitation Amount","2014 July","Shannon Airport","Millimetres","35.8"
"Precipitation Amount","2014 July","Dublin Airport","Millimetres","35"
"Precipitation Amount","2014 July","Mullingar","Millimetres","31.6"
"Precipitation Amount","2014 July","Cork Airport","Millimetres","43.6"
"Precipitation Amount","2014 July","Casement","Millimetres","42.3"
"Precipitation Amount","2014 July","Phoenix Park","Millimetres","34.3"
"Precipitation Amount","2014 July","Roches Point","Millimetres","18.8"
"Precipitation Amount","2014 July","Markree","Millimetres","67.7"
"Precipitation Amount","2014 August","Malin Head","Millimetres","95.3"
"Precipitation Amount","2014 August","Claremorris","Millimetres","87.1"
"Precipitation Amount","2014 August","Valentia Observatory","Millimetres","73.7"
"Precipitation Amount","2014 August","Belmullet","Millimetres","91.6"
"Precipitation Amount","2014 August","Shannon Airport","Millimetres","90"
"Precipitation Amount","2014 August","Dublin Airport","Millimetres","173"
"Precipitation Amount","2014 August","Mullingar","Millimetres","153.8"
"Precipitation Amount","2014 August","Cork Airport","Millimetres","88.3"
"Precipitation Amount","2014 August","Casement","Millimetres","142"
"Precipitation Amount","2014 August","Phoenix Park","Millimetres","147.1"
"Precipitation Amount","2014 August","Roches Point","Millimetres","75.6"
"Precipitation Amount","2014 August","Markree","Millimetres","123.1"
"Precipitation Amount","2014 September","Malin Head","Millimetres","23"
"Precipitation Amount","2014 September","Claremorris","Millimetres","10.8"
"Precipitation Amount","2014 September","Valentia Observatory","Millimetres","26.5"
"Precipitation Amount","2014 September","Belmullet","Millimetres","25.4"
"Precipitation Amount","2014 September","Shannon Airport","Millimetres","72.4"
"Precipitation Amount","2014 September","Dublin Airport","Millimetres","26.5"
"Precipitation Amount","2014 September","Mullingar","Millimetres","16.1"
"Precipitation Amount","2014 September","Cork Airport","Millimetres","19.7"
"Precipitation Amount","2014 September","Casement","Millimetres","12.9"
"Precipitation Amount","2014 September","Phoenix Park","Millimetres","15.5"
"Precipitation Amount","2014 September","Roches Point","Millimetres","19"
"Precipitation Amount","2014 September","Markree","Millimetres","10.3"
"Precipitation Amount","2014 October","Malin Head","Millimetres","131.4"
"Precipitation Amount","2014 October","Claremorris","Millimetres","148.3"
"Precipitation Amount","2014 October","Valentia Observatory","Millimetres","192.4"
"Precipitation Amount","2014 October","Belmullet","Millimetres","176"
"Precipitation Amount","2014 October","Shannon Airport","Millimetres","105.2"
"Precipitation Amount","2014 October","Dublin Airport","Millimetres","90.2"
"Precipitation Amount","2014 October","Mullingar","Millimetres","121.2"
"Precipitation Amount","2014 October","Cork Airport","Millimetres","180.1"
"Precipitation Amount","2014 October","Casement","Millimetres","87.8"
"Precipitation Amount","2014 October","Phoenix Park","Millimetres","80.9"
"Precipitation Amount","2014 October","Roches Point","Millimetres","125.8"
"Precipitation Amount","2014 October","Markree","Millimetres","115.6"
"Precipitation Amount","2014 November","Malin Head","Millimetres","134.4"
"Precipitation Amount","2014 November","Claremorris","Millimetres","121.7"
"Precipitation Amount","2014 November","Valentia Observatory","Millimetres","202.3"
"Precipitation Amount","2014 November","Belmullet","Millimetres","83.5"
"Precipitation Amount","2014 November","Shannon Airport","Millimetres","129.3"
"Precipitation Amount","2014 November","Dublin Airport","Millimetres","140.9"
"Precipitation Amount","2014 November","Mullingar","Millimetres","154.4"
"Precipitation Amount","2014 November","Cork Airport","Millimetres","192"
"Precipitation Amount","2014 November","Casement","Millimetres","138.9"
"Precipitation Amount","2014 November","Phoenix Park","Millimetres","154.4"
"Precipitation Amount","2014 November","Roches Point","Millimetres","159.3"
"Precipitation Amount","2014 November","Markree","Millimetres","144.8"
"Precipitation Amount","2014 December","Malin Head","Millimetres","150.5"
"Precipitation Amount","2014 December","Claremorris","Millimetres","133.6"
"Precipitation Amount","2014 December","Valentia Observatory","Millimetres","135.4"
"Precipitation Amount","2014 December","Belmullet","Millimetres","140.3"
"Precipitation Amount","2014 December","Shannon Airport","Millimetres","110.2"
"Precipitation Amount","2014 December","Dublin Airport","Millimetres","55.9"
"Precipitation Amount","2014 December","Mullingar","Millimetres","100.7"
"Precipitation Amount","2014 December","Cork Airport","Millimetres","58.9"
"Precipitation Amount","2014 December","Casement","Millimetres","64.1"
"Precipitation Amount","2014 December","Phoenix Park","Millimetres","65"
"Precipitation Amount","2014 December","Roches Point","Millimetres","46.7"
"Precipitation Amount","2014 December","Markree","Millimetres","150"
"Precipitation Amount","2015 January","Malin Head","Millimetres","176"
"Precipitation Amount","2015 January","Claremorris","Millimetres","203.8"
"Precipitation Amount","2015 January","Valentia Observatory","Millimetres","199.4"
"Precipitation Amount","2015 January","Belmullet","Millimetres","178.1"
"Precipitation Amount","2015 January","Shannon Airport","Millimetres","130.6"
"Precipitation Amount","2015 January","Dublin Airport","Millimetres","47.7"
"Precipitation Amount","2015 January","Mullingar","Millimetres","92.9"
"Precipitation Amount","2015 January","Cork Airport","Millimetres","117.1"
"Precipitation Amount","2015 January","Casement","Millimetres","63.4"
"Precipitation Amount","2015 January","Phoenix Park","Millimetres","59.2"
"Precipitation Amount","2015 January","Roches Point","Millimetres","79.3"
"Precipitation Amount","2015 January","Markree","Millimetres","203.5"
"Precipitation Amount","2015 February","Malin Head","Millimetres","85.8"
"Precipitation Amount","2015 February","Claremorris","Millimetres","95"
"Precipitation Amount","2015 February","Valentia Observatory","Millimetres","108.1"
"Precipitation Amount","2015 February","Belmullet","Millimetres","70.8"
"Precipitation Amount","2015 February","Shannon Airport","Millimetres","91.1"
"Precipitation Amount","2015 February","Dublin Airport","Millimetres","34.6"
"Precipitation Amount","2015 February","Mullingar","Millimetres","53.7"
"Precipitation Amount","2015 February","Cork Airport","Millimetres","52.4"
"Precipitation Amount","2015 February","Casement","Millimetres","30.5"
"Precipitation Amount","2015 February","Phoenix Park","Millimetres","26.4"
"Precipitation Amount","2015 February","Roches Point","Millimetres","47.4"
"Precipitation Amount","2015 February","Markree","Millimetres","94.6"
"Precipitation Amount","2015 March","Malin Head","Millimetres","123.1"
"Precipitation Amount","2015 March","Claremorris","Millimetres","132.7"
"Precipitation Amount","2015 March","Valentia Observatory","Millimetres","135.2"
"Precipitation Amount","2015 March","Belmullet","Millimetres","107.9"
"Precipitation Amount","2015 March","Shannon Airport","Millimetres","106.8"
"Precipitation Amount","2015 March","Dublin Airport","Millimetres","57.5"
"Precipitation Amount","2015 March","Mullingar","Millimetres","92.8"
"Precipitation Amount","2015 March","Cork Airport","Millimetres","88.8"
"Precipitation Amount","2015 March","Casement","Millimetres","56.4"
"Precipitation Amount","2015 March","Phoenix Park","Millimetres","57.9"
"Precipitation Amount","2015 March","Roches Point","Millimetres","75.7"
"Precipitation Amount","2015 March","Markree","Millimetres","119.3"
"Precipitation Amount","2015 April","Malin Head","Millimetres","64.7"
"Precipitation Amount","2015 April","Claremorris","Millimetres","66.5"
"Precipitation Amount","2015 April","Valentia Observatory","Millimetres","54"
"Precipitation Amount","2015 April","Belmullet","Millimetres","62.8"
"Precipitation Amount","2015 April","Shannon Airport","Millimetres","63.6"
"Precipitation Amount","2015 April","Dublin Airport","Millimetres","43.9"
"Precipitation Amount","2015 April","Mullingar","Millimetres","64.2"
"Precipitation Amount","2015 April","Cork Airport","Millimetres","16"
"Precipitation Amount","2015 April","Casement","Millimetres","56.2"
"Precipitation Amount","2015 April","Phoenix Park","Millimetres","52"
"Precipitation Amount","2015 April","Roches Point","Millimetres","17"
"Precipitation Amount","2015 April","Markree","Millimetres","73.7"
"Precipitation Amount","2015 May","Malin Head","Millimetres","137"
"Precipitation Amount","2015 May","Claremorris","Millimetres","122.8"
"Precipitation Amount","2015 May","Valentia Observatory","Millimetres","127.6"
"Precipitation Amount","2015 May","Belmullet","Millimetres","102.3"
"Precipitation Amount","2015 May","Shannon Airport","Millimetres","111.2"
"Precipitation Amount","2015 May","Dublin Airport","Millimetres","90.5"
"Precipitation Amount","2015 May","Mullingar","Millimetres","135.3"
"Precipitation Amount","2015 May","Cork Airport","Millimetres","137.3"
"Precipitation Amount","2015 May","Casement","Millimetres","96.4"
"Precipitation Amount","2015 May","Phoenix Park","Millimetres","102.9"
"Precipitation Amount","2015 May","Roches Point","Millimetres","140.8"
"Precipitation Amount","2015 May","Markree","Millimetres","139"
"Precipitation Amount","2015 June","Malin Head","Millimetres","56.1"
"Precipitation Amount","2015 June","Claremorris","Millimetres","53.8"
"Precipitation Amount","2015 June","Valentia Observatory","Millimetres","81.4"
"Precipitation Amount","2015 June","Belmullet","Millimetres","59.9"
"Precipitation Amount","2015 June","Shannon Airport","Millimetres","27.2"
"Precipitation Amount","2015 June","Dublin Airport","Millimetres","14.1"
"Precipitation Amount","2015 June","Mullingar","Millimetres","37.1"
"Precipitation Amount","2015 June","Cork Airport","Millimetres","54.3"
"Precipitation Amount","2015 June","Casement","Millimetres","17.4"
"Precipitation Amount","2015 June","Phoenix Park","Millimetres","11"
"Precipitation Amount","2015 June","Roches Point","Millimetres","63.2"
"Precipitation Amount","2015 June","Markree","Millimetres","50.7"
"Precipitation Amount","2015 July","Malin Head","Millimetres","132.7"
"Precipitation Amount","2015 July","Claremorris","Millimetres","130.3"
"Precipitation Amount","2015 July","Valentia Observatory","Millimetres","120.5"
"Precipitation Amount","2015 July","Belmullet","Millimetres","131.3"
"Precipitation Amount","2015 July","Shannon Airport","Millimetres","82.7"
"Precipitation Amount","2015 July","Dublin Airport","Millimetres","69.2"
"Precipitation Amount","2015 July","Mullingar","Millimetres","76.5"
"Precipitation Amount","2015 July","Cork Airport","Millimetres","158.8"
"Precipitation Amount","2015 July","Casement","Millimetres","62.5"
"Precipitation Amount","2015 July","Phoenix Park","Millimetres","67.1"
"Precipitation Amount","2015 July","Roches Point","Millimetres","122.6"
"Precipitation Amount","2015 July","Markree","Millimetres","111.2"
"Precipitation Amount","2015 August","Malin Head","Millimetres","111"
"Precipitation Amount","2015 August","Claremorris","Millimetres","117.1"
"Precipitation Amount","2015 August","Valentia Observatory","Millimetres","126"
"Precipitation Amount","2015 August","Belmullet","Millimetres","96.3"
"Precipitation Amount","2015 August","Shannon Airport","Millimetres","93.4"
"Precipitation Amount","2015 August","Dublin Airport","Millimetres","100.1"
"Precipitation Amount","2015 August","Mullingar","Millimetres","97.1"
"Precipitation Amount","2015 August","Cork Airport","Millimetres","101.1"
"Precipitation Amount","2015 August","Casement","Millimetres","67.5"
"Precipitation Amount","2015 August","Phoenix Park","Millimetres","95.5"
"Precipitation Amount","2015 August","Roches Point","Millimetres","94.7"
"Precipitation Amount","2015 August","Markree","Millimetres","93.5"
"Precipitation Amount","2015 September","Malin Head","Millimetres","29.7"
"Precipitation Amount","2015 September","Claremorris","Millimetres","85.7"
"Precipitation Amount","2015 September","Valentia Observatory","Millimetres","148.9"
"Precipitation Amount","2015 September","Belmullet","Millimetres","118.1"
"Precipitation Amount","2015 September","Shannon Airport","Millimetres","87.9"
"Precipitation Amount","2015 September","Dublin Airport","Millimetres","56.6"
"Precipitation Amount","2015 September","Mullingar","Millimetres","39.2"
"Precipitation Amount","2015 September","Cork Airport","Millimetres","97.6"
"Precipitation Amount","2015 September","Casement","Millimetres","26.2"
"Precipitation Amount","2015 September","Phoenix Park","Millimetres","36.8"
"Precipitation Amount","2015 September","Roches Point","Millimetres","64.5"
"Precipitation Amount","2015 September","Markree","Millimetres","65.4"
"Precipitation Amount","2015 October","Malin Head","Millimetres","71.8"
"Precipitation Amount","2015 October","Claremorris","Millimetres","61"
"Precipitation Amount","2015 October","Valentia Observatory","Millimetres","96.1"
"Precipitation Amount","2015 October","Belmullet","Millimetres","76.3"
"Precipitation Amount","2015 October","Shannon Airport","Millimetres","49.7"
"Precipitation Amount","2015 October","Dublin Airport","Millimetres","49.1"
"Precipitation Amount","2015 October","Mullingar","Millimetres","57.6"
"Precipitation Amount","2015 October","Cork Airport","Millimetres","82.5"
"Precipitation Amount","2015 October","Casement","Millimetres","39.4"
"Precipitation Amount","2015 October","Phoenix Park","Millimetres","45.9"
"Precipitation Amount","2015 October","Roches Point","Millimetres","54.9"
"Precipitation Amount","2015 October","Markree","Millimetres","75.3"
"Precipitation Amount","2015 November","Malin Head","Millimetres","222.9"
"Precipitation Amount","2015 November","Claremorris","Millimetres","198.3"
"Precipitation Amount","2015 November","Valentia Observatory","Millimetres","199.9"
"Precipitation Amount","2015 November","Belmullet","Millimetres","191.8"
"Precipitation Amount","2015 November","Shannon Airport","Millimetres","190.5"
"Precipitation Amount","2015 November","Dublin Airport","Millimetres","121.6"
"Precipitation Amount","2015 November","Mullingar","Millimetres","184.4"
"Precipitation Amount","2015 November","Cork Airport","Millimetres","139.3"
"Precipitation Amount","2015 November","Casement","Millimetres","114.3"
"Precipitation Amount","2015 November","Phoenix Park","Millimetres","105.2"
"Precipitation Amount","2015 November","Roches Point","Millimetres","122.8"
"Precipitation Amount","2015 November","Markree","Millimetres","228.3"
"Precipitation Amount","2015 December","Malin Head","Millimetres","272.9"
"Precipitation Amount","2015 December","Claremorris","Millimetres","348.9"
"Precipitation Amount","2015 December","Valentia Observatory","Millimetres","339"
"Precipitation Amount","2015 December","Belmullet","Millimetres","255.7"
"Precipitation Amount","2015 December","Shannon Airport","Millimetres","233.2"
"Precipitation Amount","2015 December","Dublin Airport","Millimetres","193.5"
"Precipitation Amount","2015 December","Mullingar","Millimetres","274.3"
"Precipitation Amount","2015 December","Cork Airport","Millimetres","402.2"
"Precipitation Amount","2015 December","Casement","Millimetres","206.3"
"Precipitation Amount","2015 December","Phoenix Park","Millimetres","193.9"
"Precipitation Amount","2015 December","Roches Point","Millimetres","340.6"
"Precipitation Amount","2015 December","Markree","Millimetres","298.3"
"Precipitation Amount","2016 January","Malin Head","Millimetres","166.3"
"Precipitation Amount","2016 January","Claremorris","Millimetres","169.9"
"Precipitation Amount","2016 January","Valentia Observatory","Millimetres","293.8"
"Precipitation Amount","2016 January","Belmullet","Millimetres","189.1"
"Precipitation Amount","2016 January","Shannon Airport","Millimetres","107.7"
"Precipitation Amount","2016 January","Dublin Airport","Millimetres","118.4"
"Precipitation Amount","2016 January","Mullingar","Millimetres","121.9"
"Precipitation Amount","2016 January","Cork Airport","Millimetres","251.7"
"Precipitation Amount","2016 January","Casement","Millimetres","83.2"
"Precipitation Amount","2016 January","Phoenix Park","Millimetres","105.4"
"Precipitation Amount","2016 January","Roches Point","Millimetres","175"
"Precipitation Amount","2016 January","Markree","Millimetres","176.6"
"Precipitation Amount","2016 February","Malin Head","Millimetres","130.7"
"Precipitation Amount","2016 February","Claremorris","Millimetres","130.1"
"Precipitation Amount","2016 February","Valentia Observatory","Millimetres","190.6"
"Precipitation Amount","2016 February","Belmullet","Millimetres","171.6"
"Precipitation Amount","2016 February","Shannon Airport","Millimetres","144.6"
"Precipitation Amount","2016 February","Dublin Airport","Millimetres","59.7"
"Precipitation Amount","2016 February","Mullingar","Millimetres","111.8"
"Precipitation Amount","2016 February","Cork Airport","Millimetres","150.9"
"Precipitation Amount","2016 February","Casement","Millimetres","68.3"
"Precipitation Amount","2016 February","Phoenix Park","Millimetres","55.8"
"Precipitation Amount","2016 February","Roches Point","Millimetres","167.2"
"Precipitation Amount","2016 February","Markree","Millimetres","134.2"
"Precipitation Amount","2016 March","Malin Head","Millimetres","72.7"
"Precipitation Amount","2016 March","Claremorris","Millimetres","79.6"
"Precipitation Amount","2016 March","Valentia Observatory","Millimetres","104.6"
"Precipitation Amount","2016 March","Belmullet","Millimetres","98.4"
"Precipitation Amount","2016 March","Shannon Airport","Millimetres","64.4"
"Precipitation Amount","2016 March","Dublin Airport","Millimetres","36.3"
"Precipitation Amount","2016 March","Mullingar","Millimetres","58.2"
"Precipitation Amount","2016 March","Cork Airport","Millimetres","84.4"
"Precipitation Amount","2016 March","Casement","Millimetres","38.7"
"Precipitation Amount","2016 March","Phoenix Park","Millimetres","32.2"
"Precipitation Amount","2016 March","Roches Point","Millimetres","55.4"
"Precipitation Amount","2016 March","Markree","Millimetres","101.1"
"Precipitation Amount","2016 April","Malin Head","Millimetres","52.9"
"Precipitation Amount","2016 April","Claremorris","Millimetres","73.3"
"Precipitation Amount","2016 April","Valentia Observatory","Millimetres","104"
"Precipitation Amount","2016 April","Belmullet","Millimetres","57.8"
"Precipitation Amount","2016 April","Shannon Airport","Millimetres","42"
"Precipitation Amount","2016 April","Dublin Airport","Millimetres","88.2"
"Precipitation Amount","2016 April","Mullingar","Millimetres","91.2"
"Precipitation Amount","2016 April","Cork Airport","Millimetres","103.3"
"Precipitation Amount","2016 April","Casement","Millimetres","59.7"
"Precipitation Amount","2016 April","Phoenix Park","Millimetres","66.9"
"Precipitation Amount","2016 April","Roches Point","Millimetres","81.7"
"Precipitation Amount","2016 April","Markree","Millimetres","82.6"
"Precipitation Amount","2016 May","Malin Head","Millimetres","65.6"
"Precipitation Amount","2016 May","Claremorris","Millimetres","67.9"
"Precipitation Amount","2016 May","Valentia Observatory","Millimetres","77.9"
"Precipitation Amount","2016 May","Belmullet","Millimetres","49.3"
"Precipitation Amount","2016 May","Shannon Airport","Millimetres","45.4"
"Precipitation Amount","2016 May","Dublin Airport","Millimetres","46.8"
"Precipitation Amount","2016 May","Mullingar","Millimetres","61.6"
"Precipitation Amount","2016 May","Cork Airport","Millimetres","85.4"
"Precipitation Amount","2016 May","Casement","Millimetres","62.6"
"Precipitation Amount","2016 May","Phoenix Park","Millimetres","51"
"Precipitation Amount","2016 May","Roches Point","Millimetres","65.1"
"Precipitation Amount","2016 May","Markree","Millimetres","66.5"
"Precipitation Amount","2016 June","Malin Head","Millimetres","72.4"
"Precipitation Amount","2016 June","Claremorris","Millimetres","74.4"
"Precipitation Amount","2016 June","Valentia Observatory","Millimetres","108"
"Precipitation Amount","2016 June","Belmullet","Millimetres","100"
"Precipitation Amount","2016 June","Shannon Airport","Millimetres","68"
"Precipitation Amount","2016 June","Dublin Airport","Millimetres","58.5"
"Precipitation Amount","2016 June","Mullingar","Millimetres","130.3"
"Precipitation Amount","2016 June","Cork Airport","Millimetres","65.6"
"Precipitation Amount","2016 June","Casement","Millimetres","111.3"
"Precipitation Amount","2016 June","Phoenix Park","Millimetres","84.1"
"Precipitation Amount","2016 June","Roches Point","Millimetres","54.1"
"Precipitation Amount","2016 June","Markree","Millimetres","113.1"
"Precipitation Amount","2016 July","Malin Head","Millimetres","109.9"
"Precipitation Amount","2016 July","Claremorris","Millimetres","74"
"Precipitation Amount","2016 July","Valentia Observatory","Millimetres","83.3"
"Precipitation Amount","2016 July","Belmullet","Millimetres","99.3"
"Precipitation Amount","2016 July","Shannon Airport","Millimetres","66.9"
"Precipitation Amount","2016 July","Dublin Airport","Millimetres","43.7"
"Precipitation Amount","2016 July","Mullingar","Millimetres","70.1"
"Precipitation Amount","2016 July","Cork Airport","Millimetres","56.7"
"Precipitation Amount","2016 July","Casement","Millimetres","36.6"
"Precipitation Amount","2016 July","Phoenix Park","Millimetres","39.8"
"Precipitation Amount","2016 July","Roches Point","Millimetres","53.8"
"Precipitation Amount","2016 July","Markree","Millimetres","110.8"
"Precipitation Amount","2016 August","Malin Head","Millimetres","79.9"
"Precipitation Amount","2016 August","Claremorris","Millimetres","93.7"
"Precipitation Amount","2016 August","Valentia Observatory","Millimetres","105.1"
"Precipitation Amount","2016 August","Belmullet","Millimetres","56.2"
"Precipitation Amount","2016 August","Shannon Airport","Millimetres","107.4"
"Precipitation Amount","2016 August","Dublin Airport","Millimetres","61.9"
"Precipitation Amount","2016 August","Mullingar","Millimetres","98.6"
"Precipitation Amount","2016 August","Cork Airport","Millimetres","84.7"
"Precipitation Amount","2016 August","Casement","Millimetres","63.8"
"Precipitation Amount","2016 August","Phoenix Park","Millimetres","73.6"
"Precipitation Amount","2016 August","Roches Point","Millimetres","64.1"
"Precipitation Amount","2016 August","Markree","Millimetres","98.6"
"Precipitation Amount","2016 September","Malin Head","Millimetres","94.7"
"Precipitation Amount","2016 September","Claremorris","Millimetres","124.7"
"Precipitation Amount","2016 September","Valentia Observatory","Millimetres","182.7"
"Precipitation Amount","2016 September","Belmullet","Millimetres","145.8"
"Precipitation Amount","2016 September","Shannon Airport","Millimetres","88.5"
"Precipitation Amount","2016 September","Dublin Airport","Millimetres","56.6"
"Precipitation Amount","2016 September","Mullingar","Millimetres","90.5"
"Precipitation Amount","2016 September","Cork Airport","Millimetres","136.3"
"Precipitation Amount","2016 September","Casement","Millimetres","74.9"
"Precipitation Amount","2016 September","Phoenix Park","Millimetres","72.2"
"Precipitation Amount","2016 September","Roches Point","Millimetres","85.5"
"Precipitation Amount","2016 September","Markree","Millimetres","100"
"Precipitation Amount","2016 October","Malin Head","Millimetres","37.6"
"Precipitation Amount","2016 October","Claremorris","Millimetres","58.5"
"Precipitation Amount","2016 October","Valentia Observatory","Millimetres","186.4"
"Precipitation Amount","2016 October","Belmullet","Millimetres","47.8"
"Precipitation Amount","2016 October","Shannon Airport","Millimetres","35.3"
"Precipitation Amount","2016 October","Dublin Airport","Millimetres","60"
"Precipitation Amount","2016 October","Mullingar","Millimetres","33.9"
"Precipitation Amount","2016 October","Cork Airport","Millimetres","48.7"
"Precipitation Amount","2016 October","Casement","Millimetres","45.4"
"Precipitation Amount","2016 October","Phoenix Park","Millimetres","40"
"Precipitation Amount","2016 October","Roches Point","Millimetres","46.1"
"Precipitation Amount","2016 October","Markree","Millimetres","29.6"
"Precipitation Amount","2016 November","Malin Head","Millimetres","113.9"
"Precipitation Amount","2016 November","Claremorris","Millimetres","65"
"Precipitation Amount","2016 November","Valentia Observatory","Millimetres","76.7"
"Precipitation Amount","2016 November","Belmullet","Millimetres","89.2"
"Precipitation Amount","2016 November","Shannon Airport","Millimetres","69.2"
"Precipitation Amount","2016 November","Dublin Airport","Millimetres","36.9"
"Precipitation Amount","2016 November","Mullingar","Millimetres","50.7"
"Precipitation Amount","2016 November","Cork Airport","Millimetres","40.7"
"Precipitation Amount","2016 November","Casement","Millimetres","38"
"Precipitation Amount","2016 November","Phoenix Park","Millimetres","37.8"
"Precipitation Amount","2016 November","Roches Point","Millimetres","36"
"Precipitation Amount","2016 November","Markree","Millimetres","98.8"
"Precipitation Amount","2016 December","Malin Head","Millimetres","76"
"Precipitation Amount","2016 December","Claremorris","Millimetres","88.5"
"Precipitation Amount","2016 December","Valentia Observatory","Millimetres","103.8"
"Precipitation Amount","2016 December","Belmullet","Millimetres","83.8"
"Precipitation Amount","2016 December","Shannon Airport","Millimetres","74"
"Precipitation Amount","2016 December","Dublin Airport","Millimetres","46.6"
"Precipitation Amount","2016 December","Mullingar","Millimetres","69.5"
"Precipitation Amount","2016 December","Cork Airport","Millimetres","94.2"
"Precipitation Amount","2016 December","Casement","Millimetres","49.2"
"Precipitation Amount","2016 December","Phoenix Park","Millimetres","45.3"
"Precipitation Amount","2016 December","Roches Point","Millimetres","85.8"
"Precipitation Amount","2016 December","Markree","Millimetres","90.5"
"Precipitation Amount","2017 January","Malin Head","Millimetres","56.7"
"Precipitation Amount","2017 January","Claremorris","Millimetres","50.6"
"Precipitation Amount","2017 January","Valentia Observatory","Millimetres","167.2"
"Precipitation Amount","2017 January","Belmullet","Millimetres","60"
"Precipitation Amount","2017 January","Shannon Airport","Millimetres","53.2"
"Precipitation Amount","2017 January","Dublin Airport","Millimetres","21.9"
"Precipitation Amount","2017 January","Mullingar","Millimetres","41.4"
"Precipitation Amount","2017 January","Cork Airport","Millimetres","108.5"
"Precipitation Amount","2017 January","Casement","Millimetres","26.1"
"Precipitation Amount","2017 January","Phoenix Park","Millimetres","24"
"Precipitation Amount","2017 January","Roches Point","Millimetres","86.5"
"Precipitation Amount","2017 January","Markree","Millimetres","51.2"
"Precipitation Amount","2017 February","Malin Head","Millimetres","85.1"
"Precipitation Amount","2017 February","Claremorris","Millimetres","82.9"
"Precipitation Amount","2017 February","Valentia Observatory","Millimetres","138.7"
"Precipitation Amount","2017 February","Belmullet","Millimetres","110.6"
"Precipitation Amount","2017 February","Shannon Airport","Millimetres","71.1"
"Precipitation Amount","2017 February","Dublin Airport","Millimetres","41.6"
"Precipitation Amount","2017 February","Mullingar","Millimetres","75.2"
"Precipitation Amount","2017 February","Cork Airport","Millimetres","113.3"
"Precipitation Amount","2017 February","Casement","Millimetres","63.6"
"Precipitation Amount","2017 February","Phoenix Park","Millimetres","62"
"Precipitation Amount","2017 February","Roches Point","Millimetres","73.6"
"Precipitation Amount","2017 February","Markree","Millimetres","87.7"
"Precipitation Amount","2017 March","Malin Head","Millimetres","96.9"
"Precipitation Amount","2017 March","Claremorris","Millimetres","136.4"
"Precipitation Amount","2017 March","Valentia Observatory","Millimetres","135.1"
"Precipitation Amount","2017 March","Belmullet","Millimetres","108.8"
"Precipitation Amount","2017 March","Shannon Airport","Millimetres","133.9"
"Precipitation Amount","2017 March","Dublin Airport","Millimetres","67.2"
"Precipitation Amount","2017 March","Mullingar","Millimetres","83.7"
"Precipitation Amount","2017 March","Cork Airport","Millimetres","115"
"Precipitation Amount","2017 March","Casement","Millimetres","65.9"
"Precipitation Amount","2017 March","Phoenix Park","Millimetres","75.3"
"Precipitation Amount","2017 March","Roches Point","Millimetres","120.7"
"Precipitation Amount","2017 March","Markree","Millimetres","102.5"
"Precipitation Amount","2017 April","Malin Head","Millimetres","41.1"
"Precipitation Amount","2017 April","Claremorris","Millimetres","16.8"
"Precipitation Amount","2017 April","Valentia Observatory","Millimetres","51.4"
"Precipitation Amount","2017 April","Belmullet","Millimetres","25.2"
"Precipitation Amount","2017 April","Shannon Airport","Millimetres","17.5"
"Precipitation Amount","2017 April","Dublin Airport","Millimetres","10"
"Precipitation Amount","2017 April","Mullingar","Millimetres","14.1"
"Precipitation Amount","2017 April","Cork Airport","Millimetres","24.6"
"Precipitation Amount","2017 April","Casement","Millimetres","8.8"
"Precipitation Amount","2017 April","Phoenix Park","Millimetres","11.8"
"Precipitation Amount","2017 April","Roches Point","Millimetres","9.2"
"Precipitation Amount","2017 April","Markree","Millimetres","30.8"
"Precipitation Amount","2017 May","Malin Head","Millimetres","50.9"
"Precipitation Amount","2017 May","Claremorris","Millimetres","76.7"
"Precipitation Amount","2017 May","Valentia Observatory","Millimetres","77.8"
"Precipitation Amount","2017 May","Belmullet","Millimetres","49.6"
"Precipitation Amount","2017 May","Shannon Airport","Millimetres","45.2"
"Precipitation Amount","2017 May","Dublin Airport","Millimetres","43.5"
"Precipitation Amount","2017 May","Mullingar","Millimetres","70.7"
"Precipitation Amount","2017 May","Cork Airport","Millimetres","60.6"
"Precipitation Amount","2017 May","Casement","Millimetres","67.1"
"Precipitation Amount","2017 May","Phoenix Park","Millimetres","47.7"
"Precipitation Amount","2017 May","Roches Point","Millimetres","53.8"
"Precipitation Amount","2017 May","Markree","Millimetres","69.4"
"Precipitation Amount","2017 June","Malin Head","Millimetres","77.7"
"Precipitation Amount","2017 June","Claremorris","Millimetres","95.3"
"Precipitation Amount","2017 June","Valentia Observatory","Millimetres","141.5"
"Precipitation Amount","2017 June","Belmullet","Millimetres","97.6"
"Precipitation Amount","2017 June","Shannon Airport","Millimetres","86.5"
"Precipitation Amount","2017 June","Dublin Airport","Millimetres","86.4"
"Precipitation Amount","2017 June","Mullingar","Millimetres","98.1"
"Precipitation Amount","2017 June","Cork Airport","Millimetres","109"
"Precipitation Amount","2017 June","Casement","Millimetres","91.8"
"Precipitation Amount","2017 June","Phoenix Park","Millimetres","95.6"
"Precipitation Amount","2017 June","Roches Point","Millimetres","104.4"
"Precipitation Amount","2017 June","Markree","Millimetres","83.6"
"Precipitation Amount","2017 July","Malin Head","Millimetres","114.6"
"Precipitation Amount","2017 July","Claremorris","Millimetres","117.3"
"Precipitation Amount","2017 July","Valentia Observatory","Millimetres","108.4"
"Precipitation Amount","2017 July","Belmullet","Millimetres","98.7"
"Precipitation Amount","2017 July","Shannon Airport","Millimetres","133.6"
"Precipitation Amount","2017 July","Dublin Airport","Millimetres","42.2"
"Precipitation Amount","2017 July","Mullingar","Millimetres","90.5"
"Precipitation Amount","2017 July","Cork Airport","Millimetres","60.2"
"Precipitation Amount","2017 July","Casement","Millimetres","42.9"
"Precipitation Amount","2017 July","Phoenix Park","Millimetres","52.8"
"Precipitation Amount","2017 July","Roches Point","Millimetres","50.9"
"Precipitation Amount","2017 July","Markree","Millimetres","101.1"
"Precipitation Amount","2017 August","Malin Head","Millimetres","172.5"
"Precipitation Amount","2017 August","Claremorris","Millimetres","106.7"
"Precipitation Amount","2017 August","Valentia Observatory","Millimetres","102.8"
"Precipitation Amount","2017 August","Belmullet","Millimetres","134.3"
"Precipitation Amount","2017 August","Shannon Airport","Millimetres","82.7"
"Precipitation Amount","2017 August","Dublin Airport","Millimetres","73.2"
"Precipitation Amount","2017 August","Mullingar","Millimetres","77.4"
"Precipitation Amount","2017 August","Cork Airport","Millimetres","72.2"
"Precipitation Amount","2017 August","Casement","Millimetres","65.4"
"Precipitation Amount","2017 August","Phoenix Park","Millimetres","80.5"
"Precipitation Amount","2017 August","Roches Point","Millimetres","78.6"
"Precipitation Amount","2017 August","Markree","Millimetres","134.4"
"Precipitation Amount","2017 September","Malin Head","Millimetres","88.2"
"Precipitation Amount","2017 September","Claremorris","Millimetres","145.2"
"Precipitation Amount","2017 September","Valentia Observatory","Millimetres","204.4"
"Precipitation Amount","2017 September","Belmullet","Millimetres","139.6"
"Precipitation Amount","2017 September","Shannon Airport","Millimetres","99.2"
"Precipitation Amount","2017 September","Dublin Airport","Millimetres","82.3"
"Precipitation Amount","2017 September","Mullingar","Millimetres","113.1"
"Precipitation Amount","2017 September","Cork Airport","Millimetres","169"
"Precipitation Amount","2017 September","Casement","Millimetres","70.5"
"Precipitation Amount","2017 September","Phoenix Park","Millimetres","87.2"
"Precipitation Amount","2017 September","Roches Point","Millimetres","142.1"
"Precipitation Amount","2017 September","Markree","Millimetres","171.4"
"Precipitation Amount","2017 October","Malin Head","Millimetres","109.9"
"Precipitation Amount","2017 October","Claremorris","Millimetres","114.5"
"Precipitation Amount","2017 October","Valentia Observatory","Millimetres","162.2"
"Precipitation Amount","2017 October","Belmullet","Millimetres","131.6"
"Precipitation Amount","2017 October","Shannon Airport","Millimetres","80.6"
"Precipitation Amount","2017 October","Dublin Airport","Millimetres","47.8"
"Precipitation Amount","2017 October","Mullingar","Millimetres","104.4"
"Precipitation Amount","2017 October","Cork Airport","Millimetres","127.9"
"Precipitation Amount","2017 October","Casement","Millimetres","57.2"
"Precipitation Amount","2017 October","Phoenix Park","Millimetres","51.3"
"Precipitation Amount","2017 October","Roches Point","Millimetres","125.5"
"Precipitation Amount","2017 October","Markree","Millimetres","102.8"
"Precipitation Amount","2017 November","Malin Head","Millimetres","137.5"
"Precipitation Amount","2017 November","Claremorris","Millimetres",""
"Precipitation Amount","2017 November","Valentia Observatory","Millimetres","107.4"
"Precipitation Amount","2017 November","Belmullet","Millimetres","143.6"
"Precipitation Amount","2017 November","Shannon Airport","Millimetres","125.1"
"Precipitation Amount","2017 November","Dublin Airport","Millimetres","81.5"
"Precipitation Amount","2017 November","Mullingar","Millimetres","78.2"
"Precipitation Amount","2017 November","Cork Airport","Millimetres","74.8"
"Precipitation Amount","2017 November","Casement","Millimetres","79.5"
"Precipitation Amount","2017 November","Phoenix Park","Millimetres","78.3"
"Precipitation Amount","2017 November","Roches Point","Millimetres","47.8"
"Precipitation Amount","2017 November","Markree","Millimetres",""
"Precipitation Amount","2017 December","Malin Head","Millimetres","117"
"Precipitation Amount","2017 December","Claremorris","Millimetres","166.9"
"Precipitation Amount","2017 December","Valentia Observatory","Millimetres","198.8"
"Precipitation Amount","2017 December","Belmullet","Millimetres","143.5"
"Precipitation Amount","2017 December","Shannon Airport","Millimetres","139.6"
"Precipitation Amount","2017 December","Dublin Airport","Millimetres","63.1"
"Precipitation Amount","2017 December","Mullingar","Millimetres","106.1"
"Precipitation Amount","2017 December","Cork Airport","Millimetres","126.3"
"Precipitation Amount","2017 December","Casement","Millimetres","64.7"
"Precipitation Amount","2017 December","Phoenix Park","Millimetres","64.7"
"Precipitation Amount","2017 December","Roches Point","Millimetres","119.1"
"Precipitation Amount","2017 December","Markree","Millimetres","142.6"
"Precipitation Amount","2018 January","Malin Head","Millimetres","203.7"
"Precipitation Amount","2018 January","Claremorris","Millimetres","218.6"
"Precipitation Amount","2018 January","Valentia Observatory","Millimetres","238.2"
"Precipitation Amount","2018 January","Belmullet","Millimetres","228.3"
"Precipitation Amount","2018 January","Shannon Airport","Millimetres","197.3"
"Precipitation Amount","2018 January","Dublin Airport","Millimetres","93.1"
"Precipitation Amount","2018 January","Mullingar","Millimetres","148.1"
"Precipitation Amount","2018 January","Cork Airport","Millimetres","156.6"
"Precipitation Amount","2018 January","Casement","Millimetres","91.5"
"Precipitation Amount","2018 January","Phoenix Park","Millimetres","85.1"
"Precipitation Amount","2018 January","Roches Point","Millimetres","110.2"
"Precipitation Amount","2018 January","Markree","Millimetres","196"
"Precipitation Amount","2018 February","Malin Head","Millimetres","74.2"
"Precipitation Amount","2018 February","Claremorris","Millimetres","91.7"
"Precipitation Amount","2018 February","Valentia Observatory","Millimetres","119.1"
"Precipitation Amount","2018 February","Belmullet","Millimetres","123.6"
"Precipitation Amount","2018 February","Shannon Airport","Millimetres","71.9"
"Precipitation Amount","2018 February","Dublin Airport","Millimetres","36.9"
"Precipitation Amount","2018 February","Mullingar","Millimetres","52.4"
"Precipitation Amount","2018 February","Cork Airport","Millimetres","48.7"
"Precipitation Amount","2018 February","Casement","Millimetres","25.8"
"Precipitation Amount","2018 February","Phoenix Park","Millimetres","29.4"
"Precipitation Amount","2018 February","Roches Point","Millimetres","46.8"
"Precipitation Amount","2018 February","Markree","Millimetres","109.7"
"Precipitation Amount","2018 March","Malin Head","Millimetres","67.2"
"Precipitation Amount","2018 March","Claremorris","Millimetres","54.9"
"Precipitation Amount","2018 March","Valentia Observatory","Millimetres","130.6"
"Precipitation Amount","2018 March","Belmullet","Millimetres","87.4"
"Precipitation Amount","2018 March","Shannon Airport","Millimetres","53.6"
"Precipitation Amount","2018 March","Dublin Airport","Millimetres","100"
"Precipitation Amount","2018 March","Mullingar","Millimetres","73.6"
"Precipitation Amount","2018 March","Cork Airport","Millimetres","164.9"
"Precipitation Amount","2018 March","Casement","Millimetres","69.1"
"Precipitation Amount","2018 March","Phoenix Park","Millimetres","100.5"
"Precipitation Amount","2018 March","Roches Point","Millimetres","164.7"
"Precipitation Amount","2018 March","Markree","Millimetres","58.7"
"Precipitation Amount","2018 April","Malin Head","Millimetres","63.4"
"Precipitation Amount","2018 April","Claremorris","Millimetres","111.9"
"Precipitation Amount","2018 April","Valentia Observatory","Millimetres","204.5"
"Precipitation Amount","2018 April","Belmullet","Millimetres","81.4"
"Precipitation Amount","2018 April","Shannon Airport","Millimetres","78.1"
"Precipitation Amount","2018 April","Dublin Airport","Millimetres","68.9"
"Precipitation Amount","2018 April","Mullingar","Millimetres","58.9"
"Precipitation Amount","2018 April","Cork Airport","Millimetres","180.7"
"Precipitation Amount","2018 April","Casement","Millimetres","76.1"
"Precipitation Amount","2018 April","Phoenix Park","Millimetres","76.2"
"Precipitation Amount","2018 April","Roches Point","Millimetres","146.9"
"Precipitation Amount","2018 April","Markree","Millimetres","80.1"
"Precipitation Amount","2018 May","Malin Head","Millimetres","41.5"
"Precipitation Amount","2018 May","Claremorris","Millimetres","60.4"
"Precipitation Amount","2018 May","Valentia Observatory","Millimetres","114.3"
"Precipitation Amount","2018 May","Belmullet","Millimetres","67.4"
"Precipitation Amount","2018 May","Shannon Airport","Millimetres","55.1"
"Precipitation Amount","2018 May","Dublin Airport","Millimetres","19.1"
"Precipitation Amount","2018 May","Mullingar","Millimetres","33.9"
"Precipitation Amount","2018 May","Cork Airport","Millimetres","82.8"
"Precipitation Amount","2018 May","Casement","Millimetres","16.8"
"Precipitation Amount","2018 May","Phoenix Park","Millimetres","25.6"
"Precipitation Amount","2018 May","Roches Point","Millimetres","45.1"
"Precipitation Amount","2018 May","Markree","Millimetres","57.5"
"Precipitation Amount","2018 June","Malin Head","Millimetres","51.1"
"Precipitation Amount","2018 June","Claremorris","Millimetres","43.1"
"Precipitation Amount","2018 June","Valentia Observatory","Millimetres","39.2"
"Precipitation Amount","2018 June","Belmullet","Millimetres","40.1"
"Precipitation Amount","2018 June","Shannon Airport","Millimetres","13.6"
"Precipitation Amount","2018 June","Dublin Airport","Millimetres","4.8"
"Precipitation Amount","2018 June","Mullingar","Millimetres","27.1"
"Precipitation Amount","2018 June","Cork Airport","Millimetres","10.4"
"Precipitation Amount","2018 June","Casement","Millimetres","18.5"
"Precipitation Amount","2018 June","Phoenix Park","Millimetres","4.1"
"Precipitation Amount","2018 June","Roches Point","Millimetres","12.4"
"Precipitation Amount","2018 June","Markree","Millimetres","39.6"
"Precipitation Amount","2018 July","Malin Head","Millimetres","60.3"
"Precipitation Amount","2018 July","Claremorris","Millimetres","56.2"
"Precipitation Amount","2018 July","Valentia Observatory","Millimetres","50.1"
"Precipitation Amount","2018 July","Belmullet","Millimetres","64.6"
"Precipitation Amount","2018 July","Shannon Airport","Millimetres","57.2"
"Precipitation Amount","2018 July","Dublin Airport","Millimetres","40"
"Precipitation Amount","2018 July","Mullingar","Millimetres","33.5"
"Precipitation Amount","2018 July","Cork Airport","Millimetres","40.1"
"Precipitation Amount","2018 July","Casement","Millimetres","30.1"
"Precipitation Amount","2018 July","Phoenix Park","Millimetres","30.5"
"Precipitation Amount","2018 July","Roches Point","Millimetres","47.2"
"Precipitation Amount","2018 July","Markree","Millimetres","71.2"
"Precipitation Amount","2018 August","Malin Head","Millimetres","126"
"Precipitation Amount","2018 August","Claremorris","Millimetres","119.8"
"Precipitation Amount","2018 August","Valentia Observatory","Millimetres","109.4"
"Precipitation Amount","2018 August","Belmullet","Millimetres","135.2"
"Precipitation Amount","2018 August","Shannon Airport","Millimetres","60.8"
"Precipitation Amount","2018 August","Dublin Airport","Millimetres","48"
"Precipitation Amount","2018 August","Mullingar","Millimetres","60.2"
"Precipitation Amount","2018 August","Cork Airport","Millimetres","59"
"Precipitation Amount","2018 August","Casement","Millimetres","43.3"
"Precipitation Amount","2018 August","Phoenix Park","Millimetres","40.7"
"Precipitation Amount","2018 August","Roches Point","Millimetres","51.1"
"Precipitation Amount","2018 August","Markree","Millimetres","124.1"
"Precipitation Amount","2018 September","Malin Head","Millimetres","108.5"
"Precipitation Amount","2018 September","Claremorris","Millimetres","89.4"
"Precipitation Amount","2018 September","Valentia Observatory","Millimetres","118.8"
"Precipitation Amount","2018 September","Belmullet","Millimetres","93.9"
"Precipitation Amount","2018 September","Shannon Airport","Millimetres","80.5"
"Precipitation Amount","2018 September","Dublin Airport","Millimetres","43.8"
"Precipitation Amount","2018 September","Mullingar","Millimetres","45.8"
"Precipitation Amount","2018 September","Cork Airport","Millimetres","77.4"
"Precipitation Amount","2018 September","Casement","Millimetres","37"
"Precipitation Amount","2018 September","Phoenix Park","Millimetres","47.8"
"Precipitation Amount","2018 September","Roches Point","Millimetres","79.3"
"Precipitation Amount","2018 September","Markree","Millimetres","67.5"
"Precipitation Amount","2018 October","Malin Head","Millimetres","105.8"
"Precipitation Amount","2018 October","Claremorris","Millimetres","78.9"
"Precipitation Amount","2018 October","Valentia Observatory","Millimetres","114.7"
"Precipitation Amount","2018 October","Belmullet","Millimetres","135.1"
"Precipitation Amount","2018 October","Shannon Airport","Millimetres","48"
"Precipitation Amount","2018 October","Dublin Airport","Millimetres","42.6"
"Precipitation Amount","2018 October","Mullingar","Millimetres","41.7"
"Precipitation Amount","2018 October","Cork Airport","Millimetres","62"
"Precipitation Amount","2018 October","Casement","Millimetres","56"
"Precipitation Amount","2018 October","Phoenix Park","Millimetres","44.4"
"Precipitation Amount","2018 October","Roches Point","Millimetres","61.2"
"Precipitation Amount","2018 October","Markree","Millimetres","94.2"
"Precipitation Amount","2018 November","Malin Head","Millimetres","100.8"
"Precipitation Amount","2018 November","Claremorris","Millimetres","170"
"Precipitation Amount","2018 November","Valentia Observatory","Millimetres","253.4"
"Precipitation Amount","2018 November","Belmullet","Millimetres","147.5"
"Precipitation Amount","2018 November","Shannon Airport","Millimetres","89.1"
"Precipitation Amount","2018 November","Dublin Airport","Millimetres","131.2"
"Precipitation Amount","2018 November","Mullingar","Millimetres","105.8"
"Precipitation Amount","2018 November","Cork Airport","Millimetres","201.5"
"Precipitation Amount","2018 November","Casement","Millimetres","104.6"
"Precipitation Amount","2018 November","Phoenix Park","Millimetres","120.8"
"Precipitation Amount","2018 November","Roches Point","Millimetres","200"
"Precipitation Amount","2018 November","Markree","Millimetres","118.9"
"Precipitation Amount","2018 December","Malin Head","Millimetres","97.7"
"Precipitation Amount","2018 December","Claremorris","Millimetres","142.9"
"Precipitation Amount","2018 December","Valentia Observatory","Millimetres","278.6"
"Precipitation Amount","2018 December","Belmullet","Millimetres","152.3"
"Precipitation Amount","2018 December","Shannon Airport","Millimetres","159.8"
"Precipitation Amount","2018 December","Dublin Airport","Millimetres","81"
"Precipitation Amount","2018 December","Mullingar","Millimetres","100.6"
"Precipitation Amount","2018 December","Cork Airport","Millimetres","193.2"
"Precipitation Amount","2018 December","Casement","Millimetres","88.9"
"Precipitation Amount","2018 December","Phoenix Park","Millimetres","81.6"
"Precipitation Amount","2018 December","Roches Point","Millimetres","164.3"
"Precipitation Amount","2018 December","Markree","Millimetres","110.8"
"Precipitation Amount","2019 January","Malin Head","Millimetres","81.5"
"Precipitation Amount","2019 January","Claremorris","Millimetres","83.1"
"Precipitation Amount","2019 January","Valentia Observatory","Millimetres","134.3"
"Precipitation Amount","2019 January","Belmullet","Millimetres","92.7"
"Precipitation Amount","2019 January","Shannon Airport","Millimetres","71.4"
"Precipitation Amount","2019 January","Dublin Airport","Millimetres","26.8"
"Precipitation Amount","2019 January","Mullingar","Millimetres","41.3"
"Precipitation Amount","2019 January","Cork Airport","Millimetres","74.3"
"Precipitation Amount","2019 January","Casement","Millimetres","33.1"
"Precipitation Amount","2019 January","Phoenix Park","Millimetres","27.1"
"Precipitation Amount","2019 January","Roches Point","Millimetres","53.9"
"Precipitation Amount","2019 January","Markree","Millimetres","98.2"
"Precipitation Amount","2019 February","Malin Head","Millimetres","59.7"
"Precipitation Amount","2019 February","Claremorris","Millimetres","100.2"
"Precipitation Amount","2019 February","Valentia Observatory","Millimetres","149.8"
"Precipitation Amount","2019 February","Belmullet","Millimetres","120.2"
"Precipitation Amount","2019 February","Shannon Airport","Millimetres","58.4"
"Precipitation Amount","2019 February","Dublin Airport","Millimetres","30.5"
"Precipitation Amount","2019 February","Mullingar","Millimetres","48.8"
"Precipitation Amount","2019 February","Cork Airport","Millimetres","81.5"
"Precipitation Amount","2019 February","Casement","Millimetres","22.2"
"Precipitation Amount","2019 February","Phoenix Park","Millimetres","19.9"
"Precipitation Amount","2019 February","Roches Point","Millimetres","64.7"
"Precipitation Amount","2019 February","Markree","Millimetres","81"
"Precipitation Amount","2019 March","Malin Head","Millimetres","138.8"
"Precipitation Amount","2019 March","Claremorris","Millimetres","160.6"
"Precipitation Amount","2019 March","Valentia Observatory","Millimetres","175.3"
"Precipitation Amount","2019 March","Belmullet","Millimetres","151.3"
"Precipitation Amount","2019 March","Shannon Airport","Millimetres","177.2"
"Precipitation Amount","2019 March","Dublin Airport","Millimetres","92.5"
"Precipitation Amount","2019 March","Mullingar","Millimetres","157.1"
"Precipitation Amount","2019 March","Cork Airport","Millimetres","128.6"
"Precipitation Amount","2019 March","Casement","Millimetres","86.2"
"Precipitation Amount","2019 March","Phoenix Park","Millimetres","87.7"
"Precipitation Amount","2019 March","Roches Point","Millimetres","101.1"
"Precipitation Amount","2019 March","Markree","Millimetres","189.4"
"Precipitation Amount","2019 April","Malin Head","Millimetres","49.9"
"Precipitation Amount","2019 April","Claremorris","Millimetres","99"
"Precipitation Amount","2019 April","Valentia Observatory","Millimetres","96.8"
"Precipitation Amount","2019 April","Belmullet","Millimetres","84.7"
"Precipitation Amount","2019 April","Shannon Airport","Millimetres","68.2"
"Precipitation Amount","2019 April","Dublin Airport","Millimetres","74.6"
"Precipitation Amount","2019 April","Mullingar","Millimetres","58.6"
"Precipitation Amount","2019 April","Cork Airport","Millimetres","135.8"
"Precipitation Amount","2019 April","Casement","Millimetres","69.1"
"Precipitation Amount","2019 April","Phoenix Park","Millimetres","71.6"
"Precipitation Amount","2019 April","Roches Point","Millimetres","121.2"
"Precipitation Amount","2019 April","Markree","Millimetres","78.9"
"Precipitation Amount","2019 May","Malin Head","Millimetres","79.9"
"Precipitation Amount","2019 May","Claremorris","Millimetres","43.6"
"Precipitation Amount","2019 May","Valentia Observatory","Millimetres","49"
"Precipitation Amount","2019 May","Belmullet","Millimetres","57.5"
"Precipitation Amount","2019 May","Shannon Airport","Millimetres","30.8"
"Precipitation Amount","2019 May","Dublin Airport","Millimetres","33.4"
"Precipitation Amount","2019 May","Mullingar","Millimetres","43.2"
"Precipitation Amount","2019 May","Cork Airport","Millimetres","41"
"Precipitation Amount","2019 May","Casement","Millimetres","26.8"
"Precipitation Amount","2019 May","Phoenix Park","Millimetres","34.8"
"Precipitation Amount","2019 May","Roches Point","Millimetres","37.1"
"Precipitation Amount","2019 May","Markree","Millimetres","75.5"
"Precipitation Amount","2019 June","Malin Head","Millimetres","67.3"
"Precipitation Amount","2019 June","Claremorris","Millimetres","85.5"
"Precipitation Amount","2019 June","Valentia Observatory","Millimetres","58"
"Precipitation Amount","2019 June","Belmullet","Millimetres","86.6"
"Precipitation Amount","2019 June","Shannon Airport","Millimetres","55.8"
"Precipitation Amount","2019 June","Dublin Airport","Millimetres","82.9"
"Precipitation Amount","2019 June","Mullingar","Millimetres","79.6"
"Precipitation Amount","2019 June","Cork Airport","Millimetres","110.5"
"Precipitation Amount","2019 June","Casement","Millimetres","92.5"
"Precipitation Amount","2019 June","Phoenix Park","Millimetres","74.3"
"Precipitation Amount","2019 June","Roches Point","Millimetres","112.6"
"Precipitation Amount","2019 June","Markree","Millimetres","110.9"
"Precipitation Amount","2019 July","Malin Head","Millimetres","85.9"
"Precipitation Amount","2019 July","Claremorris","Millimetres","120.2"
"Precipitation Amount","2019 July","Valentia Observatory","Millimetres","83.7"
"Precipitation Amount","2019 July","Belmullet","Millimetres","101"
"Precipitation Amount","2019 July","Shannon Airport","Millimetres","51"
"Precipitation Amount","2019 July","Dublin Airport","Millimetres","41"
"Precipitation Amount","2019 July","Mullingar","Millimetres","78.1"
"Precipitation Amount","2019 July","Cork Airport","Millimetres","43.9"
"Precipitation Amount","2019 July","Casement","Millimetres","46.7"
"Precipitation Amount","2019 July","Phoenix Park","Millimetres","49.7"
"Precipitation Amount","2019 July","Roches Point","Millimetres","32.5"
"Precipitation Amount","2019 July","Markree","Millimetres","72.9"
"Precipitation Amount","2019 August","Malin Head","Millimetres","162.9"
"Precipitation Amount","2019 August","Claremorris","Millimetres","226"
"Precipitation Amount","2019 August","Valentia Observatory","Millimetres","203.9"
"Precipitation Amount","2019 August","Belmullet","Millimetres","160.8"
"Precipitation Amount","2019 August","Shannon Airport","Millimetres","167.2"
"Precipitation Amount","2019 August","Dublin Airport","Millimetres","91.9"
"Precipitation Amount","2019 August","Mullingar","Millimetres","151.9"
"Precipitation Amount","2019 August","Cork Airport","Millimetres","107.6"
"Precipitation Amount","2019 August","Casement","Millimetres","113"
"Precipitation Amount","2019 August","Phoenix Park","Millimetres","68.7"
"Precipitation Amount","2019 August","Roches Point","Millimetres","101.6"
"Precipitation Amount","2019 August","Markree","Millimetres","213.3"
"Precipitation Amount","2019 September","Malin Head","Millimetres","124.5"
"Precipitation Amount","2019 September","Claremorris","Millimetres","115.5"
"Precipitation Amount","2019 September","Valentia Observatory","Millimetres","176.9"
"Precipitation Amount","2019 September","Belmullet","Millimetres","104.8"
"Precipitation Amount","2019 September","Shannon Airport","Millimetres","108.1"
"Precipitation Amount","2019 September","Dublin Airport","Millimetres","104.6"
"Precipitation Amount","2019 September","Mullingar","Millimetres","131.7"
"Precipitation Amount","2019 September","Cork Airport","Millimetres","91.1"
"Precipitation Amount","2019 September","Casement","Millimetres","108.7"
"Precipitation Amount","2019 September","Phoenix Park","Millimetres","93.1"
"Precipitation Amount","2019 September","Roches Point","Millimetres","78.4"
"Precipitation Amount","2019 September","Markree","Millimetres","90.8"
"Precipitation Amount","2019 October","Malin Head","Millimetres","82.6"
"Precipitation Amount","2019 October","Claremorris","Millimetres","118.1"
"Precipitation Amount","2019 October","Valentia Observatory","Millimetres","202.4"
"Precipitation Amount","2019 October","Belmullet","Millimetres","117.1"
"Precipitation Amount","2019 October","Shannon Airport","Millimetres","101.9"
"Precipitation Amount","2019 October","Dublin Airport","Millimetres","77.2"
"Precipitation Amount","2019 October","Mullingar","Millimetres","90.8"
"Precipitation Amount","2019 October","Cork Airport","Millimetres","179.2"
"Precipitation Amount","2019 October","Casement","Millimetres","74.2"
"Precipitation Amount","2019 October","Phoenix Park","Millimetres","73.2"
"Precipitation Amount","2019 October","Roches Point","Millimetres","191.2"
"Precipitation Amount","2019 October","Markree","Millimetres","91.8"
"Precipitation Amount","2019 November","Malin Head","Millimetres","91.7"
"Precipitation Amount","2019 November","Claremorris","Millimetres","125.2"
"Precipitation Amount","2019 November","Valentia Observatory","Millimetres","171.7"
"Precipitation Amount","2019 November","Belmullet","Millimetres","139.4"
"Precipitation Amount","2019 November","Shannon Airport","Millimetres","104.9"
"Precipitation Amount","2019 November","Dublin Airport","Millimetres","173"
"Precipitation Amount","2019 November","Mullingar","Millimetres","126.7"
"Precipitation Amount","2019 November","Cork Airport","Millimetres","145"
"Precipitation Amount","2019 November","Casement","Millimetres","143.5"
"Precipitation Amount","2019 November","Phoenix Park","Millimetres","155.4"
"Precipitation Amount","2019 November","Roches Point","Millimetres","122.9"
"Precipitation Amount","2019 November","Markree","Millimetres","120.4"
"Precipitation Amount","2019 December","Malin Head","Millimetres","124.2"
"Precipitation Amount","2019 December","Claremorris","Millimetres","137.1"
"Precipitation Amount","2019 December","Valentia Observatory","Millimetres","199.8"
"Precipitation Amount","2019 December","Belmullet","Millimetres","150.3"
"Precipitation Amount","2019 December","Shannon Airport","Millimetres","117.1"
"Precipitation Amount","2019 December","Dublin Airport","Millimetres","57.7"
"Precipitation Amount","2019 December","Mullingar","Millimetres","82.8"
"Precipitation Amount","2019 December","Cork Airport","Millimetres","125.6"
"Precipitation Amount","2019 December","Casement","Millimetres","49.3"
"Precipitation Amount","2019 December","Phoenix Park","Millimetres","52.1"
"Precipitation Amount","2019 December","Roches Point","Millimetres","110.8"
"Precipitation Amount","2019 December","Markree","Millimetres","123.6"
"Precipitation Amount","2020 January","Malin Head","Millimetres","79.3"
"Precipitation Amount","2020 January","Claremorris","Millimetres","154.8"
"Precipitation Amount","2020 January","Valentia Observatory","Millimetres","146.3"
"Precipitation Amount","2020 January","Belmullet","Millimetres","120.1"
"Precipitation Amount","2020 January","Shannon Airport","Millimetres","74.8"
"Precipitation Amount","2020 January","Dublin Airport","Millimetres","36"
"Precipitation Amount","2020 January","Mullingar","Millimetres","54.4"
"Precipitation Amount","2020 January","Cork Airport","Millimetres","112.2"
"Precipitation Amount","2020 January","Casement","Millimetres","49.3"
"Precipitation Amount","2020 January","Phoenix Park","Millimetres","39.6"
"Precipitation Amount","2020 January","Roches Point","Millimetres","88.7"
"Precipitation Amount","2020 January","Markree","Millimetres","94.5"
"Precipitation Amount","2020 February","Malin Head","Millimetres","210.4"
"Precipitation Amount","2020 February","Claremorris","Millimetres","286.4"
"Precipitation Amount","2020 February","Valentia Observatory","Millimetres","237.6"
"Precipitation Amount","2020 February","Belmullet","Millimetres","241.9"
"Precipitation Amount","2020 February","Shannon Airport","Millimetres","244.5"
"Precipitation Amount","2020 February","Dublin Airport","Millimetres","130.4"
"Precipitation Amount","2020 February","Mullingar","Millimetres","197.5"
"Precipitation Amount","2020 February","Cork Airport","Millimetres","199.3"
"Precipitation Amount","2020 February","Casement","Millimetres","155.4"
"Precipitation Amount","2020 February","Phoenix Park","Millimetres","141.5"
"Precipitation Amount","2020 February","Roches Point","Millimetres","143.5"
"Precipitation Amount","2020 February","Markree","Millimetres","240.3"
"Precipitation Amount","2020 March","Malin Head","Millimetres","79.4"
"Precipitation Amount","2020 March","Claremorris","Millimetres","124.9"
"Precipitation Amount","2020 March","Valentia Observatory","Millimetres","115.8"
"Precipitation Amount","2020 March","Belmullet","Millimetres","111"
"Precipitation Amount","2020 March","Shannon Airport","Millimetres","97.4"
"Precipitation Amount","2020 March","Dublin Airport","Millimetres","31.8"
"Precipitation Amount","2020 March","Mullingar","Millimetres","61"
"Precipitation Amount","2020 March","Cork Airport","Millimetres","64.7"
"Precipitation Amount","2020 March","Casement","Millimetres","32.5"
"Precipitation Amount","2020 March","Phoenix Park","Millimetres","30.7"
"Precipitation Amount","2020 March","Roches Point","Millimetres","56.4"
"Precipitation Amount","2020 March","Markree","Millimetres","85.4"
"Precipitation Amount","2020 April","Malin Head","Millimetres","20.1"
"Precipitation Amount","2020 April","Claremorris","Millimetres","22.4"
"Precipitation Amount","2020 April","Valentia Observatory","Millimetres","60.1"
"Precipitation Amount","2020 April","Belmullet","Millimetres","23.6"
"Precipitation Amount","2020 April","Shannon Airport","Millimetres","39.6"
"Precipitation Amount","2020 April","Dublin Airport","Millimetres","12.8"
"Precipitation Amount","2020 April","Mullingar","Millimetres","41.9"
"Precipitation Amount","2020 April","Cork Airport","Millimetres","72.3"
"Precipitation Amount","2020 April","Casement","Millimetres","19.3"
"Precipitation Amount","2020 April","Phoenix Park","Millimetres","13.6"
"Precipitation Amount","2020 April","Roches Point","Millimetres","57.5"
"Precipitation Amount","2020 April","Markree","Millimetres","16.3"
"Precipitation Amount","2020 May","Malin Head","Millimetres","37.3"
"Precipitation Amount","2020 May","Claremorris","Millimetres","33.7"
"Precipitation Amount","2020 May","Valentia Observatory","Millimetres","52.6"
"Precipitation Amount","2020 May","Belmullet","Millimetres","35.7"
"Precipitation Amount","2020 May","Shannon Airport","Millimetres","16.2"
"Precipitation Amount","2020 May","Dublin Airport","Millimetres","9.3"
"Precipitation Amount","2020 May","Mullingar","Millimetres","10.1"
"Precipitation Amount","2020 May","Cork Airport","Millimetres","68.8"
"Precipitation Amount","2020 May","Casement","Millimetres","10.7"
"Precipitation Amount","2020 May","Phoenix Park","Millimetres","8.3"
"Precipitation Amount","2020 May","Roches Point","Millimetres","53.5"
"Precipitation Amount","2020 May","Markree","Millimetres","32"
"Precipitation Amount","2020 June","Malin Head","Millimetres","106.3"
"Precipitation Amount","2020 June","Claremorris","Millimetres","118.7"
"Precipitation Amount","2020 June","Valentia Observatory","Millimetres","127.4"
"Precipitation Amount","2020 June","Belmullet","Millimetres","82.7"
"Precipitation Amount","2020 June","Shannon Airport","Millimetres","84"
"Precipitation Amount","2020 June","Dublin Airport","Millimetres","69.6"
"Precipitation Amount","2020 June","Mullingar","Millimetres","96.6"
"Precipitation Amount","2020 June","Cork Airport","Millimetres","94.1"
"Precipitation Amount","2020 June","Casement","Millimetres","87"
"Precipitation Amount","2020 June","Phoenix Park","Millimetres","68.9"
"Precipitation Amount","2020 June","Roches Point","Millimetres","81.6"
"Precipitation Amount","2020 June","Markree","Millimetres","123.7"
"Precipitation Amount","2020 July","Malin Head","Millimetres","133.8"
"Precipitation Amount","2020 July","Claremorris","Millimetres","125.7"
"Precipitation Amount","2020 July","Valentia Observatory","Millimetres","214"
"Precipitation Amount","2020 July","Belmullet","Millimetres","133.3"
"Precipitation Amount","2020 July","Shannon Airport","Millimetres","130.6"
"Precipitation Amount","2020 July","Dublin Airport","Millimetres","98.9"
"Precipitation Amount","2020 July","Mullingar","Millimetres","126.3"
"Precipitation Amount","2020 July","Cork Airport","Millimetres","97.6"
"Precipitation Amount","2020 July","Casement","Millimetres","114.4"
"Precipitation Amount","2020 July","Phoenix Park","Millimetres","100.7"
"Precipitation Amount","2020 July","Roches Point","Millimetres","73.2"
"Precipitation Amount","2020 July","Markree","Millimetres","111.2"
"Precipitation Amount","2020 August","Malin Head","Millimetres","123.1"
"Precipitation Amount","2020 August","Claremorris","Millimetres","125"
"Precipitation Amount","2020 August","Valentia Observatory","Millimetres","219.7"
"Precipitation Amount","2020 August","Belmullet","Millimetres","121.7"
"Precipitation Amount","2020 August","Shannon Airport","Millimetres","174.8"
"Precipitation Amount","2020 August","Dublin Airport","Millimetres","87.1"
"Precipitation Amount","2020 August","Mullingar","Millimetres","114"
"Precipitation Amount","2020 August","Cork Airport","Millimetres","175"
"Precipitation Amount","2020 August","Casement","Millimetres","85.1"
"Precipitation Amount","2020 August","Phoenix Park","Millimetres","89.3"
"Precipitation Amount","2020 August","Roches Point","Millimetres","159.8"
"Precipitation Amount","2020 August","Markree","Millimetres","101.4"
"Precipitation Amount","2020 September","Malin Head","Millimetres","115.7"
"Precipitation Amount","2020 September","Claremorris","Millimetres","88"
"Precipitation Amount","2020 September","Valentia Observatory","Millimetres","94.5"
"Precipitation Amount","2020 September","Belmullet","Millimetres","122.1"
"Precipitation Amount","2020 September","Shannon Airport","Millimetres","41.6"
"Precipitation Amount","2020 September","Dublin Airport","Millimetres","60.9"
"Precipitation Amount","2020 September","Mullingar","Millimetres","68.3"
"Precipitation Amount","2020 September","Cork Airport","Millimetres","58.2"
"Precipitation Amount","2020 September","Casement","Millimetres","48.1"
"Precipitation Amount","2020 September","Phoenix Park","Millimetres","56.3"
"Precipitation Amount","2020 September","Roches Point","Millimetres","48.4"
"Precipitation Amount","2020 September","Markree","Millimetres","71.7"
"Precipitation Amount","2020 October","Malin Head","Millimetres","148.4"
"Precipitation Amount","2020 October","Claremorris","Millimetres","194"
"Precipitation Amount","2020 October","Valentia Observatory","Millimetres","228.1"
"Precipitation Amount","2020 October","Belmullet","Millimetres","191.8"
"Precipitation Amount","2020 October","Shannon Airport","Millimetres","114.8"
"Precipitation Amount","2020 October","Dublin Airport","Millimetres","80.6"
"Precipitation Amount","2020 October","Mullingar","Millimetres","131.8"
"Precipitation Amount","2020 October","Cork Airport","Millimetres","118.6"
"Precipitation Amount","2020 October","Casement","Millimetres","81.7"
"Precipitation Amount","2020 October","Phoenix Park","Millimetres","80.4"
"Precipitation Amount","2020 October","Roches Point","Millimetres","94.5"
"Precipitation Amount","2020 October","Markree","Millimetres","212.8"
"Precipitation Amount","2020 November","Malin Head","Millimetres","130"
"Precipitation Amount","2020 November","Claremorris","Millimetres","168.8"
"Precipitation Amount","2020 November","Valentia Observatory","Millimetres","201.2"
"Precipitation Amount","2020 November","Belmullet","Millimetres","156.2"
"Precipitation Amount","2020 November","Shannon Airport","Millimetres","102.2"
"Precipitation Amount","2020 November","Dublin Airport","Millimetres","48.1"
"Precipitation Amount","2020 November","Mullingar","Millimetres","87.7"
"Precipitation Amount","2020 November","Cork Airport","Millimetres","160.8"
"Precipitation Amount","2020 November","Casement","Millimetres","58.6"
"Precipitation Amount","2020 November","Phoenix Park","Millimetres","55.6"
"Precipitation Amount","2020 November","Roches Point","Millimetres","99.7"
"Precipitation Amount","2020 November","Markree","Millimetres","153.2"
"Precipitation Amount","2020 December","Malin Head","Millimetres","144.3"
"Precipitation Amount","2020 December","Claremorris","Millimetres","195.6"
"Precipitation Amount","2020 December","Valentia Observatory","Millimetres","244.2"
"Precipitation Amount","2020 December","Belmullet","Millimetres","172.6"
"Precipitation Amount","2020 December","Shannon Airport","Millimetres","131"
"Precipitation Amount","2020 December","Dublin Airport","Millimetres","83.1"
"Precipitation Amount","2020 December","Mullingar","Millimetres","89.3"
"Precipitation Amount","2020 December","Cork Airport","Millimetres","185.4"
"Precipitation Amount","2020 December","Casement","Millimetres","77.9"
"Precipitation Amount","2020 December","Phoenix Park","Millimetres","79.5"
"Precipitation Amount","2020 December","Roches Point","Millimetres","140.6"
"Precipitation Amount","2020 December","Markree","Millimetres","165.5"
"Precipitation Amount","2021 January","Malin Head","Millimetres","126.9"
"Precipitation Amount","2021 January","Claremorris","Millimetres","139.1"
"Precipitation Amount","2021 January","Valentia Observatory","Millimetres","152.8"
"Precipitation Amount","2021 January","Belmullet","Millimetres","157.3"
"Precipitation Amount","2021 January","Shannon Airport","Millimetres","105.5"
"Precipitation Amount","2021 January","Dublin Airport","Millimetres","115.1"
"Precipitation Amount","2021 January","Mullingar","Millimetres","126.9"
"Precipitation Amount","2021 January","Cork Airport","Millimetres","121.8"
"Precipitation Amount","2021 January","Casement","Millimetres","95.8"
"Precipitation Amount","2021 January","Phoenix Park","Millimetres","115.6"
"Precipitation Amount","2021 January","Roches Point","Millimetres","117.8"
"Precipitation Amount","2021 January","Markree","Millimetres","151.2"
"Precipitation Amount","2021 February","Malin Head","Millimetres","96.1"
"Precipitation Amount","2021 February","Claremorris","Millimetres","133.9"
"Precipitation Amount","2021 February","Valentia Observatory","Millimetres","228.2"
"Precipitation Amount","2021 February","Belmullet","Millimetres","108.7"
"Precipitation Amount","2021 February","Shannon Airport","Millimetres","82.6"
"Precipitation Amount","2021 February","Dublin Airport","Millimetres","55"
"Precipitation Amount","2021 February","Mullingar","Millimetres","80.3"
"Precipitation Amount","2021 February","Cork Airport","Millimetres","235.9"
"Precipitation Amount","2021 February","Casement","Millimetres","69.7"
"Precipitation Amount","2021 February","Phoenix Park","Millimetres","61.7"
"Precipitation Amount","2021 February","Roches Point","Millimetres","157.6"
"Precipitation Amount","2021 February","Markree","Millimetres","104.3"
"Precipitation Amount","2021 March","Malin Head","Millimetres","90.7"
"Precipitation Amount","2021 March","Claremorris","Millimetres","140.3"
"Precipitation Amount","2021 March","Valentia Observatory","Millimetres","88.8"
"Precipitation Amount","2021 March","Belmullet","Millimetres","111.7"
"Precipitation Amount","2021 March","Shannon Airport","Millimetres","82.6"
"Precipitation Amount","2021 March","Dublin Airport","Millimetres","32.1"
"Precipitation Amount","2021 March","Mullingar","Millimetres","80.9"
"Precipitation Amount","2021 March","Cork Airport","Millimetres","67.5"
"Precipitation Amount","2021 March","Casement","Millimetres","29.6"
"Precipitation Amount","2021 March","Phoenix Park","Millimetres","34.2"
"Precipitation Amount","2021 March","Roches Point","Millimetres","49.2"
"Precipitation Amount","2021 March","Markree","Millimetres","113.1"
"Precipitation Amount","2021 April","Malin Head","Millimetres","31.6"
"Precipitation Amount","2021 April","Claremorris","Millimetres","29.6"
"Precipitation Amount","2021 April","Valentia Observatory","Millimetres","30.5"
"Precipitation Amount","2021 April","Belmullet","Millimetres","42.4"
"Precipitation Amount","2021 April","Shannon Airport","Millimetres","15.4"
"Precipitation Amount","2021 April","Dublin Airport","Millimetres","10.8"
"Precipitation Amount","2021 April","Mullingar","Millimetres","25.5"
"Precipitation Amount","2021 April","Cork Airport","Millimetres","18.2"
"Precipitation Amount","2021 April","Casement","Millimetres","17.9"
"Precipitation Amount","2021 April","Phoenix Park","Millimetres","16.2"
"Precipitation Amount","2021 April","Roches Point","Millimetres","21.9"
"Precipitation Amount","2021 April","Markree","Millimetres","43"
"Precipitation Amount","2021 May","Malin Head","Millimetres","99.3"
"Precipitation Amount","2021 May","Claremorris","Millimetres","132.6"
"Precipitation Amount","2021 May","Valentia Observatory","Millimetres","174"
"Precipitation Amount","2021 May","Belmullet","Millimetres","95.6"
"Precipitation Amount","2021 May","Shannon Airport","Millimetres","91.6"
"Precipitation Amount","2021 May","Dublin Airport","Millimetres","83.5"
"Precipitation Amount","2021 May","Mullingar","Millimetres","107.4"
"Precipitation Amount","2021 May","Cork Airport","Millimetres","172.7"
"Precipitation Amount","2021 May","Casement","Millimetres","112.7"
"Precipitation Amount","2021 May","Phoenix Park","Millimetres","96.9"
"Precipitation Amount","2021 May","Roches Point","Millimetres","151.8"
"Precipitation Amount","2021 May","Markree","Millimetres","134"
"Precipitation Amount","2021 June","Malin Head","Millimetres","49"
"Precipitation Amount","2021 June","Claremorris","Millimetres","45.8"
"Precipitation Amount","2021 June","Valentia Observatory","Millimetres","63.4"
"Precipitation Amount","2021 June","Belmullet","Millimetres","54.4"
"Precipitation Amount","2021 June","Shannon Airport","Millimetres","17.3"
"Precipitation Amount","2021 June","Dublin Airport","Millimetres","12.6"
"Precipitation Amount","2021 June","Mullingar","Millimetres","17.4"
"Precipitation Amount","2021 June","Cork Airport","Millimetres","37.4"
"Precipitation Amount","2021 June","Casement","Millimetres","17.8"
"Precipitation Amount","2021 June","Phoenix Park","Millimetres","14.2"
"Precipitation Amount","2021 June","Roches Point","Millimetres","27.1"
"Precipitation Amount","2021 June","Markree","Millimetres","36.7"
"Precipitation Amount","2021 July","Malin Head","Millimetres","52"
"Precipitation Amount","2021 July","Claremorris","Millimetres","73.8"
"Precipitation Amount","2021 July","Valentia Observatory","Millimetres","53.6"
"Precipitation Amount","2021 July","Belmullet","Millimetres","57.6"
"Precipitation Amount","2021 July","Shannon Airport","Millimetres","85.3"
"Precipitation Amount","2021 July","Dublin Airport","Millimetres","72.9"
"Precipitation Amount","2021 July","Mullingar","Millimetres","74.9"
"Precipitation Amount","2021 July","Cork Airport","Millimetres","60.7"
"Precipitation Amount","2021 July","Casement","Millimetres","94"
"Precipitation Amount","2021 July","Phoenix Park","Millimetres","83.6"
"Precipitation Amount","2021 July","Roches Point","Millimetres","51.6"
"Precipitation Amount","2021 July","Markree","Millimetres","114.9"
"Precipitation Amount","2021 August","Malin Head","Millimetres","69.1"
"Precipitation Amount","2021 August","Claremorris","Millimetres","111.8"
"Precipitation Amount","2021 August","Valentia Observatory","Millimetres","89.1"
"Precipitation Amount","2021 August","Belmullet","Millimetres","108.6"
"Precipitation Amount","2021 August","Shannon Airport","Millimetres","80.5"
"Precipitation Amount","2021 August","Dublin Airport","Millimetres","65.3"
"Precipitation Amount","2021 August","Mullingar","Millimetres","142.1"
"Precipitation Amount","2021 August","Cork Airport","Millimetres","65"
"Precipitation Amount","2021 August","Casement","Millimetres","47.3"
"Precipitation Amount","2021 August","Phoenix Park","Millimetres","51.2"
"Precipitation Amount","2021 August","Roches Point","Millimetres","66.2"
"Precipitation Amount","2021 August","Markree","Millimetres","176.1"
"Precipitation Amount","2021 September","Malin Head","Millimetres","68.3"
"Precipitation Amount","2021 September","Claremorris","Millimetres","102.5"
"Precipitation Amount","2021 September","Valentia Observatory","Millimetres","121.8"
"Precipitation Amount","2021 September","Belmullet","Millimetres","99.4"
"Precipitation Amount","2021 September","Shannon Airport","Millimetres","72"
"Precipitation Amount","2021 September","Dublin Airport","Millimetres","42"
"Precipitation Amount","2021 September","Mullingar","Millimetres","58.1"
"Precipitation Amount","2021 September","Cork Airport","Millimetres","85.4"
"Precipitation Amount","2021 September","Casement","Millimetres","42.1"
"Precipitation Amount","2021 September","Phoenix Park","Millimetres","33.4"
"Precipitation Amount","2021 September","Roches Point","Millimetres","83.2"
"Precipitation Amount","2021 September","Markree","Millimetres","88.4"
"Precipitation Amount","2021 October","Malin Head","Millimetres","156.2"
"Precipitation Amount","2021 October","Claremorris","Millimetres","167.4"
"Precipitation Amount","2021 October","Valentia Observatory","Millimetres","264.9"
"Precipitation Amount","2021 October","Belmullet","Millimetres","222.4"
"Precipitation Amount","2021 October","Shannon Airport","Millimetres","131.7"
"Precipitation Amount","2021 October","Dublin Airport","Millimetres","79.8"
"Precipitation Amount","2021 October","Mullingar","Millimetres","97.7"
"Precipitation Amount","2021 October","Cork Airport","Millimetres","197.6"
"Precipitation Amount","2021 October","Casement","Millimetres","77.2"
"Precipitation Amount","2021 October","Phoenix Park","Millimetres","75.2"
"Precipitation Amount","2021 October","Roches Point","Millimetres","187"
"Precipitation Amount","2021 October","Markree","Millimetres","134.4"
"Precipitation Amount","2021 November","Malin Head","Millimetres","95.4"
"Precipitation Amount","2021 November","Claremorris","Millimetres","74.6"
"Precipitation Amount","2021 November","Valentia Observatory","Millimetres","93.3"
"Precipitation Amount","2021 November","Belmullet","Millimetres","96.6"
"Precipitation Amount","2021 November","Shannon Airport","Millimetres","53.6"
"Precipitation Amount","2021 November","Dublin Airport","Millimetres","11.7"
"Precipitation Amount","2021 November","Mullingar","Millimetres","41.6"
"Precipitation Amount","2021 November","Cork Airport","Millimetres","34.2"
"Precipitation Amount","2021 November","Casement","Millimetres","16.4"
"Precipitation Amount","2021 November","Phoenix Park","Millimetres","17.5"
"Precipitation Amount","2021 November","Roches Point","Millimetres","29.6"
"Precipitation Amount","2021 November","Markree","Millimetres","103.3"
"Precipitation Amount","2021 December","Malin Head","Millimetres","115.2"
"Precipitation Amount","2021 December","Claremorris","Millimetres","98.8"
"Precipitation Amount","2021 December","Valentia Observatory","Millimetres","187.9"
"Precipitation Amount","2021 December","Belmullet","Millimetres","108.1"
"Precipitation Amount","2021 December","Shannon Airport","Millimetres","112.3"
"Precipitation Amount","2021 December","Dublin Airport","Millimetres","85.8"
"Precipitation Amount","2021 December","Mullingar","Millimetres","128"
"Precipitation Amount","2021 December","Cork Airport","Millimetres","148"
"Precipitation Amount","2021 December","Casement","Millimetres","76.4"
"Precipitation Amount","2021 December","Phoenix Park","Millimetres","83.7"
"Precipitation Amount","2021 December","Roches Point","Millimetres","119"
"Precipitation Amount","2021 December","Markree","Millimetres","120"
"Precipitation Amount","2022 January","Malin Head","Millimetres","93.1"
"Precipitation Amount","2022 January","Claremorris","Millimetres","65.4"
"Precipitation Amount","2022 January","Valentia Observatory","Millimetres","74.6"
"Precipitation Amount","2022 January","Belmullet","Millimetres","56.5"
"Precipitation Amount","2022 January","Shannon Airport","Millimetres","46.6"
"Precipitation Amount","2022 January","Dublin Airport","Millimetres","14.4"
"Precipitation Amount","2022 January","Mullingar","Millimetres","47.6"
"Precipitation Amount","2022 January","Cork Airport","Millimetres","38.3"
"Precipitation Amount","2022 January","Casement","Millimetres","21"
"Precipitation Amount","2022 January","Phoenix Park","Millimetres","16.7"
"Precipitation Amount","2022 January","Roches Point","Millimetres","32.5"
"Precipitation Amount","2022 January","Markree","Millimetres","53.7"
"Precipitation Amount","2022 February","Malin Head","Millimetres","177.3"
"Precipitation Amount","2022 February","Claremorris","Millimetres","150.7"
"Precipitation Amount","2022 February","Valentia Observatory","Millimetres","145.6"
"Precipitation Amount","2022 February","Belmullet","Millimetres","151.3"
"Precipitation Amount","2022 February","Shannon Airport","Millimetres","146.1"
"Precipitation Amount","2022 February","Dublin Airport","Millimetres","88.5"
"Precipitation Amount","2022 February","Mullingar","Millimetres","131.8"
"Precipitation Amount","2022 February","Cork Airport","Millimetres","112.3"
"Precipitation Amount","2022 February","Casement","Millimetres","99.3"
"Precipitation Amount","2022 February","Phoenix Park","Millimetres","91.9"
"Precipitation Amount","2022 February","Roches Point","Millimetres","90"
"Precipitation Amount","2022 February","Markree","Millimetres","156.7"
"Precipitation Amount","2022 March","Malin Head","Millimetres","23.3"
"Precipitation Amount","2022 March","Claremorris","Millimetres","57"
"Precipitation Amount","2022 March","Valentia Observatory","Millimetres","73"
"Precipitation Amount","2022 March","Belmullet","Millimetres","53.9"
"Precipitation Amount","2022 March","Shannon Airport","Millimetres","41.3"
"Precipitation Amount","2022 March","Dublin Airport","Millimetres","45.6"
"Precipitation Amount","2022 March","Mullingar","Millimetres","46.2"
"Precipitation Amount","2022 March","Cork Airport","Millimetres","61.9"
"Precipitation Amount","2022 March","Casement","Millimetres","40.1"
"Precipitation Amount","2022 March","Phoenix Park","Millimetres","41.4"
"Precipitation Amount","2022 March","Roches Point","Millimetres","50.4"
"Precipitation Amount","2022 March","Markree","Millimetres","54"
"Precipitation Amount","2022 April","Malin Head","Millimetres","84.2"
"Precipitation Amount","2022 April","Claremorris","Millimetres","58.7"
"Precipitation Amount","2022 April","Valentia Observatory","Millimetres","82.7"
"Precipitation Amount","2022 April","Belmullet","Millimetres","66.6"
"Precipitation Amount","2022 April","Shannon Airport","Millimetres","48.2"
"Precipitation Amount","2022 April","Dublin Airport","Millimetres","28.1"
"Precipitation Amount","2022 April","Mullingar","Millimetres","48.7"
"Precipitation Amount","2022 April","Cork Airport","Millimetres","64.9"
"Precipitation Amount","2022 April","Casement","Millimetres","46.9"
"Precipitation Amount","2022 April","Phoenix Park","Millimetres","37.9"
"Precipitation Amount","2022 April","Roches Point","Millimetres","49"
"Precipitation Amount","2022 April","Markree","Millimetres","85.2"
"Precipitation Amount","2022 May","Malin Head","Millimetres","74.8"
"Precipitation Amount","2022 May","Claremorris","Millimetres","85"
"Precipitation Amount","2022 May","Valentia Observatory","Millimetres","74.4"
"Precipitation Amount","2022 May","Belmullet","Millimetres","78.9"
"Precipitation Amount","2022 May","Shannon Airport","Millimetres","51.9"
"Precipitation Amount","2022 May","Dublin Airport","Millimetres","48.4"
"Precipitation Amount","2022 May","Mullingar","Millimetres","53.4"
"Precipitation Amount","2022 May","Cork Airport","Millimetres","35.7"
"Precipitation Amount","2022 May","Casement","Millimetres","59.6"
"Precipitation Amount","2022 May","Phoenix Park","Millimetres","55.9"
"Precipitation Amount","2022 May","Roches Point","Millimetres","35.9"
"Precipitation Amount","2022 May","Markree","Millimetres","98"
"Precipitation Amount","2022 June","Malin Head","Millimetres","66.4"
"Precipitation Amount","2022 June","Claremorris","Millimetres","101.4"
"Precipitation Amount","2022 June","Valentia Observatory","Millimetres","146"
"Precipitation Amount","2022 June","Belmullet","Millimetres","100.9"
"Precipitation Amount","2022 June","Shannon Airport","Millimetres","76.3"
"Precipitation Amount","2022 June","Dublin Airport","Millimetres","43.6"
"Precipitation Amount","2022 June","Mullingar","Millimetres","100.6"
"Precipitation Amount","2022 June","Cork Airport","Millimetres","84.1"
"Precipitation Amount","2022 June","Casement","Millimetres","78.3"
"Precipitation Amount","2022 June","Phoenix Park","Millimetres","56.1"
"Precipitation Amount","2022 June","Roches Point","Millimetres","96.2"
"Precipitation Amount","2022 June","Markree","Millimetres","86.3"
"Precipitation Amount","2022 July","Malin Head","Millimetres","66.3"
"Precipitation Amount","2022 July","Claremorris","Millimetres","43.1"
"Precipitation Amount","2022 July","Valentia Observatory","Millimetres","57.5"
"Precipitation Amount","2022 July","Belmullet","Millimetres","40.2"
"Precipitation Amount","2022 July","Shannon Airport","Millimetres","20.7"
"Precipitation Amount","2022 July","Dublin Airport","Millimetres","29.6"
"Precipitation Amount","2022 July","Mullingar","Millimetres","31.6"
"Precipitation Amount","2022 July","Cork Airport","Millimetres","28.1"
"Precipitation Amount","2022 July","Casement","Millimetres","40.4"
"Precipitation Amount","2022 July","Phoenix Park","Millimetres","38.1"
"Precipitation Amount","2022 July","Roches Point","Millimetres","22"
"Precipitation Amount","2022 July","Markree","Millimetres","63.2"
"Precipitation Amount","2022 August","Malin Head","Millimetres","44.1"
"Precipitation Amount","2022 August","Claremorris","Millimetres","45.4"
"Precipitation Amount","2022 August","Valentia Observatory","Millimetres","68.6"
"Precipitation Amount","2022 August","Belmullet","Millimetres","51.5"
"Precipitation Amount","2022 August","Shannon Airport","Millimetres","40.5"
"Precipitation Amount","2022 August","Dublin Airport","Millimetres","34.6"
"Precipitation Amount","2022 August","Mullingar","Millimetres","35.2"
"Precipitation Amount","2022 August","Cork Airport","Millimetres","14.2"
"Precipitation Amount","2022 August","Casement","Millimetres","18.7"
"Precipitation Amount","2022 August","Phoenix Park","Millimetres","14.4"
"Precipitation Amount","2022 August","Roches Point","Millimetres","12"
"Precipitation Amount","2022 August","Markree","Millimetres","63.1"
"Precipitation Amount","2022 September","Malin Head","Millimetres","98.2"
"Precipitation Amount","2022 September","Claremorris","Millimetres","93.1"
"Precipitation Amount","2022 September","Valentia Observatory","Millimetres","175.8"
"Precipitation Amount","2022 September","Belmullet","Millimetres","98.2"
"Precipitation Amount","2022 September","Shannon Airport","Millimetres","104"
"Precipitation Amount","2022 September","Dublin Airport","Millimetres","127.9"
"Precipitation Amount","2022 September","Mullingar","Millimetres","104.1"
"Precipitation Amount","2022 September","Cork Airport","Millimetres","162.7"
"Precipitation Amount","2022 September","Casement","Millimetres","119.2"
"Precipitation Amount","2022 September","Phoenix Park","Millimetres","128.7"
"Precipitation Amount","2022 September","Roches Point","Millimetres","133.7"
"Precipitation Amount","2022 September","Markree","Millimetres","114"
"Precipitation Amount","2022 October","Malin Head","Millimetres","162.1"
"Precipitation Amount","2022 October","Claremorris","Millimetres","190.9"
"Precipitation Amount","2022 October","Valentia Observatory","Millimetres","255.9"
"Precipitation Amount","2022 October","Belmullet","Millimetres","188.5"
"Precipitation Amount","2022 October","Shannon Airport","Millimetres","142.5"
"Precipitation Amount","2022 October","Dublin Airport","Millimetres","106.8"
"Precipitation Amount","2022 October","Mullingar","Millimetres","208.8"
"Precipitation Amount","2022 October","Cork Airport","Millimetres","232.5"
"Precipitation Amount","2022 October","Casement","Millimetres","100.6"
"Precipitation Amount","2022 October","Phoenix Park","Millimetres","113.3"
"Precipitation Amount","2022 October","Roches Point","Millimetres","175.4"
"Precipitation Amount","2022 October","Markree","Millimetres","201.1"
"Precipitation Amount","2022 November","Malin Head","Millimetres","110.6"
"Precipitation Amount","2022 November","Claremorris","Millimetres","185.4"
"Precipitation Amount","2022 November","Valentia Observatory","Millimetres","354.8"
"Precipitation Amount","2022 November","Belmullet","Millimetres","185.4"
"Precipitation Amount","2022 November","Shannon Airport","Millimetres","135.9"
"Precipitation Amount","2022 November","Dublin Airport","Millimetres","46.1"
"Precipitation Amount","2022 November","Mullingar","Millimetres","109.3"
"Precipitation Amount","2022 November","Cork Airport","Millimetres","203.4"
"Precipitation Amount","2022 November","Casement","Millimetres","51.9"
"Precipitation Amount","2022 November","Phoenix Park","Millimetres","46.4"
"Precipitation Amount","2022 November","Roches Point","Millimetres","148.9"
"Precipitation Amount","2022 November","Markree","Millimetres","148.3"
"Precipitation Amount","2022 December","Malin Head","Millimetres","109.1"
"Precipitation Amount","2022 December","Claremorris","Millimetres","112.8"
"Precipitation Amount","2022 December","Valentia Observatory","Millimetres","169.8"
"Precipitation Amount","2022 December","Belmullet","Millimetres","187"
"Precipitation Amount","2022 December","Shannon Airport","Millimetres","93.7"
"Precipitation Amount","2022 December","Dublin Airport","Millimetres","74"
"Precipitation Amount","2022 December","Mullingar","Millimetres","84.5"
"Precipitation Amount","2022 December","Cork Airport","Millimetres","112.6"
"Precipitation Amount","2022 December","Casement","Millimetres","92.2"
"Precipitation Amount","2022 December","Phoenix Park","Millimetres","81.4"
"Precipitation Amount","2022 December","Roches Point","Millimetres","94"
"Precipitation Amount","2022 December","Markree","Millimetres","97.8"
"Precipitation Amount","2023 January","Malin Head","Millimetres","109.2"
"Precipitation Amount","2023 January","Claremorris","Millimetres","121.9"
"Precipitation Amount","2023 January","Valentia Observatory","Millimetres","196.6"
"Precipitation Amount","2023 January","Belmullet","Millimetres","135.3"
"Precipitation Amount","2023 January","Shannon Airport","Millimetres","93.4"
"Precipitation Amount","2023 January","Dublin Airport","Millimetres","41.2"
"Precipitation Amount","2023 January","Mullingar","Millimetres","81.1"
"Precipitation Amount","2023 January","Cork Airport","Millimetres","134.6"
"Precipitation Amount","2023 January","Casement","Millimetres","52.1"
"Precipitation Amount","2023 January","Phoenix Park","Millimetres","42.4"
"Precipitation Amount","2023 January","Roches Point","Millimetres","123.2"
"Precipitation Amount","2023 January","Markree","Millimetres","118.3"
"Precipitation Amount","2023 February","Malin Head","Millimetres","55.6"
"Precipitation Amount","2023 February","Claremorris","Millimetres","31.5"
"Precipitation Amount","2023 February","Valentia Observatory","Millimetres","62"
"Precipitation Amount","2023 February","Belmullet","Millimetres","66.1"
"Precipitation Amount","2023 February","Shannon Airport","Millimetres","21.4"
"Precipitation Amount","2023 February","Dublin Airport","Millimetres","16.2"
"Precipitation Amount","2023 February","Mullingar","Millimetres","29.8"
"Precipitation Amount","2023 February","Cork Airport","Millimetres","15.2"
"Precipitation Amount","2023 February","Casement","Millimetres","15.7"
"Precipitation Amount","2023 February","Phoenix Park","Millimetres","12.2"
"Precipitation Amount","2023 February","Roches Point","Millimetres","11.2"
"Precipitation Amount","2023 February","Markree","Millimetres","38.5"
"Precipitation Amount","2023 March","Malin Head","Millimetres","99.1"
"Precipitation Amount","2023 March","Claremorris","Millimetres","164.5"
"Precipitation Amount","2023 March","Valentia Observatory","Millimetres","239.2"
"Precipitation Amount","2023 March","Belmullet","Millimetres","129.4"
"Precipitation Amount","2023 March","Shannon Airport","Millimetres","114.6"
"Precipitation Amount","2023 March","Dublin Airport","Millimetres","119"
"Precipitation Amount","2023 March","Mullingar","Millimetres","141.4"
"Precipitation Amount","2023 March","Cork Airport","Millimetres","211.4"
"Precipitation Amount","2023 March","Casement","Millimetres","109.3"
"Precipitation Amount","2023 March","Phoenix Park","Millimetres","121.3"
"Precipitation Amount","2023 March","Roches Point","Millimetres","163.4"
"Precipitation Amount","2023 March","Markree","Millimetres","141.5"
"Precipitation Amount","2023 April","Malin Head","Millimetres","68"
"Precipitation Amount","2023 April","Claremorris","Millimetres","92.6"
"Precipitation Amount","2023 April","Valentia Observatory","Millimetres","77.7"
"Precipitation Amount","2023 April","Belmullet","Millimetres","60.5"
"Precipitation Amount","2023 April","Shannon Airport","Millimetres","52.6"
"Precipitation Amount","2023 April","Dublin Airport","Millimetres","77.6"
"Precipitation Amount","2023 April","Mullingar","Millimetres","82.8"
"Precipitation Amount","2023 April","Cork Airport","Millimetres","52"
"Precipitation Amount","2023 April","Casement","Millimetres","67.3"
"Precipitation Amount","2023 April","Phoenix Park","Millimetres","76.4"
"Precipitation Amount","2023 April","Roches Point","Millimetres","50.9"
"Precipitation Amount","2023 April","Markree","Millimetres","93.3"
"Precipitation Amount","2023 May","Malin Head","Millimetres","48.2"
"Precipitation Amount","2023 May","Claremorris","Millimetres","45.3"
"Precipitation Amount","2023 May","Valentia Observatory","Millimetres","57.5"
"Precipitation Amount","2023 May","Belmullet","Millimetres","41.2"
"Precipitation Amount","2023 May","Shannon Airport","Millimetres","56.7"
"Precipitation Amount","2023 May","Dublin Airport","Millimetres","35.9"
"Precipitation Amount","2023 May","Mullingar","Millimetres","36.4"
"Precipitation Amount","2023 May","Cork Airport","Millimetres","44.9"
"Precipitation Amount","2023 May","Casement","Millimetres","24.3"
"Precipitation Amount","2023 May","Phoenix Park","Millimetres","27.9"
"Precipitation Amount","2023 May","Roches Point","Millimetres","41.5"
"Precipitation Amount","2023 May","Markree","Millimetres","43.8"
"Precipitation Amount","2023 June","Malin Head","Millimetres","66.8"
"Precipitation Amount","2023 June","Claremorris","Millimetres","60.5"
"Precipitation Amount","2023 June","Valentia Observatory","Millimetres","124.5"
"Precipitation Amount","2023 June","Belmullet","Millimetres","56.6"
"Precipitation Amount","2023 June","Shannon Airport","Millimetres","89.3"
"Precipitation Amount","2023 June","Dublin Airport","Millimetres","49.4"
"Precipitation Amount","2023 June","Mullingar","Millimetres","53.3"
"Precipitation Amount","2023 June","Cork Airport","Millimetres","50.3"
"Precipitation Amount","2023 June","Casement","Millimetres","45"
"Precipitation Amount","2023 June","Phoenix Park","Millimetres","50.9"
"Precipitation Amount","2023 June","Roches Point","Millimetres","56.7"
"Precipitation Amount","2023 June","Markree","Millimetres","57.1"
"Precipitation Amount","2023 July","Malin Head","Millimetres","192.6"
"Precipitation Amount","2023 July","Claremorris","Millimetres","173"
"Precipitation Amount","2023 July","Valentia Observatory","Millimetres","170.3"
"Precipitation Amount","2023 July","Belmullet","Millimetres","148.5"
"Precipitation Amount","2023 July","Shannon Airport","Millimetres","155"
"Precipitation Amount","2023 July","Dublin Airport","Millimetres","149.2"
"Precipitation Amount","2023 July","Mullingar","Millimetres","178.8"
"Precipitation Amount","2023 July","Cork Airport","Millimetres","145.2"
"Precipitation Amount","2023 July","Casement","Millimetres","124.2"
"Precipitation Amount","2023 July","Phoenix Park","Millimetres","149.1"
"Precipitation Amount","2023 July","Roches Point","Millimetres","136.5"
"Precipitation Amount","2023 July","Markree","Millimetres","177.7"
"Precipitation Amount","2023 August","Malin Head","Millimetres","117.4"
"Precipitation Amount","2023 August","Claremorris","Millimetres","109"
"Precipitation Amount","2023 August","Valentia Observatory","Millimetres","177.1"
"Precipitation Amount","2023 August","Belmullet","Millimetres","117.2"
"Precipitation Amount","2023 August","Shannon Airport","Millimetres","70.5"
"Precipitation Amount","2023 August","Dublin Airport","Millimetres","119.4"
"Precipitation Amount","2023 August","Mullingar","Millimetres","114.3"
"Precipitation Amount","2023 August","Cork Airport","Millimetres","117.8"
"Precipitation Amount","2023 August","Casement","Millimetres","84.5"
"Precipitation Amount","2023 August","Phoenix Park","Millimetres","109.4"
"Precipitation Amount","2023 August","Roches Point","Millimetres","124"
"Precipitation Amount","2023 August","Markree","Millimetres","121.9"
"Precipitation Amount","2023 September","Malin Head","Millimetres","103.3"
"Precipitation Amount","2023 September","Claremorris","Millimetres","121.7"
"Precipitation Amount","2023 September","Valentia Observatory","Millimetres","189.3"
"Precipitation Amount","2023 September","Belmullet","Millimetres","77.2"
"Precipitation Amount","2023 September","Shannon Airport","Millimetres","113.8"
"Precipitation Amount","2023 September","Dublin Airport","Millimetres","134"
"Precipitation Amount","2023 September","Mullingar","Millimetres","132.9"
"Precipitation Amount","2023 September","Cork Airport","Millimetres","171.4"
"Precipitation Amount","2023 September","Casement","Millimetres","112.5"
"Precipitation Amount","2023 September","Phoenix Park","Millimetres","118.2"
"Precipitation Amount","2023 September","Roches Point","Millimetres","145.9"
"Precipitation Amount","2023 September","Markree","Millimetres","125.7"
"Precipitation Amount","2023 October","Malin Head","Millimetres","114.6"
"Precipitation Amount","2023 October","Claremorris","Millimetres","136.7"
"Precipitation Amount","2023 October","Valentia Observatory","Millimetres","253.1"
"Precipitation Amount","2023 October","Belmullet","Millimetres","100"
"Precipitation Amount","2023 October","Shannon Airport","Millimetres","137.8"
"Precipitation Amount","2023 October","Dublin Airport","Millimetres","125.7"
"Precipitation Amount","2023 October","Mullingar","Millimetres","104.5"
"Precipitation Amount","2023 October","Cork Airport","Millimetres","307.2"
"Precipitation Amount","2023 October","Casement","Millimetres","116"
"Precipitation Amount","2023 October","Phoenix Park","Millimetres","131.4"
"Precipitation Amount","2023 October","Roches Point","Millimetres","242.1"
"Precipitation Amount","2023 October","Markree","Millimetres","127.7"
"Precipitation Amount","2023 November","Malin Head","Millimetres","129.2"
"Precipitation Amount","2023 November","Claremorris","Millimetres","125.5"
"Precipitation Amount","2023 November","Valentia Observatory","Millimetres","165"
"Precipitation Amount","2023 November","Belmullet","Millimetres","139.7"
"Precipitation Amount","2023 November","Shannon Airport","Millimetres","100.9"
"Precipitation Amount","2023 November","Dublin Airport","Millimetres","65.1"
"Precipitation Amount","2023 November","Mullingar","Millimetres","71.2"
"Precipitation Amount","2023 November","Cork Airport","Millimetres","108.2"
"Precipitation Amount","2023 November","Casement","Millimetres","41.2"
"Precipitation Amount","2023 November","Phoenix Park","Millimetres","53.4"
"Precipitation Amount","2023 November","Roches Point","Millimetres","86.6"
"Precipitation Amount","2023 November","Markree","Millimetres","145.1"
"Precipitation Amount","2023 December","Malin Head","Millimetres","214.2"
"Precipitation Amount","2023 December","Claremorris","Millimetres","205.3"
"Precipitation Amount","2023 December","Valentia Observatory","Millimetres","232.3"
"Precipitation Amount","2023 December","Belmullet","Millimetres","186"
"Precipitation Amount","2023 December","Shannon Airport","Millimetres","140.1"
"Precipitation Amount","2023 December","Dublin Airport","Millimetres","68.5"
"Precipitation Amount","2023 December","Mullingar","Millimetres","132"
"Precipitation Amount","2023 December","Cork Airport","Millimetres","169.1"
"Precipitation Amount","2023 December","Casement","Millimetres","77.9"
"Precipitation Amount","2023 December","Phoenix Park","Millimetres","68.8"
"Precipitation Amount","2023 December","Roches Point","Millimetres","124.5"
"Precipitation Amount","2023 December","Markree","Millimetres","172.7"
"Precipitation Amount","2024 January","Malin Head","Millimetres","111.4"
"Precipitation Amount","2024 January","Claremorris","Millimetres","115.9"
"Precipitation Amount","2024 January","Valentia Observatory","Millimetres","126.9"
"Precipitation Amount","2024 January","Belmullet","Millimetres","117.1"
"Precipitation Amount","2024 January","Shannon Airport","Millimetres","75.9"
"Precipitation Amount","2024 January","Dublin Airport","Millimetres","61.3"
"Precipitation Amount","2024 January","Mullingar","Millimetres","83.1"
"Precipitation Amount","2024 January","Cork Airport","Millimetres","99.5"
"Precipitation Amount","2024 January","Casement","Millimetres","57.7"
"Precipitation Amount","2024 January","Phoenix Park","Millimetres","60.8"
"Precipitation Amount","2024 January","Roches Point","Millimetres","87.6"
"Precipitation Amount","2024 January","Markree","Millimetres","98.3"
"Precipitation Amount","2024 February","Malin Head","Millimetres","111"
"Precipitation Amount","2024 February","Claremorris","Millimetres","131.2"
"Precipitation Amount","2024 February","Valentia Observatory","Millimetres","183.2"
"Precipitation Amount","2024 February","Belmullet","Millimetres","115.4"
"Precipitation Amount","2024 February","Shannon Airport","Millimetres","156.5"
"Precipitation Amount","2024 February","Dublin Airport","Millimetres","74.3"
"Precipitation Amount","2024 February","Mullingar","Millimetres","91.9"
"Precipitation Amount","2024 February","Cork Airport","Millimetres","157.7"
"Precipitation Amount","2024 February","Casement","Millimetres","64.9"
"Precipitation Amount","2024 February","Phoenix Park","Millimetres","70.9"
"Precipitation Amount","2024 February","Roches Point","Millimetres","166.1"
"Precipitation Amount","2024 February","Markree","Millimetres","87.2"
"Precipitation Amount","2024 March","Malin Head","Millimetres","86"
"Precipitation Amount","2024 March","Claremorris","Millimetres","124.3"
"Precipitation Amount","2024 March","Valentia Observatory","Millimetres","239.8"
"Precipitation Amount","2024 March","Belmullet","Millimetres","91.8"
"Precipitation Amount","2024 March","Shannon Airport","Millimetres","131.8"
"Precipitation Amount","2024 March","Dublin Airport","Millimetres","115.4"
"Precipitation Amount","2024 March","Mullingar","Millimetres","117.3"
"Precipitation Amount","2024 March","Cork Airport","Millimetres","168.2"
"Precipitation Amount","2024 March","Casement","Millimetres","90"
"Precipitation Amount","2024 March","Phoenix Park","Millimetres","114.2"
"Precipitation Amount","2024 March","Roches Point","Millimetres","136.1"
"Precipitation Amount","2024 March","Markree","Millimetres","114.2"
"Precipitation Amount","2024 April","Malin Head","Millimetres","86.8"
"Precipitation Amount","2024 April","Claremorris","Millimetres","91.5"
"Precipitation Amount","2024 April","Valentia Observatory","Millimetres","124.1"
"Precipitation Amount","2024 April","Belmullet","Millimetres","95.2"
"Precipitation Amount","2024 April","Shannon Airport","Millimetres","64.4"
"Precipitation Amount","2024 April","Dublin Airport","Millimetres","70.2"
"Precipitation Amount","2024 April","Mullingar","Millimetres","97"
"Precipitation Amount","2024 April","Cork Airport","Millimetres","107.1"
"Precipitation Amount","2024 April","Casement","Millimetres","69.1"
"Precipitation Amount","2024 April","Phoenix Park","Millimetres","63.3"
"Precipitation Amount","2024 April","Roches Point","Millimetres","83.9"
"Precipitation Amount","2024 April","Markree","Millimetres","100.3"
"Precipitation Amount","2024 May","Malin Head","Millimetres","42"
"Precipitation Amount","2024 May","Claremorris","Millimetres","85"
"Precipitation Amount","2024 May","Valentia Observatory","Millimetres","57.1"
"Precipitation Amount","2024 May","Belmullet","Millimetres","46.5"
"Precipitation Amount","2024 May","Shannon Airport","Millimetres","61.3"
"Precipitation Amount","2024 May","Dublin Airport","Millimetres","36.8"
"Precipitation Amount","2024 May","Mullingar","Millimetres","57.1"
"Precipitation Amount","2024 May","Cork Airport","Millimetres","109.6"
"Precipitation Amount","2024 May","Casement","Millimetres","29.3"
"Precipitation Amount","2024 May","Phoenix Park","Millimetres","41.7"
"Precipitation Amount","2024 May","Roches Point","Millimetres","89.9"
"Precipitation Amount","2024 May","Markree","Millimetres","68.9"
"Precipitation Amount","2024 June","Malin Head","Millimetres","60.9"
"Precipitation Amount","2024 June","Claremorris","Millimetres","51.4"
"Precipitation Amount","2024 June","Valentia Observatory","Millimetres","73.5"
"Precipitation Amount","2024 June","Belmullet","Millimetres","55.6"
"Precipitation Amount","2024 June","Shannon Airport","Millimetres","42.9"
"Precipitation Amount","2024 June","Dublin Airport","Millimetres","30.4"
"Precipitation Amount","2024 June","Mullingar","Millimetres","49.4"
"Precipitation Amount","2024 June","Cork Airport","Millimetres","35.1"
"Precipitation Amount","2024 June","Casement","Millimetres","40.5"
"Precipitation Amount","2024 June","Phoenix Park","Millimetres","34.8"
"Precipitation Amount","2024 June","Roches Point","Millimetres","31.7"
"Precipitation Amount","2024 June","Markree","Millimetres","66.3"
"Precipitation Amount","2024 July","Malin Head","Millimetres","71.8"
"Precipitation Amount","2024 July","Claremorris","Millimetres","65.7"
"Precipitation Amount","2024 July","Valentia Observatory","Millimetres","76.1"
"Precipitation Amount","2024 July","Belmullet","Millimetres","80.6"
"Precipitation Amount","2024 July","Shannon Airport","Millimetres","38.6"
"Precipitation Amount","2024 July","Dublin Airport","Millimetres","37.7"
"Precipitation Amount","2024 July","Mullingar","Millimetres","65.6"
"Precipitation Amount","2024 July","Cork Airport","Millimetres","58.5"
"Precipitation Amount","2024 July","Casement","Millimetres","53.7"
"Precipitation Amount","2024 July","Phoenix Park","Millimetres","49.9"
"Precipitation Amount","2024 July","Roches Point","Millimetres","43.9"
"Precipitation Amount","2024 July","Markree","Millimetres","76"
"Precipitation Amount","2024 August","Malin Head","Millimetres","181.3"
"Precipitation Amount","2024 August","Claremorris","Millimetres","180.6"
"Precipitation Amount","2024 August","Valentia Observatory","Millimetres","146.9"
"Precipitation Amount","2024 August","Belmullet","Millimetres","208.1"
"Precipitation Amount","2024 August","Shannon Airport","Millimetres","67.3"
"Precipitation Amount","2024 August","Dublin Airport","Millimetres","36.6"
"Precipitation Amount","2024 August","Mullingar","Millimetres","82.7"
"Precipitation Amount","2024 August","Cork Airport","Millimetres","71.6"
"Precipitation Amount","2024 August","Casement","Millimetres","43.7"
"Precipitation Amount","2024 August","Phoenix Park","Millimetres","36.8"
"Precipitation Amount","2024 August","Roches Point","Millimetres","64.6"
"Precipitation Amount","2024 August","Markree","Millimetres","171.4"
"Precipitation Amount","2024 September","Malin Head","Millimetres","58.1"
"Precipitation Amount","2024 September","Claremorris","Millimetres","54.1"
"Precipitation Amount","2024 September","Valentia Observatory","Millimetres","84"
"Precipitation Amount","2024 September","Belmullet","Millimetres","45.5"
"Precipitation Amount","2024 September","Shannon Airport","Millimetres","60.1"
"Precipitation Amount","2024 September","Dublin Airport","Millimetres","59.6"
"Precipitation Amount","2024 September","Mullingar","Millimetres","47.5"
"Precipitation Amount","2024 September","Cork Airport","Millimetres","96.2"
"Precipitation Amount","2024 September","Casement","Millimetres","61.7"
"Precipitation Amount","2024 September","Phoenix Park","Millimetres","59.2"
"Precipitation Amount","2024 September","Roches Point","Millimetres","70.9"
"Precipitation Amount","2024 September","Markree","Millimetres","45"
"Precipitation Amount","2024 October","Malin Head","Millimetres","64.3"
"Precipitation Amount","2024 October","Claremorris","Millimetres","109.7"
"Precipitation Amount","2024 October","Valentia Observatory","Millimetres","202.8"
"Precipitation Amount","2024 October","Belmullet","Millimetres","132.1"
"Precipitation Amount","2024 October","Shannon Airport","Millimetres","86.4"
"Precipitation Amount","2024 October","Dublin Airport","Millimetres","47.8"
"Precipitation Amount","2024 October","Mullingar","Millimetres","59.9"
"Precipitation Amount","2024 October","Cork Airport","Millimetres","144.6"
"Precipitation Amount","2024 October","Casement","Millimetres","54.9"
"Precipitation Amount","2024 October","Phoenix Park","Millimetres","51.1"
"Precipitation Amount","2024 October","Roches Point","Millimetres","110.1"
"Precipitation Amount","2024 October","Markree","Millimetres","85.3"
"Precipitation Amount","2024 November","Malin Head","Millimetres","86.5"
"Precipitation Amount","2024 November","Claremorris","Millimetres","111.4"
"Precipitation Amount","2024 November","Valentia Observatory","Millimetres","196.3"
"Precipitation Amount","2024 November","Belmullet","Millimetres","75.6"
"Precipitation Amount","2024 November","Shannon Airport","Millimetres","94.5"
"Precipitation Amount","2024 November","Dublin Airport","Millimetres","54.2"
"Precipitation Amount","2024 November","Mullingar","Millimetres","75.2"
"Precipitation Amount","2024 November","Cork Airport","Millimetres","145"
"Precipitation Amount","2024 November","Casement","Millimetres","54.3"
"Precipitation Amount","2024 November","Phoenix Park","Millimetres","57.1"
"Precipitation Amount","2024 November","Roches Point","Millimetres","128.5"
"Precipitation Amount","2024 November","Markree","Millimetres","108.2"
"Precipitation Amount","2024 December","Malin Head","Millimetres","105.9"
"Precipitation Amount","2024 December","Claremorris","Millimetres","113.3"
"Precipitation Amount","2024 December","Valentia Observatory","Millimetres","141.6"
"Precipitation Amount","2024 December","Belmullet","Millimetres","133.5"
"Precipitation Amount","2024 December","Shannon Airport","Millimetres","94.1"
"Precipitation Amount","2024 December","Dublin Airport","Millimetres","45.7"
"Precipitation Amount","2024 December","Mullingar","Millimetres","64.8"
"Precipitation Amount","2024 December","Cork Airport","Millimetres","76.9"
"Precipitation Amount","2024 December","Casement","Millimetres","50.4"
"Precipitation Amount","2024 December","Phoenix Park","Millimetres","47.8"
"Precipitation Amount","2024 December","Roches Point","Millimetres","70.7"
"Precipitation Amount","2024 December","Markree","Millimetres","112.7"
"Precipitation Amount","2025 January","Malin Head","Millimetres","74.4"
"Precipitation Amount","2025 January","Claremorris","Millimetres","106.3"
"Precipitation Amount","2025 January","Valentia Observatory","Millimetres","198.8"
"Precipitation Amount","2025 January","Belmullet","Millimetres","131.8"
"Precipitation Amount","2025 January","Shannon Airport","Millimetres","89.2"
"Precipitation Amount","2025 January","Dublin Airport","Millimetres","73.1"
"Precipitation Amount","2025 January","Mullingar","Millimetres","59.8"
"Precipitation Amount","2025 January","Cork Airport","Millimetres","170.9"
"Precipitation Amount","2025 January","Casement","Millimetres","79.1"
"Precipitation Amount","2025 January","Phoenix Park","Millimetres","82.3"
"Precipitation Amount","2025 January","Roches Point","Millimetres","165.3"
"Precipitation Amount","2025 January","Markree","Millimetres",""
"Precipitation Amount","2025 February","Malin Head","Millimetres","63.2"
"Precipitation Amount","2025 February","Claremorris","Millimetres","116.3"
"Precipitation Amount","2025 February","Valentia Observatory","Millimetres","192.1"
"Precipitation Amount","2025 February","Belmullet","Millimetres","115.4"
"Precipitation Amount","2025 February","Shannon Airport","Millimetres","76"
"Precipitation Amount","2025 February","Dublin Airport","Millimetres","48.3"
"Precipitation Amount","2025 February","Mullingar","Millimetres","70.6"
"Precipitation Amount","2025 February","Cork Airport","Millimetres","213.4"
"Precipitation Amount","2025 February","Casement","Millimetres","60.6"
"Precipitation Amount","2025 February","Phoenix Park","Millimetres","56.7"
"Precipitation Amount","2025 February","Roches Point","Millimetres","116.9"
"Precipitation Amount","2025 February","Markree","Millimetres","117.6"
"Precipitation Amount","2025 March","Malin Head","Millimetres","34.9"
"Precipitation Amount","2025 March","Claremorris","Millimetres","41.7"
"Precipitation Amount","2025 March","Valentia Observatory","Millimetres","52.8"
"Precipitation Amount","2025 March","Belmullet","Millimetres","41.5"
"Precipitation Amount","2025 March","Shannon Airport","Millimetres","29.5"
"Precipitation Amount","2025 March","Dublin Airport","Millimetres","13.5"
"Precipitation Amount","2025 March","Mullingar","Millimetres","24"
"Precipitation Amount","2025 March","Cork Airport","Millimetres","43.3"
"Precipitation Amount","2025 March","Casement","Millimetres","32.8"
"Precipitation Amount","2025 March","Phoenix Park","Millimetres","16.3"
"Precipitation Amount","2025 March","Roches Point","Millimetres","37.8"
"Precipitation Amount","2025 March","Markree","Millimetres","55.8"
"Precipitation Amount","2025 April","Malin Head","Millimetres","61.2"
"Precipitation Amount","2025 April","Claremorris","Millimetres","82.3"
"Precipitation Amount","2025 April","Valentia Observatory","Millimetres","97.4"
"Precipitation Amount","2025 April","Belmullet","Millimetres","77.9"
"Precipitation Amount","2025 April","Shannon Airport","Millimetres","80.6"
"Precipitation Amount","2025 April","Dublin Airport","Millimetres","87.1"
"Precipitation Amount","2025 April","Mullingar","Millimetres","86.1"
"Precipitation Amount","2025 April","Cork Airport","Millimetres","106.6"
"Precipitation Amount","2025 April","Casement","Millimetres","62"
"Precipitation Amount","2025 April","Phoenix Park","Millimetres","80.1"
"Precipitation Amount","2025 April","Roches Point","Millimetres","110.4"
"Precipitation Amount","2025 April","Markree","Millimetres","93.6"
"Precipitation Amount","2025 May","Malin Head","Millimetres","54"
"Precipitation Amount","2025 May","Claremorris","Millimetres","48.4"
"Precipitation Amount","2025 May","Valentia Observatory","Millimetres","53.3"
"Precipitation Amount","2025 May","Belmullet","Millimetres","50.5"
"Precipitation Amount","2025 May","Shannon Airport","Millimetres","55.8"
"Precipitation Amount","2025 May","Dublin Airport","Millimetres","41.9"
"Precipitation Amount","2025 May","Mullingar","Millimetres","64.5"
"Precipitation Amount","2025 May","Cork Airport","Millimetres","26.4"
"Precipitation Amount","2025 May","Casement","Millimetres","58"
"Precipitation Amount","2025 May","Phoenix Park","Millimetres","47.8"
"Precipitation Amount","2025 May","Roches Point","Millimetres","19.9"
"Precipitation Amount","2025 May","Markree","Millimetres","53.9"
"Precipitation Amount","2025 June","Malin Head","Millimetres","111.9"
"Precipitation Amount","2025 June","Claremorris","Millimetres","118.2"
"Precipitation Amount","2025 June","Valentia Observatory","Millimetres","125.4"
"Precipitation Amount","2025 June","Belmullet","Millimetres","100.3"
"Precipitation Amount","2025 June","Shannon Airport","Millimetres","70.8"
"Precipitation Amount","2025 June","Dublin Airport","Millimetres","79.4"
"Precipitation Amount","2025 June","Mullingar","Millimetres","92"
"Precipitation Amount","2025 June","Cork Airport","Millimetres","47"
"Precipitation Amount","2025 June","Casement","Millimetres","115"
"Precipitation Amount","2025 June","Phoenix Park","Millimetres","87.8"
"Precipitation Amount","2025 June","Roches Point","Millimetres","58.2"
"Precipitation Amount","2025 June","Markree","Millimetres","99.7"
"Precipitation Amount","2025 July","Malin Head","Millimetres","82.7"
"Precipitation Amount","2025 July","Claremorris","Millimetres","96.8"
"Precipitation Amount","2025 July","Valentia Observatory","Millimetres","109.4"
"Precipitation Amount","2025 July","Belmullet","Millimetres","96.2"
"Precipitation Amount","2025 July","Shannon Airport","Millimetres","99.3"
"Precipitation Amount","2025 July","Dublin Airport","Millimetres","80.2"
"Precipitation Amount","2025 July","Mullingar","Millimetres","77.1"
"Precipitation Amount","2025 July","Cork Airport","Millimetres","64.9"
"Precipitation Amount","2025 July","Casement","Millimetres","95.7"
"Precipitation Amount","2025 July","Phoenix Park","Millimetres","94.6"
"Precipitation Amount","2025 July","Roches Point","Millimetres","67.2"
"Precipitation Amount","2025 July","Markree","Millimetres","85.9"
"Precipitation Amount","2025 August","Malin Head","Millimetres","61.5"
"Precipitation Amount","2025 August","Claremorris","Millimetres","94.9"
"Precipitation Amount","2025 August","Valentia Observatory","Millimetres","129.4"
"Precipitation Amount","2025 August","Belmullet","Millimetres","89.6"
"Precipitation Amount","2025 August","Shannon Airport","Millimetres","63.5"
"Precipitation Amount","2025 August","Dublin Airport","Millimetres","31.8"
"Precipitation Amount","2025 August","Mullingar","Millimetres","50.4"
"Precipitation Amount","2025 August","Cork Airport","Millimetres","45.1"
"Precipitation Amount","2025 August","Casement","Millimetres","35.1"
"Precipitation Amount","2025 August","Phoenix Park","Millimetres","34.1"
"Precipitation Amount","2025 August","Roches Point","Millimetres","35.5"
"Precipitation Amount","2025 August","Markree","Millimetres","71.1"
"Precipitation Amount","2025 September","Malin Head","Millimetres","118.2"
"Precipitation Amount","2025 September","Claremorris","Millimetres","142.8"
"Precipitation Amount","2025 September","Valentia Observatory","Millimetres","218"
"Precipitation Amount","2025 September","Belmullet","Millimetres","117"
"Precipitation Amount","2025 September","Shannon Airport","Millimetres","125.4"
"Precipitation Amount","2025 September","Dublin Airport","Millimetres","91.4"
"Precipitation Amount","2025 September","Mullingar","Millimetres","90.5"
"Precipitation Amount","2025 September","Cork Airport","Millimetres","107.2"
"Precipitation Amount","2025 September","Casement","Millimetres","73.7"
"Precipitation Amount","2025 September","Phoenix Park","Millimetres","79.8"
"Precipitation Amount","2025 September","Roches Point","Millimetres","83.3"
"Precipitation Amount","2025 September","Markree","Millimetres","113.1"
"Precipitation Amount","2025 October","Malin Head","Millimetres","116.6"
"Precipitation Amount","2025 October","Claremorris","Millimetres","168.4"
"Precipitation Amount","2025 October","Valentia Observatory","Millimetres","198.1"
"Precipitation Amount","2025 October","Belmullet","Millimetres","132.4"
"Precipitation Amount","2025 October","Shannon Airport","Millimetres","109.7"
"Precipitation Amount","2025 October","Dublin Airport","Millimetres","90"
"Precipitation Amount","2025 October","Mullingar","Millimetres","118.3"
"Precipitation Amount","2025 October","Cork Airport","Millimetres","176.5"
"Precipitation Amount","2025 October","Casement","Millimetres","68.9"
"Precipitation Amount","2025 October","Phoenix Park","Millimetres","79.9"
"Precipitation Amount","2025 October","Roches Point","Millimetres","126"
"Precipitation Amount","2025 October","Markree","Millimetres","162.8"
