"Statistic Label","Month","Meteorological Weather Station","UNIT","VALUE"
"Sunshine Duration","1960 January","Malin Head","Hours","42.3"
"Sunshine Duration","1960 January","Claremorris","Hours","62.4"
"Sunshine Duration","1960 January","Valentia Observatory","Hours","67.1"
"Sunshine Duration","1960 January","Belmullet","Hours","61.5"
"Sunshine Duration","1960 January","Shannon Airport","Hours","61.6"
"Sunshine Duration","1960 January","Dublin Airport","Hours","54.5"
"Sunshine Duration","1960 January","Mullingar","Hours","68.6"
"Sunshine Duration","1960 January","Cork Airport","Hours",""
"Sunshine Duration","1960 January","Casement","Hours",""
"Sunshine Duration","1960 January","Phoenix Park","Hours",""
"Sunshine Duration","1960 January","Roches Point","Hours",""
"Sunshine Duration","1960 January","Markree","Hours",""
"Sunshine Duration","1960 February","Malin Head","Hours","109.5"
"Sunshine Duration","1960 February","Claremorris","Hours","108.9"
"Sunshine Duration","1960 February","Valentia Observatory","Hours","100.4"
"Sunshine Duration","1960 February","Belmullet","Hours","105.6"
"Sunshine Duration","1960 February","Shannon Airport","Hours","100.8"
"Sunshine Duration","1960 February","Dublin Airport","Hours","109"
"Sunshine Duration","1960 February","Mullingar","Hours","120.1"
"Sunshine Duration","1960 February","Cork Airport","Hours",""
"Sunshine Duration","1960 February","Casement","Hours",""
"Sunshine Duration","1960 February","Phoenix Park","Hours",""
"Sunshine Duration","1960 February","Roches Point","Hours",""
"Sunshine Duration","1960 February","Markree","Hours",""
"Sunshine Duration","1960 March","Malin Head","Hours","84.1"
"Sunshine Duration","1960 March","Claremorris","Hours","56.6"
"Sunshine Duration","1960 March","Valentia Observatory","Hours","90.4"
"Sunshine Duration","1960 March","Belmullet","Hours","98.1"
"Sunshine Duration","1960 March","Shannon Airport","Hours","73.3"
"Sunshine Duration","1960 March","Dublin Airport","Hours","55.5"
"Sunshine Duration","1960 March","Mullingar","Hours","59.6"
"Sunshine Duration","1960 March","Cork Airport","Hours",""
"Sunshine Duration","1960 March","Casement","Hours",""
"Sunshine Duration","1960 March","Phoenix Park","Hours",""
"Sunshine Duration","1960 March","Roches Point","Hours",""
"Sunshine Duration","1960 March","Markree","Hours",""
"Sunshine Duration","1960 April","Malin Head","Hours","169.1"
"Sunshine Duration","1960 April","Claremorris","Hours","134.7"
"Sunshine Duration","1960 April","Valentia Observatory","Hours","178.8"
"Sunshine Duration","1960 April","Belmullet","Hours","175"
"Sunshine Duration","1960 April","Shannon Airport","Hours","139.3"
"Sunshine Duration","1960 April","Dublin Airport","Hours","176.5"
"Sunshine Duration","1960 April","Mullingar","Hours","153.5"
"Sunshine Duration","1960 April","Cork Airport","Hours",""
"Sunshine Duration","1960 April","Casement","Hours",""
"Sunshine Duration","1960 April","Phoenix Park","Hours",""
"Sunshine Duration","1960 April","Roches Point","Hours",""
"Sunshine Duration","1960 April","Markree","Hours",""
"Sunshine Duration","1960 May","Malin Head","Hours","216.2"
"Sunshine Duration","1960 May","Claremorris","Hours","170.4"
"Sunshine Duration","1960 May","Valentia Observatory","Hours","165.7"
"Sunshine Duration","1960 May","Belmullet","Hours","198.4"
"Sunshine Duration","1960 May","Shannon Airport","Hours","172.5"
"Sunshine Duration","1960 May","Dublin Airport","Hours","210.9"
"Sunshine Duration","1960 May","Mullingar","Hours","188.3"
"Sunshine Duration","1960 May","Cork Airport","Hours",""
"Sunshine Duration","1960 May","Casement","Hours",""
"Sunshine Duration","1960 May","Phoenix Park","Hours",""
"Sunshine Duration","1960 May","Roches Point","Hours",""
"Sunshine Duration","1960 May","Markree","Hours",""
"Sunshine Duration","1960 June","Malin Head","Hours","223.3"
"Sunshine Duration","1960 June","Claremorris","Hours","182.8"
"Sunshine Duration","1960 June","Valentia Observatory","Hours","205.3"
"Sunshine Duration","1960 June","Belmullet","Hours","220.6"
"Sunshine Duration","1960 June","Shannon Airport","Hours","195.8"
"Sunshine Duration","1960 June","Dublin Airport","Hours","241.6"
"Sunshine Duration","1960 June","Mullingar","Hours","227.7"
"Sunshine Duration","1960 June","Cork Airport","Hours",""
"Sunshine Duration","1960 June","Casement","Hours",""
"Sunshine Duration","1960 June","Phoenix Park","Hours",""
"Sunshine Duration","1960 June","Roches Point","Hours",""
"Sunshine Duration","1960 June","Markree","Hours",""
"Sunshine Duration","1960 July","Malin Head","Hours","153.2"
"Sunshine Duration","1960 July","Claremorris","Hours","114.5"
"Sunshine Duration","1960 July","Valentia Observatory","Hours","147.2"
"Sunshine Duration","1960 July","Belmullet","Hours","171.3"
"Sunshine Duration","1960 July","Shannon Airport","Hours","143.4"
"Sunshine Duration","1960 July","Dublin Airport","Hours","173.1"
"Sunshine Duration","1960 July","Mullingar","Hours","151.8"
"Sunshine Duration","1960 July","Cork Airport","Hours",""
"Sunshine Duration","1960 July","Casement","Hours",""
"Sunshine Duration","1960 July","Phoenix Park","Hours",""
"Sunshine Duration","1960 July","Roches Point","Hours",""
"Sunshine Duration","1960 July","Markree","Hours",""
"Sunshine Duration","1960 August","Malin Head","Hours","191.5"
"Sunshine Duration","1960 August","Claremorris","Hours","144.1"
"Sunshine Duration","1960 August","Valentia Observatory","Hours","200.7"
"Sunshine Duration","1960 August","Belmullet","Hours","194.2"
"Sunshine Duration","1960 August","Shannon Airport","Hours","182.8"
"Sunshine Duration","1960 August","Dublin Airport","Hours","175.2"
"Sunshine Duration","1960 August","Mullingar","Hours","158.3"
"Sunshine Duration","1960 August","Cork Airport","Hours",""
"Sunshine Duration","1960 August","Casement","Hours",""
"Sunshine Duration","1960 August","Phoenix Park","Hours",""
"Sunshine Duration","1960 August","Roches Point","Hours",""
"Sunshine Duration","1960 August","Markree","Hours",""
"Sunshine Duration","1960 September","Malin Head","Hours","149.6"
"Sunshine Duration","1960 September","Claremorris","Hours","89.6"
"Sunshine Duration","1960 September","Valentia Observatory","Hours","123.9"
"Sunshine Duration","1960 September","Belmullet","Hours","110.1"
"Sunshine Duration","1960 September","Shannon Airport","Hours","131.7"
"Sunshine Duration","1960 September","Dublin Airport","Hours","119.2"
"Sunshine Duration","1960 September","Mullingar","Hours","113.2"
"Sunshine Duration","1960 September","Cork Airport","Hours",""
"Sunshine Duration","1960 September","Casement","Hours",""
"Sunshine Duration","1960 September","Phoenix Park","Hours",""
"Sunshine Duration","1960 September","Roches Point","Hours",""
"Sunshine Duration","1960 September","Markree","Hours",""
"Sunshine Duration","1960 October","Malin Head","Hours","54.8"
"Sunshine Duration","1960 October","Claremorris","Hours","67.4"
"Sunshine Duration","1960 October","Valentia Observatory","Hours","101.5"
"Sunshine Duration","1960 October","Belmullet","Hours","82"
"Sunshine Duration","1960 October","Shannon Airport","Hours","87.4"
"Sunshine Duration","1960 October","Dublin Airport","Hours","78.9"
"Sunshine Duration","1960 October","Mullingar","Hours","83.7"
"Sunshine Duration","1960 October","Cork Airport","Hours",""
"Sunshine Duration","1960 October","Casement","Hours",""
"Sunshine Duration","1960 October","Phoenix Park","Hours",""
"Sunshine Duration","1960 October","Roches Point","Hours",""
"Sunshine Duration","1960 October","Markree","Hours",""
"Sunshine Duration","1960 November","Malin Head","Hours","59.5"
"Sunshine Duration","1960 November","Claremorris","Hours","50.3"
"Sunshine Duration","1960 November","Valentia Observatory","Hours","54.1"
"Sunshine Duration","1960 November","Belmullet","Hours","48.7"
"Sunshine Duration","1960 November","Shannon Airport","Hours","61.5"
"Sunshine Duration","1960 November","Dublin Airport","Hours","78.1"
"Sunshine Duration","1960 November","Mullingar","Hours","65.4"
"Sunshine Duration","1960 November","Cork Airport","Hours",""
"Sunshine Duration","1960 November","Casement","Hours",""
"Sunshine Duration","1960 November","Phoenix Park","Hours",""
"Sunshine Duration","1960 November","Roches Point","Hours",""
"Sunshine Duration","1960 November","Markree","Hours",""
"Sunshine Duration","1960 December","Malin Head","Hours","52.9"
"Sunshine Duration","1960 December","Claremorris","Hours","56.3"
"Sunshine Duration","1960 December","Valentia Observatory","Hours","34.3"
"Sunshine Duration","1960 December","Belmullet","Hours","37.1"
"Sunshine Duration","1960 December","Shannon Airport","Hours","52.3"
"Sunshine Duration","1960 December","Dublin Airport","Hours","88.7"
"Sunshine Duration","1960 December","Mullingar","Hours","72.7"
"Sunshine Duration","1960 December","Cork Airport","Hours",""
"Sunshine Duration","1960 December","Casement","Hours",""
"Sunshine Duration","1960 December","Phoenix Park","Hours",""
"Sunshine Duration","1960 December","Roches Point","Hours",""
"Sunshine Duration","1960 December","Markree","Hours",""
"Sunshine Duration","1961 January","Malin Head","Hours","64.8"
"Sunshine Duration","1961 January","Claremorris","Hours","54.9"
"Sunshine Duration","1961 January","Valentia Observatory","Hours","53.2"
"Sunshine Duration","1961 January","Belmullet","Hours","64.9"
"Sunshine Duration","1961 January","Shannon Airport","Hours","50"
"Sunshine Duration","1961 January","Dublin Airport","Hours","46.2"
"Sunshine Duration","1961 January","Mullingar","Hours","57.6"
"Sunshine Duration","1961 January","Cork Airport","Hours",""
"Sunshine Duration","1961 January","Casement","Hours",""
"Sunshine Duration","1961 January","Phoenix Park","Hours",""
"Sunshine Duration","1961 January","Roches Point","Hours",""
"Sunshine Duration","1961 January","Markree","Hours",""
"Sunshine Duration","1961 February","Malin Head","Hours","59.2"
"Sunshine Duration","1961 February","Claremorris","Hours","33.5"
"Sunshine Duration","1961 February","Valentia Observatory","Hours","32.4"
"Sunshine Duration","1961 February","Belmullet","Hours","43.6"
"Sunshine Duration","1961 February","Shannon Airport","Hours","61.9"
"Sunshine Duration","1961 February","Dublin Airport","Hours","98.6"
"Sunshine Duration","1961 February","Mullingar","Hours","67"
"Sunshine Duration","1961 February","Cork Airport","Hours",""
"Sunshine Duration","1961 February","Casement","Hours",""
"Sunshine Duration","1961 February","Phoenix Park","Hours",""
"Sunshine Duration","1961 February","Roches Point","Hours",""
"Sunshine Duration","1961 February","Markree","Hours",""
"Sunshine Duration","1961 March","Malin Head","Hours","96.3"
"Sunshine Duration","1961 March","Claremorris","Hours","79.3"
"Sunshine Duration","1961 March","Valentia Observatory","Hours","102.3"
"Sunshine Duration","1961 March","Belmullet","Hours","81.1"
"Sunshine Duration","1961 March","Shannon Airport","Hours","113.4"
"Sunshine Duration","1961 March","Dublin Airport","Hours","126"
"Sunshine Duration","1961 March","Mullingar","Hours","101.9"
"Sunshine Duration","1961 March","Cork Airport","Hours",""
"Sunshine Duration","1961 March","Casement","Hours",""
"Sunshine Duration","1961 March","Phoenix Park","Hours",""
"Sunshine Duration","1961 March","Roches Point","Hours",""
"Sunshine Duration","1961 March","Markree","Hours",""
"Sunshine Duration","1961 April","Malin Head","Hours","118"
"Sunshine Duration","1961 April","Claremorris","Hours","110.4"
"Sunshine Duration","1961 April","Valentia Observatory","Hours","147.9"
"Sunshine Duration","1961 April","Belmullet","Hours","160.2"
"Sunshine Duration","1961 April","Shannon Airport","Hours","139.1"
"Sunshine Duration","1961 April","Dublin Airport","Hours","139.4"
"Sunshine Duration","1961 April","Mullingar","Hours","126"
"Sunshine Duration","1961 April","Cork Airport","Hours",""
"Sunshine Duration","1961 April","Casement","Hours",""
"Sunshine Duration","1961 April","Phoenix Park","Hours",""
"Sunshine Duration","1961 April","Roches Point","Hours",""
"Sunshine Duration","1961 April","Markree","Hours",""
"Sunshine Duration","1961 May","Malin Head","Hours","233.8"
"Sunshine Duration","1961 May","Claremorris","Hours","199.2"
"Sunshine Duration","1961 May","Valentia Observatory","Hours","277.9"
"Sunshine Duration","1961 May","Belmullet","Hours","240.1"
"Sunshine Duration","1961 May","Shannon Airport","Hours","237.7"
"Sunshine Duration","1961 May","Dublin Airport","Hours","231.6"
"Sunshine Duration","1961 May","Mullingar","Hours","205.4"
"Sunshine Duration","1961 May","Cork Airport","Hours",""
"Sunshine Duration","1961 May","Casement","Hours",""
"Sunshine Duration","1961 May","Phoenix Park","Hours",""
"Sunshine Duration","1961 May","Roches Point","Hours",""
"Sunshine Duration","1961 May","Markree","Hours",""
"Sunshine Duration","1961 June","Malin Head","Hours","146.1"
"Sunshine Duration","1961 June","Claremorris","Hours","91.7"
"Sunshine Duration","1961 June","Valentia Observatory","Hours","115.6"
"Sunshine Duration","1961 June","Belmullet","Hours","145.4"
"Sunshine Duration","1961 June","Shannon Airport","Hours","142"
"Sunshine Duration","1961 June","Dublin Airport","Hours","165.9"
"Sunshine Duration","1961 June","Mullingar","Hours","140.1"
"Sunshine Duration","1961 June","Cork Airport","Hours",""
"Sunshine Duration","1961 June","Casement","Hours",""
"Sunshine Duration","1961 June","Phoenix Park","Hours",""
"Sunshine Duration","1961 June","Roches Point","Hours",""
"Sunshine Duration","1961 June","Markree","Hours",""
"Sunshine Duration","1961 July","Malin Head","Hours","103.9"
"Sunshine Duration","1961 July","Claremorris","Hours","70.5"
"Sunshine Duration","1961 July","Valentia Observatory","Hours","155.5"
"Sunshine Duration","1961 July","Belmullet","Hours","104.4"
"Sunshine Duration","1961 July","Shannon Airport","Hours","134.9"
"Sunshine Duration","1961 July","Dublin Airport","Hours","131.3"
"Sunshine Duration","1961 July","Mullingar","Hours","110.4"
"Sunshine Duration","1961 July","Cork Airport","Hours",""
"Sunshine Duration","1961 July","Casement","Hours",""
"Sunshine Duration","1961 July","Phoenix Park","Hours",""
"Sunshine Duration","1961 July","Roches Point","Hours",""
"Sunshine Duration","1961 July","Markree","Hours",""
"Sunshine Duration","1961 August","Malin Head","Hours","126"
"Sunshine Duration","1961 August","Claremorris","Hours","129.3"
"Sunshine Duration","1961 August","Valentia Observatory","Hours","150.4"
"Sunshine Duration","1961 August","Belmullet","Hours","162.4"
"Sunshine Duration","1961 August","Shannon Airport","Hours","162.7"
"Sunshine Duration","1961 August","Dublin Airport","Hours","161.1"
"Sunshine Duration","1961 August","Mullingar","Hours","146.6"
"Sunshine Duration","1961 August","Cork Airport","Hours",""
"Sunshine Duration","1961 August","Casement","Hours",""
"Sunshine Duration","1961 August","Phoenix Park","Hours",""
"Sunshine Duration","1961 August","Roches Point","Hours",""
"Sunshine Duration","1961 August","Markree","Hours",""
"Sunshine Duration","1961 September","Malin Head","Hours","127"
"Sunshine Duration","1961 September","Claremorris","Hours","103.8"
"Sunshine Duration","1961 September","Valentia Observatory","Hours","103.1"
"Sunshine Duration","1961 September","Belmullet","Hours","138.5"
"Sunshine Duration","1961 September","Shannon Airport","Hours","120.8"
"Sunshine Duration","1961 September","Dublin Airport","Hours","119.8"
"Sunshine Duration","1961 September","Mullingar","Hours","115.5"
"Sunshine Duration","1961 September","Cork Airport","Hours",""
"Sunshine Duration","1961 September","Casement","Hours",""
"Sunshine Duration","1961 September","Phoenix Park","Hours",""
"Sunshine Duration","1961 September","Roches Point","Hours",""
"Sunshine Duration","1961 September","Markree","Hours",""
"Sunshine Duration","1961 October","Malin Head","Hours","94.7"
"Sunshine Duration","1961 October","Claremorris","Hours","98.9"
"Sunshine Duration","1961 October","Valentia Observatory","Hours","91.8"
"Sunshine Duration","1961 October","Belmullet","Hours","86.1"
"Sunshine Duration","1961 October","Shannon Airport","Hours","100.8"
"Sunshine Duration","1961 October","Dublin Airport","Hours","107.5"
"Sunshine Duration","1961 October","Mullingar","Hours","85.3"
"Sunshine Duration","1961 October","Cork Airport","Hours",""
"Sunshine Duration","1961 October","Casement","Hours",""
"Sunshine Duration","1961 October","Phoenix Park","Hours",""
"Sunshine Duration","1961 October","Roches Point","Hours",""
"Sunshine Duration","1961 October","Markree","Hours",""
"Sunshine Duration","1961 November","Malin Head","Hours","51.7"
"Sunshine Duration","1961 November","Claremorris","Hours","54"
"Sunshine Duration","1961 November","Valentia Observatory","Hours","53"
"Sunshine Duration","1961 November","Belmullet","Hours","53.6"
"Sunshine Duration","1961 November","Shannon Airport","Hours","50.7"
"Sunshine Duration","1961 November","Dublin Airport","Hours","71.3"
"Sunshine Duration","1961 November","Mullingar","Hours","61.1"
"Sunshine Duration","1961 November","Cork Airport","Hours",""
"Sunshine Duration","1961 November","Casement","Hours",""
"Sunshine Duration","1961 November","Phoenix Park","Hours",""
"Sunshine Duration","1961 November","Roches Point","Hours",""
"Sunshine Duration","1961 November","Markree","Hours",""
"Sunshine Duration","1961 December","Malin Head","Hours","40.7"
"Sunshine Duration","1961 December","Claremorris","Hours","57.7"
"Sunshine Duration","1961 December","Valentia Observatory","Hours","49.6"
"Sunshine Duration","1961 December","Belmullet","Hours","60.1"
"Sunshine Duration","1961 December","Shannon Airport","Hours","66.2"
"Sunshine Duration","1961 December","Dublin Airport","Hours","76.5"
"Sunshine Duration","1961 December","Mullingar","Hours","68.1"
"Sunshine Duration","1961 December","Cork Airport","Hours",""
"Sunshine Duration","1961 December","Casement","Hours",""
"Sunshine Duration","1961 December","Phoenix Park","Hours",""
"Sunshine Duration","1961 December","Roches Point","Hours",""
"Sunshine Duration","1961 December","Markree","Hours",""
"Sunshine Duration","1962 January","Malin Head","Hours","45.6"
"Sunshine Duration","1962 January","Claremorris","Hours","42.5"
"Sunshine Duration","1962 January","Valentia Observatory","Hours","42"
"Sunshine Duration","1962 January","Belmullet","Hours","49.3"
"Sunshine Duration","1962 January","Shannon Airport","Hours","44.5"
"Sunshine Duration","1962 January","Dublin Airport","Hours","69"
"Sunshine Duration","1962 January","Mullingar","Hours","65.6"
"Sunshine Duration","1962 January","Cork Airport","Hours",""
"Sunshine Duration","1962 January","Casement","Hours",""
"Sunshine Duration","1962 January","Phoenix Park","Hours",""
"Sunshine Duration","1962 January","Roches Point","Hours",""
"Sunshine Duration","1962 January","Markree","Hours",""
"Sunshine Duration","1962 February","Malin Head","Hours","56.1"
"Sunshine Duration","1962 February","Claremorris","Hours","56.9"
"Sunshine Duration","1962 February","Valentia Observatory","Hours","65.8"
"Sunshine Duration","1962 February","Belmullet","Hours","82"
"Sunshine Duration","1962 February","Shannon Airport","Hours","68.1"
"Sunshine Duration","1962 February","Dublin Airport","Hours","46.5"
"Sunshine Duration","1962 February","Mullingar","Hours","44.1"
"Sunshine Duration","1962 February","Cork Airport","Hours",""
"Sunshine Duration","1962 February","Casement","Hours",""
"Sunshine Duration","1962 February","Phoenix Park","Hours",""
"Sunshine Duration","1962 February","Roches Point","Hours",""
"Sunshine Duration","1962 February","Markree","Hours",""
"Sunshine Duration","1962 March","Malin Head","Hours","115.5"
"Sunshine Duration","1962 March","Claremorris","Hours","127.7"
"Sunshine Duration","1962 March","Valentia Observatory","Hours","146.1"
"Sunshine Duration","1962 March","Belmullet","Hours","128.4"
"Sunshine Duration","1962 March","Shannon Airport","Hours","133.5"
"Sunshine Duration","1962 March","Dublin Airport","Hours","128.8"
"Sunshine Duration","1962 March","Mullingar","Hours","129.5"
"Sunshine Duration","1962 March","Cork Airport","Hours",""
"Sunshine Duration","1962 March","Casement","Hours",""
"Sunshine Duration","1962 March","Phoenix Park","Hours",""
"Sunshine Duration","1962 March","Roches Point","Hours",""
"Sunshine Duration","1962 March","Markree","Hours",""
"Sunshine Duration","1962 April","Malin Head","Hours","233"
"Sunshine Duration","1962 April","Claremorris","Hours","193.2"
"Sunshine Duration","1962 April","Valentia Observatory","Hours","184.3"
"Sunshine Duration","1962 April","Belmullet","Hours","222.3"
"Sunshine Duration","1962 April","Shannon Airport","Hours","183.7"
"Sunshine Duration","1962 April","Dublin Airport","Hours","193.3"
"Sunshine Duration","1962 April","Mullingar","Hours","199"
"Sunshine Duration","1962 April","Cork Airport","Hours","201.1"
"Sunshine Duration","1962 April","Casement","Hours",""
"Sunshine Duration","1962 April","Phoenix Park","Hours",""
"Sunshine Duration","1962 April","Roches Point","Hours",""
"Sunshine Duration","1962 April","Markree","Hours",""
"Sunshine Duration","1962 May","Malin Head","Hours","232.6"
"Sunshine Duration","1962 May","Claremorris","Hours","208.1"
"Sunshine Duration","1962 May","Valentia Observatory","Hours","212.3"
"Sunshine Duration","1962 May","Belmullet","Hours","249.3"
"Sunshine Duration","1962 May","Shannon Airport","Hours","215.7"
"Sunshine Duration","1962 May","Dublin Airport","Hours","212.5"
"Sunshine Duration","1962 May","Mullingar","Hours","226.1"
"Sunshine Duration","1962 May","Cork Airport","Hours","216.5"
"Sunshine Duration","1962 May","Casement","Hours",""
"Sunshine Duration","1962 May","Phoenix Park","Hours",""
"Sunshine Duration","1962 May","Roches Point","Hours",""
"Sunshine Duration","1962 May","Markree","Hours",""
"Sunshine Duration","1962 June","Malin Head","Hours","170"
"Sunshine Duration","1962 June","Claremorris","Hours","190.8"
"Sunshine Duration","1962 June","Valentia Observatory","Hours","209.6"
"Sunshine Duration","1962 June","Belmullet","Hours","198.9"
"Sunshine Duration","1962 June","Shannon Airport","Hours","194.2"
"Sunshine Duration","1962 June","Dublin Airport","Hours","202.8"
"Sunshine Duration","1962 June","Mullingar","Hours","192"
"Sunshine Duration","1962 June","Cork Airport","Hours","236.7"
"Sunshine Duration","1962 June","Casement","Hours",""
"Sunshine Duration","1962 June","Phoenix Park","Hours",""
"Sunshine Duration","1962 June","Roches Point","Hours",""
"Sunshine Duration","1962 June","Markree","Hours",""
"Sunshine Duration","1962 July","Malin Head","Hours","136.1"
"Sunshine Duration","1962 July","Claremorris","Hours","97.2"
"Sunshine Duration","1962 July","Valentia Observatory","Hours","127.4"
"Sunshine Duration","1962 July","Belmullet","Hours","147.5"
"Sunshine Duration","1962 July","Shannon Airport","Hours","135"
"Sunshine Duration","1962 July","Dublin Airport","Hours","125.4"
"Sunshine Duration","1962 July","Mullingar","Hours","102.8"
"Sunshine Duration","1962 July","Cork Airport","Hours","156.9"
"Sunshine Duration","1962 July","Casement","Hours",""
"Sunshine Duration","1962 July","Phoenix Park","Hours",""
"Sunshine Duration","1962 July","Roches Point","Hours",""
"Sunshine Duration","1962 July","Markree","Hours",""
"Sunshine Duration","1962 August","Malin Head","Hours","172.9"
"Sunshine Duration","1962 August","Claremorris","Hours","147.6"
"Sunshine Duration","1962 August","Valentia Observatory","Hours","160.1"
"Sunshine Duration","1962 August","Belmullet","Hours","192.8"
"Sunshine Duration","1962 August","Shannon Airport","Hours","154.5"
"Sunshine Duration","1962 August","Dublin Airport","Hours","161.1"
"Sunshine Duration","1962 August","Mullingar","Hours","160.4"
"Sunshine Duration","1962 August","Cork Airport","Hours","167.3"
"Sunshine Duration","1962 August","Casement","Hours",""
"Sunshine Duration","1962 August","Phoenix Park","Hours",""
"Sunshine Duration","1962 August","Roches Point","Hours",""
"Sunshine Duration","1962 August","Markree","Hours",""
"Sunshine Duration","1962 September","Malin Head","Hours","104.6"
"Sunshine Duration","1962 September","Claremorris","Hours","84.9"
"Sunshine Duration","1962 September","Valentia Observatory","Hours","116"
"Sunshine Duration","1962 September","Belmullet","Hours","87.4"
"Sunshine Duration","1962 September","Shannon Airport","Hours","98.4"
"Sunshine Duration","1962 September","Dublin Airport","Hours","87"
"Sunshine Duration","1962 September","Mullingar","Hours","79.7"
"Sunshine Duration","1962 September","Cork Airport","Hours","107.4"
"Sunshine Duration","1962 September","Casement","Hours",""
"Sunshine Duration","1962 September","Phoenix Park","Hours",""
"Sunshine Duration","1962 September","Roches Point","Hours",""
"Sunshine Duration","1962 September","Markree","Hours",""
"Sunshine Duration","1962 October","Malin Head","Hours","85.6"
"Sunshine Duration","1962 October","Claremorris","Hours","92.5"
"Sunshine Duration","1962 October","Valentia Observatory","Hours","109.2"
"Sunshine Duration","1962 October","Belmullet","Hours","90.4"
"Sunshine Duration","1962 October","Shannon Airport","Hours","87.2"
"Sunshine Duration","1962 October","Dublin Airport","Hours","120.6"
"Sunshine Duration","1962 October","Mullingar","Hours","99.1"
"Sunshine Duration","1962 October","Cork Airport","Hours","105.9"
"Sunshine Duration","1962 October","Casement","Hours",""
"Sunshine Duration","1962 October","Phoenix Park","Hours",""
"Sunshine Duration","1962 October","Roches Point","Hours",""
"Sunshine Duration","1962 October","Markree","Hours",""
"Sunshine Duration","1962 November","Malin Head","Hours","38"
"Sunshine Duration","1962 November","Claremorris","Hours","41.5"
"Sunshine Duration","1962 November","Valentia Observatory","Hours","49.9"
"Sunshine Duration","1962 November","Belmullet","Hours","44.2"
"Sunshine Duration","1962 November","Shannon Airport","Hours","46.3"
"Sunshine Duration","1962 November","Dublin Airport","Hours","44.3"
"Sunshine Duration","1962 November","Mullingar","Hours","46.8"
"Sunshine Duration","1962 November","Cork Airport","Hours","57.2"
"Sunshine Duration","1962 November","Casement","Hours",""
"Sunshine Duration","1962 November","Phoenix Park","Hours",""
"Sunshine Duration","1962 November","Roches Point","Hours",""
"Sunshine Duration","1962 November","Markree","Hours",""
"Sunshine Duration","1962 December","Malin Head","Hours","29.3"
"Sunshine Duration","1962 December","Claremorris","Hours","47"
"Sunshine Duration","1962 December","Valentia Observatory","Hours","50.3"
"Sunshine Duration","1962 December","Belmullet","Hours","36.1"
"Sunshine Duration","1962 December","Shannon Airport","Hours","55.6"
"Sunshine Duration","1962 December","Dublin Airport","Hours","57.3"
"Sunshine Duration","1962 December","Mullingar","Hours","47.9"
"Sunshine Duration","1962 December","Cork Airport","Hours","61.1"
"Sunshine Duration","1962 December","Casement","Hours",""
"Sunshine Duration","1962 December","Phoenix Park","Hours",""
"Sunshine Duration","1962 December","Roches Point","Hours",""
"Sunshine Duration","1962 December","Markree","Hours",""
"Sunshine Duration","1963 January","Malin Head","Hours","65.3"
"Sunshine Duration","1963 January","Claremorris","Hours","84"
"Sunshine Duration","1963 January","Valentia Observatory","Hours","88.9"
"Sunshine Duration","1963 January","Belmullet","Hours","87.9"
"Sunshine Duration","1963 January","Shannon Airport","Hours","67.4"
"Sunshine Duration","1963 January","Dublin Airport","Hours","58.4"
"Sunshine Duration","1963 January","Mullingar","Hours","71"
"Sunshine Duration","1963 January","Cork Airport","Hours","54.2"
"Sunshine Duration","1963 January","Casement","Hours",""
"Sunshine Duration","1963 January","Phoenix Park","Hours",""
"Sunshine Duration","1963 January","Roches Point","Hours",""
"Sunshine Duration","1963 January","Markree","Hours",""
"Sunshine Duration","1963 February","Malin Head","Hours","80.8"
"Sunshine Duration","1963 February","Claremorris","Hours","69"
"Sunshine Duration","1963 February","Valentia Observatory","Hours","69.5"
"Sunshine Duration","1963 February","Belmullet","Hours","82.2"
"Sunshine Duration","1963 February","Shannon Airport","Hours","62.7"
"Sunshine Duration","1963 February","Dublin Airport","Hours","61.1"
"Sunshine Duration","1963 February","Mullingar","Hours","72.5"
"Sunshine Duration","1963 February","Cork Airport","Hours","65.5"
"Sunshine Duration","1963 February","Casement","Hours",""
"Sunshine Duration","1963 February","Phoenix Park","Hours",""
"Sunshine Duration","1963 February","Roches Point","Hours",""
"Sunshine Duration","1963 February","Markree","Hours",""
"Sunshine Duration","1963 March","Malin Head","Hours","133.9"
"Sunshine Duration","1963 March","Claremorris","Hours","114"
"Sunshine Duration","1963 March","Valentia Observatory","Hours","107"
"Sunshine Duration","1963 March","Belmullet","Hours","139.2"
"Sunshine Duration","1963 March","Shannon Airport","Hours","125.3"
"Sunshine Duration","1963 March","Dublin Airport","Hours","115.5"
"Sunshine Duration","1963 March","Mullingar","Hours","128.8"
"Sunshine Duration","1963 March","Cork Airport","Hours","122.7"
"Sunshine Duration","1963 March","Casement","Hours",""
"Sunshine Duration","1963 March","Phoenix Park","Hours",""
"Sunshine Duration","1963 March","Roches Point","Hours",""
"Sunshine Duration","1963 March","Markree","Hours",""
"Sunshine Duration","1963 April","Malin Head","Hours","152.9"
"Sunshine Duration","1963 April","Claremorris","Hours","109"
"Sunshine Duration","1963 April","Valentia Observatory","Hours","122.1"
"Sunshine Duration","1963 April","Belmullet","Hours","124.3"
"Sunshine Duration","1963 April","Shannon Airport","Hours","119.9"
"Sunshine Duration","1963 April","Dublin Airport","Hours","111.7"
"Sunshine Duration","1963 April","Mullingar","Hours","113.8"
"Sunshine Duration","1963 April","Cork Airport","Hours","125.5"
"Sunshine Duration","1963 April","Casement","Hours",""
"Sunshine Duration","1963 April","Phoenix Park","Hours",""
"Sunshine Duration","1963 April","Roches Point","Hours",""
"Sunshine Duration","1963 April","Markree","Hours",""
"Sunshine Duration","1963 May","Malin Head","Hours","181.4"
"Sunshine Duration","1963 May","Claremorris","Hours","146.2"
"Sunshine Duration","1963 May","Valentia Observatory","Hours","152"
"Sunshine Duration","1963 May","Belmullet","Hours","199.3"
"Sunshine Duration","1963 May","Shannon Airport","Hours","174.7"
"Sunshine Duration","1963 May","Dublin Airport","Hours","183.5"
"Sunshine Duration","1963 May","Mullingar","Hours","175.3"
"Sunshine Duration","1963 May","Cork Airport","Hours","178.8"
"Sunshine Duration","1963 May","Casement","Hours",""
"Sunshine Duration","1963 May","Phoenix Park","Hours",""
"Sunshine Duration","1963 May","Roches Point","Hours",""
"Sunshine Duration","1963 May","Markree","Hours",""
"Sunshine Duration","1963 June","Malin Head","Hours","213.2"
"Sunshine Duration","1963 June","Claremorris","Hours","175.2"
"Sunshine Duration","1963 June","Valentia Observatory","Hours","158"
"Sunshine Duration","1963 June","Belmullet","Hours","211.3"
"Sunshine Duration","1963 June","Shannon Airport","Hours","181"
"Sunshine Duration","1963 June","Dublin Airport","Hours","203.2"
"Sunshine Duration","1963 June","Mullingar","Hours","196.2"
"Sunshine Duration","1963 June","Cork Airport","Hours","209.7"
"Sunshine Duration","1963 June","Casement","Hours",""
"Sunshine Duration","1963 June","Phoenix Park","Hours",""
"Sunshine Duration","1963 June","Roches Point","Hours",""
"Sunshine Duration","1963 June","Markree","Hours",""
"Sunshine Duration","1963 July","Malin Head","Hours","185.6"
"Sunshine Duration","1963 July","Claremorris","Hours","131.3"
"Sunshine Duration","1963 July","Valentia Observatory","Hours","148"
"Sunshine Duration","1963 July","Belmullet","Hours","169.7"
"Sunshine Duration","1963 July","Shannon Airport","Hours","131.1"
"Sunshine Duration","1963 July","Dublin Airport","Hours","156.6"
"Sunshine Duration","1963 July","Mullingar","Hours","145.5"
"Sunshine Duration","1963 July","Cork Airport","Hours","168.9"
"Sunshine Duration","1963 July","Casement","Hours",""
"Sunshine Duration","1963 July","Phoenix Park","Hours",""
"Sunshine Duration","1963 July","Roches Point","Hours",""
"Sunshine Duration","1963 July","Markree","Hours",""
"Sunshine Duration","1963 August","Malin Head","Hours","107"
"Sunshine Duration","1963 August","Claremorris","Hours","94.7"
"Sunshine Duration","1963 August","Valentia Observatory","Hours","115.8"
"Sunshine Duration","1963 August","Belmullet","Hours","130.5"
"Sunshine Duration","1963 August","Shannon Airport","Hours","114.2"
"Sunshine Duration","1963 August","Dublin Airport","Hours","133.8"
"Sunshine Duration","1963 August","Mullingar","Hours","109.4"
"Sunshine Duration","1963 August","Cork Airport","Hours","150.9"
"Sunshine Duration","1963 August","Casement","Hours",""
"Sunshine Duration","1963 August","Phoenix Park","Hours",""
"Sunshine Duration","1963 August","Roches Point","Hours",""
"Sunshine Duration","1963 August","Markree","Hours",""
"Sunshine Duration","1963 September","Malin Head","Hours","112.3"
"Sunshine Duration","1963 September","Claremorris","Hours","95.4"
"Sunshine Duration","1963 September","Valentia Observatory","Hours","111.6"
"Sunshine Duration","1963 September","Belmullet","Hours","100.4"
"Sunshine Duration","1963 September","Shannon Airport","Hours","108.2"
"Sunshine Duration","1963 September","Dublin Airport","Hours","148.4"
"Sunshine Duration","1963 September","Mullingar","Hours","132.3"
"Sunshine Duration","1963 September","Cork Airport","Hours","122.4"
"Sunshine Duration","1963 September","Casement","Hours",""
"Sunshine Duration","1963 September","Phoenix Park","Hours",""
"Sunshine Duration","1963 September","Roches Point","Hours",""
"Sunshine Duration","1963 September","Markree","Hours",""
"Sunshine Duration","1963 October","Malin Head","Hours","71.6"
"Sunshine Duration","1963 October","Claremorris","Hours","72.3"
"Sunshine Duration","1963 October","Valentia Observatory","Hours","68.1"
"Sunshine Duration","1963 October","Belmullet","Hours","77.8"
"Sunshine Duration","1963 October","Shannon Airport","Hours","70.4"
"Sunshine Duration","1963 October","Dublin Airport","Hours","82.5"
"Sunshine Duration","1963 October","Mullingar","Hours","68.8"
"Sunshine Duration","1963 October","Cork Airport","Hours","81.3"
"Sunshine Duration","1963 October","Casement","Hours",""
"Sunshine Duration","1963 October","Phoenix Park","Hours",""
"Sunshine Duration","1963 October","Roches Point","Hours",""
"Sunshine Duration","1963 October","Markree","Hours",""
"Sunshine Duration","1963 November","Malin Head","Hours","43.8"
"Sunshine Duration","1963 November","Claremorris","Hours","65.9"
"Sunshine Duration","1963 November","Valentia Observatory","Hours","55.4"
"Sunshine Duration","1963 November","Belmullet","Hours","66"
"Sunshine Duration","1963 November","Shannon Airport","Hours","74.4"
"Sunshine Duration","1963 November","Dublin Airport","Hours","81.3"
"Sunshine Duration","1963 November","Mullingar","Hours","72.2"
"Sunshine Duration","1963 November","Cork Airport","Hours","82.7"
"Sunshine Duration","1963 November","Casement","Hours",""
"Sunshine Duration","1963 November","Phoenix Park","Hours",""
"Sunshine Duration","1963 November","Roches Point","Hours",""
"Sunshine Duration","1963 November","Markree","Hours",""
"Sunshine Duration","1963 December","Malin Head","Hours","34.1"
"Sunshine Duration","1963 December","Claremorris","Hours","60.7"
"Sunshine Duration","1963 December","Valentia Observatory","Hours","54.4"
"Sunshine Duration","1963 December","Belmullet","Hours","54.2"
"Sunshine Duration","1963 December","Shannon Airport","Hours","52.4"
"Sunshine Duration","1963 December","Dublin Airport","Hours","52.8"
"Sunshine Duration","1963 December","Mullingar","Hours","58.9"
"Sunshine Duration","1963 December","Cork Airport","Hours","52.3"
"Sunshine Duration","1963 December","Casement","Hours",""
"Sunshine Duration","1963 December","Phoenix Park","Hours",""
"Sunshine Duration","1963 December","Roches Point","Hours",""
"Sunshine Duration","1963 December","Markree","Hours",""
"Sunshine Duration","1964 January","Malin Head","Hours","31.9"
"Sunshine Duration","1964 January","Claremorris","Hours","34.3"
"Sunshine Duration","1964 January","Valentia Observatory","Hours","46.5"
"Sunshine Duration","1964 January","Belmullet","Hours","41.5"
"Sunshine Duration","1964 January","Shannon Airport","Hours","34.9"
"Sunshine Duration","1964 January","Dublin Airport","Hours","34.4"
"Sunshine Duration","1964 January","Mullingar","Hours","27.8"
"Sunshine Duration","1964 January","Cork Airport","Hours","29"
"Sunshine Duration","1964 January","Casement","Hours","38.9"
"Sunshine Duration","1964 January","Phoenix Park","Hours",""
"Sunshine Duration","1964 January","Roches Point","Hours",""
"Sunshine Duration","1964 January","Markree","Hours",""
"Sunshine Duration","1964 February","Malin Head","Hours","44.7"
"Sunshine Duration","1964 February","Claremorris","Hours","76.4"
"Sunshine Duration","1964 February","Valentia Observatory","Hours","64.6"
"Sunshine Duration","1964 February","Belmullet","Hours","70.2"
"Sunshine Duration","1964 February","Shannon Airport","Hours","80.1"
"Sunshine Duration","1964 February","Dublin Airport","Hours","70.2"
"Sunshine Duration","1964 February","Mullingar","Hours","70.6"
"Sunshine Duration","1964 February","Cork Airport","Hours","66.5"
"Sunshine Duration","1964 February","Casement","Hours","87.7"
"Sunshine Duration","1964 February","Phoenix Park","Hours",""
"Sunshine Duration","1964 February","Roches Point","Hours",""
"Sunshine Duration","1964 February","Markree","Hours",""
"Sunshine Duration","1964 March","Malin Head","Hours","69"
"Sunshine Duration","1964 March","Claremorris","Hours","60.8"
"Sunshine Duration","1964 March","Valentia Observatory","Hours","86.3"
"Sunshine Duration","1964 March","Belmullet","Hours","101.1"
"Sunshine Duration","1964 March","Shannon Airport","Hours","70.6"
"Sunshine Duration","1964 March","Dublin Airport","Hours","65.7"
"Sunshine Duration","1964 March","Mullingar","Hours","77.3"
"Sunshine Duration","1964 March","Cork Airport","Hours","77.8"
"Sunshine Duration","1964 March","Casement","Hours","74.9"
"Sunshine Duration","1964 March","Phoenix Park","Hours",""
"Sunshine Duration","1964 March","Roches Point","Hours",""
"Sunshine Duration","1964 March","Markree","Hours",""
"Sunshine Duration","1964 April","Malin Head","Hours","165.5"
"Sunshine Duration","1964 April","Claremorris","Hours","118.9"
"Sunshine Duration","1964 April","Valentia Observatory","Hours","141.6"
"Sunshine Duration","1964 April","Belmullet","Hours","173.1"
"Sunshine Duration","1964 April","Shannon Airport","Hours","149.5"
"Sunshine Duration","1964 April","Dublin Airport","Hours","139.9"
"Sunshine Duration","1964 April","Mullingar","Hours","119.8"
"Sunshine Duration","1964 April","Cork Airport","Hours","161.3"
"Sunshine Duration","1964 April","Casement","Hours","148"
"Sunshine Duration","1964 April","Phoenix Park","Hours",""
"Sunshine Duration","1964 April","Roches Point","Hours",""
"Sunshine Duration","1964 April","Markree","Hours",""
"Sunshine Duration","1964 May","Malin Head","Hours","164.2"
"Sunshine Duration","1964 May","Claremorris","Hours","163.6"
"Sunshine Duration","1964 May","Valentia Observatory","Hours","159.8"
"Sunshine Duration","1964 May","Belmullet","Hours","188.6"
"Sunshine Duration","1964 May","Shannon Airport","Hours","160.9"
"Sunshine Duration","1964 May","Dublin Airport","Hours","189.9"
"Sunshine Duration","1964 May","Mullingar","Hours","175.5"
"Sunshine Duration","1964 May","Cork Airport","Hours","171.5"
"Sunshine Duration","1964 May","Casement","Hours","195.3"
"Sunshine Duration","1964 May","Phoenix Park","Hours",""
"Sunshine Duration","1964 May","Roches Point","Hours",""
"Sunshine Duration","1964 May","Markree","Hours",""
"Sunshine Duration","1964 June","Malin Head","Hours","158.3"
"Sunshine Duration","1964 June","Claremorris","Hours","133.2"
"Sunshine Duration","1964 June","Valentia Observatory","Hours","132.7"
"Sunshine Duration","1964 June","Belmullet","Hours","181.1"
"Sunshine Duration","1964 June","Shannon Airport","Hours","119.7"
"Sunshine Duration","1964 June","Dublin Airport","Hours","144.2"
"Sunshine Duration","1964 June","Mullingar","Hours","111.6"
"Sunshine Duration","1964 June","Cork Airport","Hours","154.3"
"Sunshine Duration","1964 June","Casement","Hours","136.6"
"Sunshine Duration","1964 June","Phoenix Park","Hours",""
"Sunshine Duration","1964 June","Roches Point","Hours",""
"Sunshine Duration","1964 June","Markree","Hours",""
"Sunshine Duration","1964 July","Malin Head","Hours","94.3"
"Sunshine Duration","1964 July","Claremorris","Hours","106.4"
"Sunshine Duration","1964 July","Valentia Observatory","Hours","124.5"
"Sunshine Duration","1964 July","Belmullet","Hours","115.7"
"Sunshine Duration","1964 July","Shannon Airport","Hours","111"
"Sunshine Duration","1964 July","Dublin Airport","Hours","153.9"
"Sunshine Duration","1964 July","Mullingar","Hours","123.7"
"Sunshine Duration","1964 July","Cork Airport","Hours","151.3"
"Sunshine Duration","1964 July","Casement","Hours","150.6"
"Sunshine Duration","1964 July","Phoenix Park","Hours",""
"Sunshine Duration","1964 July","Roches Point","Hours",""
"Sunshine Duration","1964 July","Markree","Hours",""
"Sunshine Duration","1964 August","Malin Head","Hours","138.1"
"Sunshine Duration","1964 August","Claremorris","Hours","149"
"Sunshine Duration","1964 August","Valentia Observatory","Hours","150.5"
"Sunshine Duration","1964 August","Belmullet","Hours","150.1"
"Sunshine Duration","1964 August","Shannon Airport","Hours","168.4"
"Sunshine Duration","1964 August","Dublin Airport","Hours","170.9"
"Sunshine Duration","1964 August","Mullingar","Hours","157"
"Sunshine Duration","1964 August","Cork Airport","Hours","152.2"
"Sunshine Duration","1964 August","Casement","Hours","176.1"
"Sunshine Duration","1964 August","Phoenix Park","Hours",""
"Sunshine Duration","1964 August","Roches Point","Hours",""
"Sunshine Duration","1964 August","Markree","Hours",""
"Sunshine Duration","1964 September","Malin Head","Hours","114.8"
"Sunshine Duration","1964 September","Claremorris","Hours","126"
"Sunshine Duration","1964 September","Valentia Observatory","Hours","141.1"
"Sunshine Duration","1964 September","Belmullet","Hours","135.2"
"Sunshine Duration","1964 September","Shannon Airport","Hours","143.3"
"Sunshine Duration","1964 September","Dublin Airport","Hours","151"
"Sunshine Duration","1964 September","Mullingar","Hours","141"
"Sunshine Duration","1964 September","Cork Airport","Hours","157.5"
"Sunshine Duration","1964 September","Casement","Hours","159.7"
"Sunshine Duration","1964 September","Phoenix Park","Hours",""
"Sunshine Duration","1964 September","Roches Point","Hours",""
"Sunshine Duration","1964 September","Markree","Hours",""
"Sunshine Duration","1964 October","Malin Head","Hours","62.7"
"Sunshine Duration","1964 October","Claremorris","Hours","57.4"
"Sunshine Duration","1964 October","Valentia Observatory","Hours","74.8"
"Sunshine Duration","1964 October","Belmullet","Hours","86.5"
"Sunshine Duration","1964 October","Shannon Airport","Hours","85.6"
"Sunshine Duration","1964 October","Dublin Airport","Hours","83.6"
"Sunshine Duration","1964 October","Mullingar","Hours","78.2"
"Sunshine Duration","1964 October","Cork Airport","Hours","103.6"
"Sunshine Duration","1964 October","Casement","Hours","89.3"
"Sunshine Duration","1964 October","Phoenix Park","Hours",""
"Sunshine Duration","1964 October","Roches Point","Hours",""
"Sunshine Duration","1964 October","Markree","Hours",""
"Sunshine Duration","1964 November","Malin Head","Hours","56.9"
"Sunshine Duration","1964 November","Claremorris","Hours","71.3"
"Sunshine Duration","1964 November","Valentia Observatory","Hours","65.4"
"Sunshine Duration","1964 November","Belmullet","Hours","71.4"
"Sunshine Duration","1964 November","Shannon Airport","Hours","72.9"
"Sunshine Duration","1964 November","Dublin Airport","Hours","84.9"
"Sunshine Duration","1964 November","Mullingar","Hours","80.3"
"Sunshine Duration","1964 November","Cork Airport","Hours","70.9"
"Sunshine Duration","1964 November","Casement","Hours","81.7"
"Sunshine Duration","1964 November","Phoenix Park","Hours",""
"Sunshine Duration","1964 November","Roches Point","Hours",""
"Sunshine Duration","1964 November","Markree","Hours",""
"Sunshine Duration","1964 December","Malin Head","Hours","21.7"
"Sunshine Duration","1964 December","Claremorris","Hours","50.7"
"Sunshine Duration","1964 December","Valentia Observatory","Hours","50.4"
"Sunshine Duration","1964 December","Belmullet","Hours","36.3"
"Sunshine Duration","1964 December","Shannon Airport","Hours","54.6"
"Sunshine Duration","1964 December","Dublin Airport","Hours","55.5"
"Sunshine Duration","1964 December","Mullingar","Hours","61.8"
"Sunshine Duration","1964 December","Cork Airport","Hours","70.8"
"Sunshine Duration","1964 December","Casement","Hours","48.3"
"Sunshine Duration","1964 December","Phoenix Park","Hours",""
"Sunshine Duration","1964 December","Roches Point","Hours",""
"Sunshine Duration","1964 December","Markree","Hours",""
"Sunshine Duration","1965 January","Malin Head","Hours","51.7"
"Sunshine Duration","1965 January","Claremorris","Hours","72.4"
"Sunshine Duration","1965 January","Valentia Observatory","Hours","78.2"
"Sunshine Duration","1965 January","Belmullet","Hours","56.9"
"Sunshine Duration","1965 January","Shannon Airport","Hours","55.3"
"Sunshine Duration","1965 January","Dublin Airport","Hours","69.8"
"Sunshine Duration","1965 January","Mullingar","Hours","73.4"
"Sunshine Duration","1965 January","Cork Airport","Hours","84.7"
"Sunshine Duration","1965 January","Casement","Hours","61.9"
"Sunshine Duration","1965 January","Phoenix Park","Hours",""
"Sunshine Duration","1965 January","Roches Point","Hours",""
"Sunshine Duration","1965 January","Markree","Hours",""
"Sunshine Duration","1965 February","Malin Head","Hours","61.7"
"Sunshine Duration","1965 February","Claremorris","Hours","62.8"
"Sunshine Duration","1965 February","Valentia Observatory","Hours","84.9"
"Sunshine Duration","1965 February","Belmullet","Hours","77.7"
"Sunshine Duration","1965 February","Shannon Airport","Hours","45.5"
"Sunshine Duration","1965 February","Dublin Airport","Hours","50"
"Sunshine Duration","1965 February","Mullingar","Hours","58.8"
"Sunshine Duration","1965 February","Cork Airport","Hours","52.6"
"Sunshine Duration","1965 February","Casement","Hours","40.6"
"Sunshine Duration","1965 February","Phoenix Park","Hours",""
"Sunshine Duration","1965 February","Roches Point","Hours",""
"Sunshine Duration","1965 February","Markree","Hours",""
"Sunshine Duration","1965 March","Malin Head","Hours","94.2"
"Sunshine Duration","1965 March","Claremorris","Hours","109.9"
"Sunshine Duration","1965 March","Valentia Observatory","Hours","129.6"
"Sunshine Duration","1965 March","Belmullet","Hours","114.6"
"Sunshine Duration","1965 March","Shannon Airport","Hours","135.6"
"Sunshine Duration","1965 March","Dublin Airport","Hours","127.4"
"Sunshine Duration","1965 March","Mullingar","Hours","124.8"
"Sunshine Duration","1965 March","Cork Airport","Hours","139.1"
"Sunshine Duration","1965 March","Casement","Hours","139"
"Sunshine Duration","1965 March","Phoenix Park","Hours",""
"Sunshine Duration","1965 March","Roches Point","Hours",""
"Sunshine Duration","1965 March","Markree","Hours",""
"Sunshine Duration","1965 April","Malin Head","Hours","158.3"
"Sunshine Duration","1965 April","Claremorris","Hours","128.4"
"Sunshine Duration","1965 April","Valentia Observatory","Hours","132.7"
"Sunshine Duration","1965 April","Belmullet","Hours","151.3"
"Sunshine Duration","1965 April","Shannon Airport","Hours","137.1"
"Sunshine Duration","1965 April","Dublin Airport","Hours","182.5"
"Sunshine Duration","1965 April","Mullingar","Hours","149.8"
"Sunshine Duration","1965 April","Cork Airport","Hours","141.1"
"Sunshine Duration","1965 April","Casement","Hours","175.5"
"Sunshine Duration","1965 April","Phoenix Park","Hours",""
"Sunshine Duration","1965 April","Roches Point","Hours",""
"Sunshine Duration","1965 April","Markree","Hours",""
"Sunshine Duration","1965 May","Malin Head","Hours","141"
"Sunshine Duration","1965 May","Claremorris","Hours","124.7"
"Sunshine Duration","1965 May","Valentia Observatory","Hours","136.9"
"Sunshine Duration","1965 May","Belmullet","Hours","147.7"
"Sunshine Duration","1965 May","Shannon Airport","Hours","128"
"Sunshine Duration","1965 May","Dublin Airport","Hours","154.1"
"Sunshine Duration","1965 May","Mullingar","Hours","124.3"
"Sunshine Duration","1965 May","Cork Airport","Hours","130.4"
"Sunshine Duration","1965 May","Casement","Hours","162.6"
"Sunshine Duration","1965 May","Phoenix Park","Hours",""
"Sunshine Duration","1965 May","Roches Point","Hours",""
"Sunshine Duration","1965 May","Markree","Hours",""
"Sunshine Duration","1965 June","Malin Head","Hours","158.8"
"Sunshine Duration","1965 June","Claremorris","Hours","151.5"
"Sunshine Duration","1965 June","Valentia Observatory","Hours","179.3"
"Sunshine Duration","1965 June","Belmullet","Hours","189.9"
"Sunshine Duration","1965 June","Shannon Airport","Hours","176.3"
"Sunshine Duration","1965 June","Dublin Airport","Hours","189.6"
"Sunshine Duration","1965 June","Mullingar","Hours","156.7"
"Sunshine Duration","1965 June","Cork Airport","Hours","186"
"Sunshine Duration","1965 June","Casement","Hours","196.7"
"Sunshine Duration","1965 June","Phoenix Park","Hours",""
"Sunshine Duration","1965 June","Roches Point","Hours",""
"Sunshine Duration","1965 June","Markree","Hours",""
"Sunshine Duration","1965 July","Malin Head","Hours","133.1"
"Sunshine Duration","1965 July","Claremorris","Hours","107.7"
"Sunshine Duration","1965 July","Valentia Observatory","Hours","174.6"
"Sunshine Duration","1965 July","Belmullet","Hours","164.5"
"Sunshine Duration","1965 July","Shannon Airport","Hours","156.5"
"Sunshine Duration","1965 July","Dublin Airport","Hours","133.2"
"Sunshine Duration","1965 July","Mullingar","Hours","97.6"
"Sunshine Duration","1965 July","Cork Airport","Hours","165.8"
"Sunshine Duration","1965 July","Casement","Hours","115.2"
"Sunshine Duration","1965 July","Phoenix Park","Hours",""
"Sunshine Duration","1965 July","Roches Point","Hours",""
"Sunshine Duration","1965 July","Markree","Hours",""
"Sunshine Duration","1965 August","Malin Head","Hours","124.6"
"Sunshine Duration","1965 August","Claremorris","Hours","100"
"Sunshine Duration","1965 August","Valentia Observatory","Hours","128.2"
"Sunshine Duration","1965 August","Belmullet","Hours","144.2"
"Sunshine Duration","1965 August","Shannon Airport","Hours","143.6"
"Sunshine Duration","1965 August","Dublin Airport","Hours","166.5"
"Sunshine Duration","1965 August","Mullingar","Hours","130.1"
"Sunshine Duration","1965 August","Cork Airport","Hours","142.6"
"Sunshine Duration","1965 August","Casement","Hours","161.3"
"Sunshine Duration","1965 August","Phoenix Park","Hours",""
"Sunshine Duration","1965 August","Roches Point","Hours",""
"Sunshine Duration","1965 August","Markree","Hours",""
"Sunshine Duration","1965 September","Malin Head","Hours","82.4"
"Sunshine Duration","1965 September","Claremorris","Hours","72.3"
"Sunshine Duration","1965 September","Valentia Observatory","Hours","88.4"
"Sunshine Duration","1965 September","Belmullet","Hours","97.5"
"Sunshine Duration","1965 September","Shannon Airport","Hours","76"
"Sunshine Duration","1965 September","Dublin Airport","Hours","103.9"
"Sunshine Duration","1965 September","Mullingar","Hours","63.7"
"Sunshine Duration","1965 September","Cork Airport","Hours","87.2"
"Sunshine Duration","1965 September","Casement","Hours","100"
"Sunshine Duration","1965 September","Phoenix Park","Hours",""
"Sunshine Duration","1965 September","Roches Point","Hours",""
"Sunshine Duration","1965 September","Markree","Hours",""
"Sunshine Duration","1965 October","Malin Head","Hours","92.9"
"Sunshine Duration","1965 October","Claremorris","Hours","65.7"
"Sunshine Duration","1965 October","Valentia Observatory","Hours","81.1"
"Sunshine Duration","1965 October","Belmullet","Hours","114.1"
"Sunshine Duration","1965 October","Shannon Airport","Hours","84.7"
"Sunshine Duration","1965 October","Dublin Airport","Hours","89.7"
"Sunshine Duration","1965 October","Mullingar","Hours","68.2"
"Sunshine Duration","1965 October","Cork Airport","Hours","74.5"
"Sunshine Duration","1965 October","Casement","Hours","99.2"
"Sunshine Duration","1965 October","Phoenix Park","Hours",""
"Sunshine Duration","1965 October","Roches Point","Hours",""
"Sunshine Duration","1965 October","Markree","Hours",""
"Sunshine Duration","1965 November","Malin Head","Hours","56.7"
"Sunshine Duration","1965 November","Claremorris","Hours","64.9"
"Sunshine Duration","1965 November","Valentia Observatory","Hours","54.1"
"Sunshine Duration","1965 November","Belmullet","Hours","69.7"
"Sunshine Duration","1965 November","Shannon Airport","Hours","70.8"
"Sunshine Duration","1965 November","Dublin Airport","Hours","75.7"
"Sunshine Duration","1965 November","Mullingar","Hours","69.8"
"Sunshine Duration","1965 November","Cork Airport","Hours","66.7"
"Sunshine Duration","1965 November","Casement","Hours","68.5"
"Sunshine Duration","1965 November","Phoenix Park","Hours",""
"Sunshine Duration","1965 November","Roches Point","Hours",""
"Sunshine Duration","1965 November","Markree","Hours",""
"Sunshine Duration","1965 December","Malin Head","Hours","34.9"
"Sunshine Duration","1965 December","Claremorris","Hours","56.7"
"Sunshine Duration","1965 December","Valentia Observatory","Hours","43.4"
"Sunshine Duration","1965 December","Belmullet","Hours","39.4"
"Sunshine Duration","1965 December","Shannon Airport","Hours","52.4"
"Sunshine Duration","1965 December","Dublin Airport","Hours","76.9"
"Sunshine Duration","1965 December","Mullingar","Hours","67.5"
"Sunshine Duration","1965 December","Cork Airport","Hours","72.5"
"Sunshine Duration","1965 December","Casement","Hours","64.3"
"Sunshine Duration","1965 December","Phoenix Park","Hours",""
"Sunshine Duration","1965 December","Roches Point","Hours",""
"Sunshine Duration","1965 December","Markree","Hours",""
"Sunshine Duration","1966 January","Malin Head","Hours","28.6"
"Sunshine Duration","1966 January","Claremorris","Hours","34.9"
"Sunshine Duration","1966 January","Valentia Observatory","Hours","34.9"
"Sunshine Duration","1966 January","Belmullet","Hours","57.5"
"Sunshine Duration","1966 January","Shannon Airport","Hours","32.3"
"Sunshine Duration","1966 January","Dublin Airport","Hours","25.2"
"Sunshine Duration","1966 January","Mullingar","Hours","34.3"
"Sunshine Duration","1966 January","Cork Airport","Hours","26.5"
"Sunshine Duration","1966 January","Casement","Hours","35.9"
"Sunshine Duration","1966 January","Phoenix Park","Hours",""
"Sunshine Duration","1966 January","Roches Point","Hours",""
"Sunshine Duration","1966 January","Markree","Hours",""
"Sunshine Duration","1966 February","Malin Head","Hours","45.3"
"Sunshine Duration","1966 February","Claremorris","Hours","55"
"Sunshine Duration","1966 February","Valentia Observatory","Hours","62.5"
"Sunshine Duration","1966 February","Belmullet","Hours","65.2"
"Sunshine Duration","1966 February","Shannon Airport","Hours","79.5"
"Sunshine Duration","1966 February","Dublin Airport","Hours","54.9"
"Sunshine Duration","1966 February","Mullingar","Hours","50.3"
"Sunshine Duration","1966 February","Cork Airport","Hours","64.9"
"Sunshine Duration","1966 February","Casement","Hours","57.1"
"Sunshine Duration","1966 February","Phoenix Park","Hours",""
"Sunshine Duration","1966 February","Roches Point","Hours",""
"Sunshine Duration","1966 February","Markree","Hours",""
"Sunshine Duration","1966 March","Malin Head","Hours","95.1"
"Sunshine Duration","1966 March","Claremorris","Hours","81.4"
"Sunshine Duration","1966 March","Valentia Observatory","Hours","93.9"
"Sunshine Duration","1966 March","Belmullet","Hours","84.3"
"Sunshine Duration","1966 March","Shannon Airport","Hours","115.3"
"Sunshine Duration","1966 March","Dublin Airport","Hours","125"
"Sunshine Duration","1966 March","Mullingar","Hours","113"
"Sunshine Duration","1966 March","Cork Airport","Hours","114.8"
"Sunshine Duration","1966 March","Casement","Hours","115.8"
"Sunshine Duration","1966 March","Phoenix Park","Hours",""
"Sunshine Duration","1966 March","Roches Point","Hours",""
"Sunshine Duration","1966 March","Markree","Hours",""
"Sunshine Duration","1966 April","Malin Head","Hours","97.4"
"Sunshine Duration","1966 April","Claremorris","Hours","80.2"
"Sunshine Duration","1966 April","Valentia Observatory","Hours","94.7"
"Sunshine Duration","1966 April","Belmullet","Hours","94.1"
"Sunshine Duration","1966 April","Shannon Airport","Hours","103.7"
"Sunshine Duration","1966 April","Dublin Airport","Hours","103.3"
"Sunshine Duration","1966 April","Mullingar","Hours","80"
"Sunshine Duration","1966 April","Cork Airport","Hours","110.8"
"Sunshine Duration","1966 April","Casement","Hours","97.9"
"Sunshine Duration","1966 April","Phoenix Park","Hours",""
"Sunshine Duration","1966 April","Roches Point","Hours",""
"Sunshine Duration","1966 April","Markree","Hours",""
"Sunshine Duration","1966 May","Malin Head","Hours","224.5"
"Sunshine Duration","1966 May","Claremorris","Hours","218.6"
"Sunshine Duration","1966 May","Valentia Observatory","Hours","224.4"
"Sunshine Duration","1966 May","Belmullet","Hours","238.5"
"Sunshine Duration","1966 May","Shannon Airport","Hours","240.3"
"Sunshine Duration","1966 May","Dublin Airport","Hours","246.3"
"Sunshine Duration","1966 May","Mullingar","Hours","221.5"
"Sunshine Duration","1966 May","Cork Airport","Hours","255.3"
"Sunshine Duration","1966 May","Casement","Hours","249.4"
"Sunshine Duration","1966 May","Phoenix Park","Hours",""
"Sunshine Duration","1966 May","Roches Point","Hours",""
"Sunshine Duration","1966 May","Markree","Hours",""
"Sunshine Duration","1966 June","Malin Head","Hours","120.6"
"Sunshine Duration","1966 June","Claremorris","Hours","120.3"
"Sunshine Duration","1966 June","Valentia Observatory","Hours","141.2"
"Sunshine Duration","1966 June","Belmullet","Hours","181.9"
"Sunshine Duration","1966 June","Shannon Airport","Hours","151"
"Sunshine Duration","1966 June","Dublin Airport","Hours","146.3"
"Sunshine Duration","1966 June","Mullingar","Hours","116.1"
"Sunshine Duration","1966 June","Cork Airport","Hours","152.2"
"Sunshine Duration","1966 June","Casement","Hours","145.1"
"Sunshine Duration","1966 June","Phoenix Park","Hours",""
"Sunshine Duration","1966 June","Roches Point","Hours",""
"Sunshine Duration","1966 June","Markree","Hours",""
"Sunshine Duration","1966 July","Malin Head","Hours","142.5"
"Sunshine Duration","1966 July","Claremorris","Hours","142"
"Sunshine Duration","1966 July","Valentia Observatory","Hours","151"
"Sunshine Duration","1966 July","Belmullet","Hours","132.8"
"Sunshine Duration","1966 July","Shannon Airport","Hours","184.2"
"Sunshine Duration","1966 July","Dublin Airport","Hours","184.5"
"Sunshine Duration","1966 July","Mullingar","Hours","175.2"
"Sunshine Duration","1966 July","Cork Airport","Hours","210.9"
"Sunshine Duration","1966 July","Casement","Hours","180.9"
"Sunshine Duration","1966 July","Phoenix Park","Hours",""
"Sunshine Duration","1966 July","Roches Point","Hours",""
"Sunshine Duration","1966 July","Markree","Hours",""
"Sunshine Duration","1966 August","Malin Head","Hours","185.8"
"Sunshine Duration","1966 August","Claremorris","Hours","144.1"
"Sunshine Duration","1966 August","Valentia Observatory","Hours","156.4"
"Sunshine Duration","1966 August","Belmullet","Hours","186.4"
"Sunshine Duration","1966 August","Shannon Airport","Hours","154.4"
"Sunshine Duration","1966 August","Dublin Airport","Hours","156.9"
"Sunshine Duration","1966 August","Mullingar","Hours","141.4"
"Sunshine Duration","1966 August","Cork Airport","Hours","155.8"
"Sunshine Duration","1966 August","Casement","Hours","167.1"
"Sunshine Duration","1966 August","Phoenix Park","Hours",""
"Sunshine Duration","1966 August","Roches Point","Hours",""
"Sunshine Duration","1966 August","Markree","Hours",""
"Sunshine Duration","1966 September","Malin Head","Hours","103.6"
"Sunshine Duration","1966 September","Claremorris","Hours","109.9"
"Sunshine Duration","1966 September","Valentia Observatory","Hours","109.8"
"Sunshine Duration","1966 September","Belmullet","Hours","137.1"
"Sunshine Duration","1966 September","Shannon Airport","Hours","123"
"Sunshine Duration","1966 September","Dublin Airport","Hours","141.5"
"Sunshine Duration","1966 September","Mullingar","Hours","123.3"
"Sunshine Duration","1966 September","Cork Airport","Hours","111.5"
"Sunshine Duration","1966 September","Casement","Hours","158.1"
"Sunshine Duration","1966 September","Phoenix Park","Hours",""
"Sunshine Duration","1966 September","Roches Point","Hours",""
"Sunshine Duration","1966 September","Markree","Hours",""
"Sunshine Duration","1966 October","Malin Head","Hours","94.6"
"Sunshine Duration","1966 October","Claremorris","Hours","113.1"
"Sunshine Duration","1966 October","Valentia Observatory","Hours","112"
"Sunshine Duration","1966 October","Belmullet","Hours","109.2"
"Sunshine Duration","1966 October","Shannon Airport","Hours","116.4"
"Sunshine Duration","1966 October","Dublin Airport","Hours","108.5"
"Sunshine Duration","1966 October","Mullingar","Hours","111"
"Sunshine Duration","1966 October","Cork Airport","Hours","141.2"
"Sunshine Duration","1966 October","Casement","Hours","102"
"Sunshine Duration","1966 October","Phoenix Park","Hours",""
"Sunshine Duration","1966 October","Roches Point","Hours",""
"Sunshine Duration","1966 October","Markree","Hours",""
"Sunshine Duration","1966 November","Malin Head","Hours","48.2"
"Sunshine Duration","1966 November","Claremorris","Hours","85.8"
"Sunshine Duration","1966 November","Valentia Observatory","Hours","72.7"
"Sunshine Duration","1966 November","Belmullet","Hours","54.1"
"Sunshine Duration","1966 November","Shannon Airport","Hours","82.6"
"Sunshine Duration","1966 November","Dublin Airport","Hours","69.5"
"Sunshine Duration","1966 November","Mullingar","Hours","83.9"
"Sunshine Duration","1966 November","Cork Airport","Hours","96.5"
"Sunshine Duration","1966 November","Casement","Hours","56.9"
"Sunshine Duration","1966 November","Phoenix Park","Hours",""
"Sunshine Duration","1966 November","Roches Point","Hours",""
"Sunshine Duration","1966 November","Markree","Hours",""
"Sunshine Duration","1966 December","Malin Head","Hours","20.2"
"Sunshine Duration","1966 December","Claremorris","Hours","39.6"
"Sunshine Duration","1966 December","Valentia Observatory","Hours","20.5"
"Sunshine Duration","1966 December","Belmullet","Hours","31.5"
"Sunshine Duration","1966 December","Shannon Airport","Hours","45.6"
"Sunshine Duration","1966 December","Dublin Airport","Hours","59.9"
"Sunshine Duration","1966 December","Mullingar","Hours","53.5"
"Sunshine Duration","1966 December","Cork Airport","Hours","56"
"Sunshine Duration","1966 December","Casement","Hours","52.4"
"Sunshine Duration","1966 December","Phoenix Park","Hours",""
"Sunshine Duration","1966 December","Roches Point","Hours",""
"Sunshine Duration","1966 December","Markree","Hours",""
"Sunshine Duration","1967 January","Malin Head","Hours","44.4"
"Sunshine Duration","1967 January","Claremorris","Hours","44.7"
"Sunshine Duration","1967 January","Valentia Observatory","Hours","43.1"
"Sunshine Duration","1967 January","Belmullet","Hours","40.9"
"Sunshine Duration","1967 January","Shannon Airport","Hours","48.8"
"Sunshine Duration","1967 January","Dublin Airport","Hours","57"
"Sunshine Duration","1967 January","Mullingar","Hours","41.9"
"Sunshine Duration","1967 January","Cork Airport","Hours","44.9"
"Sunshine Duration","1967 January","Casement","Hours","58.7"
"Sunshine Duration","1967 January","Phoenix Park","Hours",""
"Sunshine Duration","1967 January","Roches Point","Hours",""
"Sunshine Duration","1967 January","Markree","Hours",""
"Sunshine Duration","1967 February","Malin Head","Hours","66.1"
"Sunshine Duration","1967 February","Claremorris","Hours","68.7"
"Sunshine Duration","1967 February","Valentia Observatory","Hours","68.9"
"Sunshine Duration","1967 February","Belmullet","Hours","64.3"
"Sunshine Duration","1967 February","Shannon Airport","Hours","72.9"
"Sunshine Duration","1967 February","Dublin Airport","Hours","84.7"
"Sunshine Duration","1967 February","Mullingar","Hours","85.1"
"Sunshine Duration","1967 February","Cork Airport","Hours","80.2"
"Sunshine Duration","1967 February","Casement","Hours","85.2"
"Sunshine Duration","1967 February","Phoenix Park","Hours",""
"Sunshine Duration","1967 February","Roches Point","Hours",""
"Sunshine Duration","1967 February","Markree","Hours",""
"Sunshine Duration","1967 March","Malin Head","Hours","92.4"
"Sunshine Duration","1967 March","Claremorris","Hours","108.9"
"Sunshine Duration","1967 March","Valentia Observatory","Hours","102.5"
"Sunshine Duration","1967 March","Belmullet","Hours","99.9"
"Sunshine Duration","1967 March","Shannon Airport","Hours","133.6"
"Sunshine Duration","1967 March","Dublin Airport","Hours","145.8"
"Sunshine Duration","1967 March","Mullingar","Hours","126.3"
"Sunshine Duration","1967 March","Cork Airport","Hours","151.8"
"Sunshine Duration","1967 March","Casement","Hours","140.4"
"Sunshine Duration","1967 March","Phoenix Park","Hours",""
"Sunshine Duration","1967 March","Roches Point","Hours",""
"Sunshine Duration","1967 March","Markree","Hours",""
"Sunshine Duration","1967 April","Malin Head","Hours","128.6"
"Sunshine Duration","1967 April","Claremorris","Hours","152.1"
"Sunshine Duration","1967 April","Valentia Observatory","Hours","183.1"
"Sunshine Duration","1967 April","Belmullet","Hours","163.4"
"Sunshine Duration","1967 April","Shannon Airport","Hours","179.9"
"Sunshine Duration","1967 April","Dublin Airport","Hours","166"
"Sunshine Duration","1967 April","Mullingar","Hours","156.5"
"Sunshine Duration","1967 April","Cork Airport","Hours","186.5"
"Sunshine Duration","1967 April","Casement","Hours","159.7"
"Sunshine Duration","1967 April","Phoenix Park","Hours",""
"Sunshine Duration","1967 April","Roches Point","Hours",""
"Sunshine Duration","1967 April","Markree","Hours",""
"Sunshine Duration","1967 May","Malin Head","Hours","256.9"
"Sunshine Duration","1967 May","Claremorris","Hours","192.7"
"Sunshine Duration","1967 May","Valentia Observatory","Hours","170.9"
"Sunshine Duration","1967 May","Belmullet","Hours","236.6"
"Sunshine Duration","1967 May","Shannon Airport","Hours","180.5"
"Sunshine Duration","1967 May","Dublin Airport","Hours","145.3"
"Sunshine Duration","1967 May","Mullingar","Hours","142.1"
"Sunshine Duration","1967 May","Cork Airport","Hours","176.7"
"Sunshine Duration","1967 May","Casement","Hours","163"
"Sunshine Duration","1967 May","Phoenix Park","Hours",""
"Sunshine Duration","1967 May","Roches Point","Hours",""
"Sunshine Duration","1967 May","Markree","Hours",""
"Sunshine Duration","1967 June","Malin Head","Hours","178.9"
"Sunshine Duration","1967 June","Claremorris","Hours","135.6"
"Sunshine Duration","1967 June","Valentia Observatory","Hours","147.9"
"Sunshine Duration","1967 June","Belmullet","Hours","145.5"
"Sunshine Duration","1967 June","Shannon Airport","Hours","146.7"
"Sunshine Duration","1967 June","Dublin Airport","Hours","191.5"
"Sunshine Duration","1967 June","Mullingar","Hours","157.4"
"Sunshine Duration","1967 June","Cork Airport","Hours","184.1"
"Sunshine Duration","1967 June","Casement","Hours","200.3"
"Sunshine Duration","1967 June","Phoenix Park","Hours",""
"Sunshine Duration","1967 June","Roches Point","Hours",""
"Sunshine Duration","1967 June","Markree","Hours",""
"Sunshine Duration","1967 July","Malin Head","Hours","115.1"
"Sunshine Duration","1967 July","Claremorris","Hours","84.5"
"Sunshine Duration","1967 July","Valentia Observatory","Hours","85.8"
"Sunshine Duration","1967 July","Belmullet","Hours","92.3"
"Sunshine Duration","1967 July","Shannon Airport","Hours","115.5"
"Sunshine Duration","1967 July","Dublin Airport","Hours","122.7"
"Sunshine Duration","1967 July","Mullingar","Hours","99.6"
"Sunshine Duration","1967 July","Cork Airport","Hours","120"
"Sunshine Duration","1967 July","Casement","Hours","134.3"
"Sunshine Duration","1967 July","Phoenix Park","Hours",""
"Sunshine Duration","1967 July","Roches Point","Hours",""
"Sunshine Duration","1967 July","Markree","Hours",""
"Sunshine Duration","1967 August","Malin Head","Hours","135.4"
"Sunshine Duration","1967 August","Claremorris","Hours","142.8"
"Sunshine Duration","1967 August","Valentia Observatory","Hours","132"
"Sunshine Duration","1967 August","Belmullet","Hours","158"
"Sunshine Duration","1967 August","Shannon Airport","Hours","154.6"
"Sunshine Duration","1967 August","Dublin Airport","Hours","145.5"
"Sunshine Duration","1967 August","Mullingar","Hours","144"
"Sunshine Duration","1967 August","Cork Airport","Hours","149.1"
"Sunshine Duration","1967 August","Casement","Hours","140.8"
"Sunshine Duration","1967 August","Phoenix Park","Hours",""
"Sunshine Duration","1967 August","Roches Point","Hours",""
"Sunshine Duration","1967 August","Markree","Hours",""
"Sunshine Duration","1967 September","Malin Head","Hours","105.9"
"Sunshine Duration","1967 September","Claremorris","Hours","74.1"
"Sunshine Duration","1967 September","Valentia Observatory","Hours","88.4"
"Sunshine Duration","1967 September","Belmullet","Hours","83.5"
"Sunshine Duration","1967 September","Shannon Airport","Hours","116.5"
"Sunshine Duration","1967 September","Dublin Airport","Hours","136.5"
"Sunshine Duration","1967 September","Mullingar","Hours","108.7"
"Sunshine Duration","1967 September","Cork Airport","Hours","134.8"
"Sunshine Duration","1967 September","Casement","Hours","134.4"
"Sunshine Duration","1967 September","Phoenix Park","Hours",""
"Sunshine Duration","1967 September","Roches Point","Hours",""
"Sunshine Duration","1967 September","Markree","Hours",""
"Sunshine Duration","1967 October","Malin Head","Hours","72.9"
"Sunshine Duration","1967 October","Claremorris","Hours","92.3"
"Sunshine Duration","1967 October","Valentia Observatory","Hours","80.2"
"Sunshine Duration","1967 October","Belmullet","Hours","93.1"
"Sunshine Duration","1967 October","Shannon Airport","Hours","103.7"
"Sunshine Duration","1967 October","Dublin Airport","Hours","102"
"Sunshine Duration","1967 October","Mullingar","Hours","96.7"
"Sunshine Duration","1967 October","Cork Airport","Hours","108.2"
"Sunshine Duration","1967 October","Casement","Hours","113.5"
"Sunshine Duration","1967 October","Phoenix Park","Hours",""
"Sunshine Duration","1967 October","Roches Point","Hours",""
"Sunshine Duration","1967 October","Markree","Hours",""
"Sunshine Duration","1967 November","Malin Head","Hours","33.7"
"Sunshine Duration","1967 November","Claremorris","Hours","68"
"Sunshine Duration","1967 November","Valentia Observatory","Hours","59.5"
"Sunshine Duration","1967 November","Belmullet","Hours","66.2"
"Sunshine Duration","1967 November","Shannon Airport","Hours","73.3"
"Sunshine Duration","1967 November","Dublin Airport","Hours","81.2"
"Sunshine Duration","1967 November","Mullingar","Hours","84.8"
"Sunshine Duration","1967 November","Cork Airport","Hours","79.4"
"Sunshine Duration","1967 November","Casement","Hours","73.9"
"Sunshine Duration","1967 November","Phoenix Park","Hours",""
"Sunshine Duration","1967 November","Roches Point","Hours",""
"Sunshine Duration","1967 November","Markree","Hours",""
"Sunshine Duration","1967 December","Malin Head","Hours","22.4"
"Sunshine Duration","1967 December","Claremorris","Hours","43.1"
"Sunshine Duration","1967 December","Valentia Observatory","Hours","26.3"
"Sunshine Duration","1967 December","Belmullet","Hours","28.8"
"Sunshine Duration","1967 December","Shannon Airport","Hours","42.1"
"Sunshine Duration","1967 December","Dublin Airport","Hours","55.8"
"Sunshine Duration","1967 December","Mullingar","Hours","56.3"
"Sunshine Duration","1967 December","Cork Airport","Hours","59.7"
"Sunshine Duration","1967 December","Casement","Hours","48"
"Sunshine Duration","1967 December","Phoenix Park","Hours",""
"Sunshine Duration","1967 December","Roches Point","Hours",""
"Sunshine Duration","1967 December","Markree","Hours",""
"Sunshine Duration","1968 January","Malin Head","Hours","23.5"
"Sunshine Duration","1968 January","Claremorris","Hours","27.5"
"Sunshine Duration","1968 January","Valentia Observatory","Hours","18.6"
"Sunshine Duration","1968 January","Belmullet","Hours","22.2"
"Sunshine Duration","1968 January","Shannon Airport","Hours","29.5"
"Sunshine Duration","1968 January","Dublin Airport","Hours","48.7"
"Sunshine Duration","1968 January","Mullingar","Hours","42.5"
"Sunshine Duration","1968 January","Cork Airport","Hours","27.4"
"Sunshine Duration","1968 January","Casement","Hours","35.9"
"Sunshine Duration","1968 January","Phoenix Park","Hours",""
"Sunshine Duration","1968 January","Roches Point","Hours",""
"Sunshine Duration","1968 January","Markree","Hours",""
"Sunshine Duration","1968 February","Malin Head","Hours","98"
"Sunshine Duration","1968 February","Claremorris","Hours","112.4"
"Sunshine Duration","1968 February","Valentia Observatory","Hours","106.2"
"Sunshine Duration","1968 February","Belmullet","Hours","116.3"
"Sunshine Duration","1968 February","Shannon Airport","Hours","109.2"
"Sunshine Duration","1968 February","Dublin Airport","Hours","115.6"
"Sunshine Duration","1968 February","Mullingar","Hours","103.1"
"Sunshine Duration","1968 February","Cork Airport","Hours","113.3"
"Sunshine Duration","1968 February","Casement","Hours","104.2"
"Sunshine Duration","1968 February","Phoenix Park","Hours",""
"Sunshine Duration","1968 February","Roches Point","Hours",""
"Sunshine Duration","1968 February","Markree","Hours",""
"Sunshine Duration","1968 March","Malin Head","Hours","84.8"
"Sunshine Duration","1968 March","Claremorris","Hours","98.1"
"Sunshine Duration","1968 March","Valentia Observatory","Hours","92.8"
"Sunshine Duration","1968 March","Belmullet","Hours","101.6"
"Sunshine Duration","1968 March","Shannon Airport","Hours","114.4"
"Sunshine Duration","1968 March","Dublin Airport","Hours","119"
"Sunshine Duration","1968 March","Mullingar","Hours","109"
"Sunshine Duration","1968 March","Cork Airport","Hours","148"
"Sunshine Duration","1968 March","Casement","Hours","108.6"
"Sunshine Duration","1968 March","Phoenix Park","Hours",""
"Sunshine Duration","1968 March","Roches Point","Hours",""
"Sunshine Duration","1968 March","Markree","Hours",""
"Sunshine Duration","1968 April","Malin Head","Hours","179.6"
"Sunshine Duration","1968 April","Claremorris","Hours","149.2"
"Sunshine Duration","1968 April","Valentia Observatory","Hours","157.1"
"Sunshine Duration","1968 April","Belmullet","Hours","168"
"Sunshine Duration","1968 April","Shannon Airport","Hours","178.5"
"Sunshine Duration","1968 April","Dublin Airport","Hours","171.5"
"Sunshine Duration","1968 April","Mullingar","Hours","156.3"
"Sunshine Duration","1968 April","Cork Airport","Hours","166.2"
"Sunshine Duration","1968 April","Casement","Hours","183"
"Sunshine Duration","1968 April","Phoenix Park","Hours",""
"Sunshine Duration","1968 April","Roches Point","Hours",""
"Sunshine Duration","1968 April","Markree","Hours",""
"Sunshine Duration","1968 May","Malin Head","Hours","176.4"
"Sunshine Duration","1968 May","Claremorris","Hours","158.7"
"Sunshine Duration","1968 May","Valentia Observatory","Hours","192.4"
"Sunshine Duration","1968 May","Belmullet","Hours","187.4"
"Sunshine Duration","1968 May","Shannon Airport","Hours","188"
"Sunshine Duration","1968 May","Dublin Airport","Hours","191.3"
"Sunshine Duration","1968 May","Mullingar","Hours","183"
"Sunshine Duration","1968 May","Cork Airport","Hours","211.7"
"Sunshine Duration","1968 May","Casement","Hours","173.4"
"Sunshine Duration","1968 May","Phoenix Park","Hours",""
"Sunshine Duration","1968 May","Roches Point","Hours",""
"Sunshine Duration","1968 May","Markree","Hours",""
"Sunshine Duration","1968 June","Malin Head","Hours","212.3"
"Sunshine Duration","1968 June","Claremorris","Hours","183.6"
"Sunshine Duration","1968 June","Valentia Observatory","Hours","199.2"
"Sunshine Duration","1968 June","Belmullet","Hours","231.4"
"Sunshine Duration","1968 June","Shannon Airport","Hours","189.9"
"Sunshine Duration","1968 June","Dublin Airport","Hours","236.6"
"Sunshine Duration","1968 June","Mullingar","Hours","212"
"Sunshine Duration","1968 June","Cork Airport","Hours","203"
"Sunshine Duration","1968 June","Casement","Hours","229.4"
"Sunshine Duration","1968 June","Phoenix Park","Hours",""
"Sunshine Duration","1968 June","Roches Point","Hours",""
"Sunshine Duration","1968 June","Markree","Hours",""
"Sunshine Duration","1968 July","Malin Head","Hours","203.7"
"Sunshine Duration","1968 July","Claremorris","Hours","144.8"
"Sunshine Duration","1968 July","Valentia Observatory","Hours","204.9"
"Sunshine Duration","1968 July","Belmullet","Hours","187.9"
"Sunshine Duration","1968 July","Shannon Airport","Hours","188.5"
"Sunshine Duration","1968 July","Dublin Airport","Hours","173.2"
"Sunshine Duration","1968 July","Mullingar","Hours","140.8"
"Sunshine Duration","1968 July","Cork Airport","Hours","214.1"
"Sunshine Duration","1968 July","Casement","Hours","154.5"
"Sunshine Duration","1968 July","Phoenix Park","Hours",""
"Sunshine Duration","1968 July","Roches Point","Hours",""
"Sunshine Duration","1968 July","Markree","Hours",""
"Sunshine Duration","1968 August","Malin Head","Hours","230.3"
"Sunshine Duration","1968 August","Claremorris","Hours","176.2"
"Sunshine Duration","1968 August","Valentia Observatory","Hours","242.1"
"Sunshine Duration","1968 August","Belmullet","Hours","229.6"
"Sunshine Duration","1968 August","Shannon Airport","Hours","211.1"
"Sunshine Duration","1968 August","Dublin Airport","Hours","198.5"
"Sunshine Duration","1968 August","Mullingar","Hours","207.5"
"Sunshine Duration","1968 August","Cork Airport","Hours","218.5"
"Sunshine Duration","1968 August","Casement","Hours","185.5"
"Sunshine Duration","1968 August","Phoenix Park","Hours",""
"Sunshine Duration","1968 August","Roches Point","Hours",""
"Sunshine Duration","1968 August","Markree","Hours",""
"Sunshine Duration","1968 September","Malin Head","Hours","113.9"
"Sunshine Duration","1968 September","Claremorris","Hours","135.6"
"Sunshine Duration","1968 September","Valentia Observatory","Hours","146"
"Sunshine Duration","1968 September","Belmullet","Hours","162.7"
"Sunshine Duration","1968 September","Shannon Airport","Hours","142.7"
"Sunshine Duration","1968 September","Dublin Airport","Hours","142"
"Sunshine Duration","1968 September","Mullingar","Hours","137.5"
"Sunshine Duration","1968 September","Cork Airport","Hours","156.2"
"Sunshine Duration","1968 September","Casement","Hours","132.7"
"Sunshine Duration","1968 September","Phoenix Park","Hours",""
"Sunshine Duration","1968 September","Roches Point","Hours",""
"Sunshine Duration","1968 September","Markree","Hours",""
"Sunshine Duration","1968 October","Malin Head","Hours","81.5"
"Sunshine Duration","1968 October","Claremorris","Hours","56.7"
"Sunshine Duration","1968 October","Valentia Observatory","Hours","65.4"
"Sunshine Duration","1968 October","Belmullet","Hours","80"
"Sunshine Duration","1968 October","Shannon Airport","Hours","69.1"
"Sunshine Duration","1968 October","Dublin Airport","Hours","69.2"
"Sunshine Duration","1968 October","Mullingar","Hours","58.3"
"Sunshine Duration","1968 October","Cork Airport","Hours","59.8"
"Sunshine Duration","1968 October","Casement","Hours","77.3"
"Sunshine Duration","1968 October","Phoenix Park","Hours",""
"Sunshine Duration","1968 October","Roches Point","Hours",""
"Sunshine Duration","1968 October","Markree","Hours",""
"Sunshine Duration","1968 November","Malin Head","Hours","42.6"
"Sunshine Duration","1968 November","Claremorris","Hours","39.2"
"Sunshine Duration","1968 November","Valentia Observatory","Hours","37.3"
"Sunshine Duration","1968 November","Belmullet","Hours","51.4"
"Sunshine Duration","1968 November","Shannon Airport","Hours","34.4"
"Sunshine Duration","1968 November","Dublin Airport","Hours","41.7"
"Sunshine Duration","1968 November","Mullingar","Hours","45.8"
"Sunshine Duration","1968 November","Cork Airport","Hours","25.3"
"Sunshine Duration","1968 November","Casement","Hours","55.5"
"Sunshine Duration","1968 November","Phoenix Park","Hours",""
"Sunshine Duration","1968 November","Roches Point","Hours",""
"Sunshine Duration","1968 November","Markree","Hours",""
"Sunshine Duration","1968 December","Malin Head","Hours","30.5"
"Sunshine Duration","1968 December","Claremorris","Hours","36.2"
"Sunshine Duration","1968 December","Valentia Observatory","Hours","40.9"
"Sunshine Duration","1968 December","Belmullet","Hours","49.4"
"Sunshine Duration","1968 December","Shannon Airport","Hours","50"
"Sunshine Duration","1968 December","Dublin Airport","Hours","47.9"
"Sunshine Duration","1968 December","Mullingar","Hours","41"
"Sunshine Duration","1968 December","Cork Airport","Hours","56"
"Sunshine Duration","1968 December","Casement","Hours","46.4"
"Sunshine Duration","1968 December","Phoenix Park","Hours",""
"Sunshine Duration","1968 December","Roches Point","Hours",""
"Sunshine Duration","1968 December","Markree","Hours",""
"Sunshine Duration","1969 January","Malin Head","Hours","28.3"
"Sunshine Duration","1969 January","Claremorris","Hours","44.9"
"Sunshine Duration","1969 January","Valentia Observatory","Hours","47.7"
"Sunshine Duration","1969 January","Belmullet","Hours","44.9"
"Sunshine Duration","1969 January","Shannon Airport","Hours","54.8"
"Sunshine Duration","1969 January","Dublin Airport","Hours","44.6"
"Sunshine Duration","1969 January","Mullingar","Hours","47.5"
"Sunshine Duration","1969 January","Cork Airport","Hours","69.4"
"Sunshine Duration","1969 January","Casement","Hours","43.6"
"Sunshine Duration","1969 January","Phoenix Park","Hours",""
"Sunshine Duration","1969 January","Roches Point","Hours",""
"Sunshine Duration","1969 January","Markree","Hours",""
"Sunshine Duration","1969 February","Malin Head","Hours","60.2"
"Sunshine Duration","1969 February","Claremorris","Hours","88.7"
"Sunshine Duration","1969 February","Valentia Observatory","Hours","93.6"
"Sunshine Duration","1969 February","Belmullet","Hours","84.4"
"Sunshine Duration","1969 February","Shannon Airport","Hours","97.1"
"Sunshine Duration","1969 February","Dublin Airport","Hours","91.3"
"Sunshine Duration","1969 February","Mullingar","Hours","81.5"
"Sunshine Duration","1969 February","Cork Airport","Hours","98.7"
"Sunshine Duration","1969 February","Casement","Hours","85"
"Sunshine Duration","1969 February","Phoenix Park","Hours",""
"Sunshine Duration","1969 February","Roches Point","Hours",""
"Sunshine Duration","1969 February","Markree","Hours",""
"Sunshine Duration","1969 March","Malin Head","Hours","106.8"
"Sunshine Duration","1969 March","Claremorris","Hours","88.4"
"Sunshine Duration","1969 March","Valentia Observatory","Hours","102.6"
"Sunshine Duration","1969 March","Belmullet","Hours","130"
"Sunshine Duration","1969 March","Shannon Airport","Hours","92.7"
"Sunshine Duration","1969 March","Dublin Airport","Hours","86.4"
"Sunshine Duration","1969 March","Mullingar","Hours","94.2"
"Sunshine Duration","1969 March","Cork Airport","Hours","94.6"
"Sunshine Duration","1969 March","Casement","Hours","82.7"
"Sunshine Duration","1969 March","Phoenix Park","Hours",""
"Sunshine Duration","1969 March","Roches Point","Hours",""
"Sunshine Duration","1969 March","Markree","Hours",""
"Sunshine Duration","1969 April","Malin Head","Hours","201.3"
"Sunshine Duration","1969 April","Claremorris","Hours","166"
"Sunshine Duration","1969 April","Valentia Observatory","Hours","167.4"
"Sunshine Duration","1969 April","Belmullet","Hours","194.3"
"Sunshine Duration","1969 April","Shannon Airport","Hours","183.1"
"Sunshine Duration","1969 April","Dublin Airport","Hours","198.5"
"Sunshine Duration","1969 April","Mullingar","Hours","189.8"
"Sunshine Duration","1969 April","Cork Airport","Hours","196"
"Sunshine Duration","1969 April","Casement","Hours","191.1"
"Sunshine Duration","1969 April","Phoenix Park","Hours",""
"Sunshine Duration","1969 April","Roches Point","Hours",""
"Sunshine Duration","1969 April","Markree","Hours",""
"Sunshine Duration","1969 May","Malin Head","Hours","168.8"
"Sunshine Duration","1969 May","Claremorris","Hours","129.1"
"Sunshine Duration","1969 May","Valentia Observatory","Hours","175.4"
"Sunshine Duration","1969 May","Belmullet","Hours","169.6"
"Sunshine Duration","1969 May","Shannon Airport","Hours","165.4"
"Sunshine Duration","1969 May","Dublin Airport","Hours","156.5"
"Sunshine Duration","1969 May","Mullingar","Hours","126.9"
"Sunshine Duration","1969 May","Cork Airport","Hours","203.4"
"Sunshine Duration","1969 May","Casement","Hours","154.9"
"Sunshine Duration","1969 May","Phoenix Park","Hours",""
"Sunshine Duration","1969 May","Roches Point","Hours",""
"Sunshine Duration","1969 May","Markree","Hours",""
"Sunshine Duration","1969 June","Malin Head","Hours","235.2"
"Sunshine Duration","1969 June","Claremorris","Hours","185"
"Sunshine Duration","1969 June","Valentia Observatory","Hours","173.4"
"Sunshine Duration","1969 June","Belmullet","Hours","214.2"
"Sunshine Duration","1969 June","Shannon Airport","Hours","216.9"
"Sunshine Duration","1969 June","Dublin Airport","Hours","240.7"
"Sunshine Duration","1969 June","Mullingar","Hours","196.8"
"Sunshine Duration","1969 June","Cork Airport","Hours","232.2"
"Sunshine Duration","1969 June","Casement","Hours","254.9"
"Sunshine Duration","1969 June","Phoenix Park","Hours",""
"Sunshine Duration","1969 June","Roches Point","Hours",""
"Sunshine Duration","1969 June","Markree","Hours",""
"Sunshine Duration","1969 July","Malin Head","Hours","132.6"
"Sunshine Duration","1969 July","Claremorris","Hours","163.9"
"Sunshine Duration","1969 July","Valentia Observatory","Hours","146.8"
"Sunshine Duration","1969 July","Belmullet","Hours","145.6"
"Sunshine Duration","1969 July","Shannon Airport","Hours","178.4"
"Sunshine Duration","1969 July","Dublin Airport","Hours","216.5"
"Sunshine Duration","1969 July","Mullingar","Hours","176.6"
"Sunshine Duration","1969 July","Cork Airport","Hours","205.9"
"Sunshine Duration","1969 July","Casement","Hours","213.9"
"Sunshine Duration","1969 July","Phoenix Park","Hours",""
"Sunshine Duration","1969 July","Roches Point","Hours",""
"Sunshine Duration","1969 July","Markree","Hours",""
"Sunshine Duration","1969 August","Malin Head","Hours","121.5"
"Sunshine Duration","1969 August","Claremorris","Hours","132.4"
"Sunshine Duration","1969 August","Valentia Observatory","Hours","143.2"
"Sunshine Duration","1969 August","Belmullet","Hours","119.9"
"Sunshine Duration","1969 August","Shannon Airport","Hours","148.3"
"Sunshine Duration","1969 August","Dublin Airport","Hours","153.6"
"Sunshine Duration","1969 August","Mullingar","Hours","143"
"Sunshine Duration","1969 August","Cork Airport","Hours","189.2"
"Sunshine Duration","1969 August","Casement","Hours","154"
"Sunshine Duration","1969 August","Phoenix Park","Hours",""
"Sunshine Duration","1969 August","Roches Point","Hours",""
"Sunshine Duration","1969 August","Markree","Hours",""
"Sunshine Duration","1969 September","Malin Head","Hours","91.4"
"Sunshine Duration","1969 September","Claremorris","Hours","70.1"
"Sunshine Duration","1969 September","Valentia Observatory","Hours","106.2"
"Sunshine Duration","1969 September","Belmullet","Hours","103.5"
"Sunshine Duration","1969 September","Shannon Airport","Hours","99.3"
"Sunshine Duration","1969 September","Dublin Airport","Hours","115.7"
"Sunshine Duration","1969 September","Mullingar","Hours","87.9"
"Sunshine Duration","1969 September","Cork Airport","Hours","95.2"
"Sunshine Duration","1969 September","Casement","Hours","101.1"
"Sunshine Duration","1969 September","Phoenix Park","Hours",""
"Sunshine Duration","1969 September","Roches Point","Hours",""
"Sunshine Duration","1969 September","Markree","Hours",""
"Sunshine Duration","1969 October","Malin Head","Hours","62.7"
"Sunshine Duration","1969 October","Claremorris","Hours","49.9"
"Sunshine Duration","1969 October","Valentia Observatory","Hours","59.8"
"Sunshine Duration","1969 October","Belmullet","Hours","40.6"
"Sunshine Duration","1969 October","Shannon Airport","Hours","63.6"
"Sunshine Duration","1969 October","Dublin Airport","Hours","89.1"
"Sunshine Duration","1969 October","Mullingar","Hours","65.1"
"Sunshine Duration","1969 October","Cork Airport","Hours","54.7"
"Sunshine Duration","1969 October","Casement","Hours","101.9"
"Sunshine Duration","1969 October","Phoenix Park","Hours",""
"Sunshine Duration","1969 October","Roches Point","Hours",""
"Sunshine Duration","1969 October","Markree","Hours",""
"Sunshine Duration","1969 November","Malin Head","Hours","31.6"
"Sunshine Duration","1969 November","Claremorris","Hours","57.8"
"Sunshine Duration","1969 November","Valentia Observatory","Hours","46"
"Sunshine Duration","1969 November","Belmullet","Hours","47"
"Sunshine Duration","1969 November","Shannon Airport","Hours","65.7"
"Sunshine Duration","1969 November","Dublin Airport","Hours","85.6"
"Sunshine Duration","1969 November","Mullingar","Hours","76.4"
"Sunshine Duration","1969 November","Cork Airport","Hours","76.2"
"Sunshine Duration","1969 November","Casement","Hours","78.6"
"Sunshine Duration","1969 November","Phoenix Park","Hours",""
"Sunshine Duration","1969 November","Roches Point","Hours",""
"Sunshine Duration","1969 November","Markree","Hours",""
"Sunshine Duration","1969 December","Malin Head","Hours","30.8"
"Sunshine Duration","1969 December","Claremorris","Hours","43.5"
"Sunshine Duration","1969 December","Valentia Observatory","Hours","39.8"
"Sunshine Duration","1969 December","Belmullet","Hours","27.7"
"Sunshine Duration","1969 December","Shannon Airport","Hours","52.6"
"Sunshine Duration","1969 December","Dublin Airport","Hours","52.4"
"Sunshine Duration","1969 December","Mullingar","Hours","51.2"
"Sunshine Duration","1969 December","Cork Airport","Hours","63.8"
"Sunshine Duration","1969 December","Casement","Hours","47.6"
"Sunshine Duration","1969 December","Phoenix Park","Hours",""
"Sunshine Duration","1969 December","Roches Point","Hours",""
"Sunshine Duration","1969 December","Markree","Hours",""
"Sunshine Duration","1970 January","Malin Head","Hours","32.8"
"Sunshine Duration","1970 January","Claremorris","Hours","54.7"
"Sunshine Duration","1970 January","Valentia Observatory","Hours","53.9"
"Sunshine Duration","1970 January","Belmullet","Hours","58.2"
"Sunshine Duration","1970 January","Shannon Airport","Hours","57.9"
"Sunshine Duration","1970 January","Dublin Airport","Hours","43.9"
"Sunshine Duration","1970 January","Mullingar","Hours","51.2"
"Sunshine Duration","1970 January","Cork Airport","Hours","58.8"
"Sunshine Duration","1970 January","Casement","Hours","51"
"Sunshine Duration","1970 January","Phoenix Park","Hours",""
"Sunshine Duration","1970 January","Roches Point","Hours",""
"Sunshine Duration","1970 January","Markree","Hours",""
"Sunshine Duration","1970 February","Malin Head","Hours","77.1"
"Sunshine Duration","1970 February","Claremorris","Hours","92.9"
"Sunshine Duration","1970 February","Valentia Observatory","Hours","87.6"
"Sunshine Duration","1970 February","Belmullet","Hours","80.9"
"Sunshine Duration","1970 February","Shannon Airport","Hours","78.9"
"Sunshine Duration","1970 February","Dublin Airport","Hours","108.6"
"Sunshine Duration","1970 February","Mullingar","Hours","105.4"
"Sunshine Duration","1970 February","Cork Airport","Hours","100"
"Sunshine Duration","1970 February","Casement","Hours","82.2"
"Sunshine Duration","1970 February","Phoenix Park","Hours",""
"Sunshine Duration","1970 February","Roches Point","Hours",""
"Sunshine Duration","1970 February","Markree","Hours",""
"Sunshine Duration","1970 March","Malin Head","Hours","117.5"
"Sunshine Duration","1970 March","Claremorris","Hours","114"
"Sunshine Duration","1970 March","Valentia Observatory","Hours","148.1"
"Sunshine Duration","1970 March","Belmullet","Hours","134.6"
"Sunshine Duration","1970 March","Shannon Airport","Hours","146.4"
"Sunshine Duration","1970 March","Dublin Airport","Hours","137.6"
"Sunshine Duration","1970 March","Mullingar","Hours","135.3"
"Sunshine Duration","1970 March","Cork Airport","Hours","161.9"
"Sunshine Duration","1970 March","Casement","Hours","109.5"
"Sunshine Duration","1970 March","Phoenix Park","Hours",""
"Sunshine Duration","1970 March","Roches Point","Hours",""
"Sunshine Duration","1970 March","Markree","Hours",""
"Sunshine Duration","1970 April","Malin Head","Hours","147.2"
"Sunshine Duration","1970 April","Claremorris","Hours","123.3"
"Sunshine Duration","1970 April","Valentia Observatory","Hours","123.7"
"Sunshine Duration","1970 April","Belmullet","Hours","147.7"
"Sunshine Duration","1970 April","Shannon Airport","Hours","138.7"
"Sunshine Duration","1970 April","Dublin Airport","Hours","150.4"
"Sunshine Duration","1970 April","Mullingar","Hours","130.2"
"Sunshine Duration","1970 April","Cork Airport","Hours","131.4"
"Sunshine Duration","1970 April","Casement","Hours","138.9"
"Sunshine Duration","1970 April","Phoenix Park","Hours",""
"Sunshine Duration","1970 April","Roches Point","Hours",""
"Sunshine Duration","1970 April","Markree","Hours",""
"Sunshine Duration","1970 May","Malin Head","Hours","121.4"
"Sunshine Duration","1970 May","Claremorris","Hours","90"
"Sunshine Duration","1970 May","Valentia Observatory","Hours","131.3"
"Sunshine Duration","1970 May","Belmullet","Hours","115.5"
"Sunshine Duration","1970 May","Shannon Airport","Hours","132.4"
"Sunshine Duration","1970 May","Dublin Airport","Hours","160.9"
"Sunshine Duration","1970 May","Mullingar","Hours","120.9"
"Sunshine Duration","1970 May","Cork Airport","Hours","144.9"
"Sunshine Duration","1970 May","Casement","Hours","163.7"
"Sunshine Duration","1970 May","Phoenix Park","Hours",""
"Sunshine Duration","1970 May","Roches Point","Hours",""
"Sunshine Duration","1970 May","Markree","Hours",""
"Sunshine Duration","1970 June","Malin Head","Hours","205.9"
"Sunshine Duration","1970 June","Claremorris","Hours","185.2"
"Sunshine Duration","1970 June","Valentia Observatory","Hours","203.5"
"Sunshine Duration","1970 June","Belmullet","Hours","173"
"Sunshine Duration","1970 June","Shannon Airport","Hours","196.3"
"Sunshine Duration","1970 June","Dublin Airport","Hours","203"
"Sunshine Duration","1970 June","Mullingar","Hours","175.4"
"Sunshine Duration","1970 June","Cork Airport","Hours","205.2"
"Sunshine Duration","1970 June","Casement","Hours","200.7"
"Sunshine Duration","1970 June","Phoenix Park","Hours",""
"Sunshine Duration","1970 June","Roches Point","Hours",""
"Sunshine Duration","1970 June","Markree","Hours",""
"Sunshine Duration","1970 July","Malin Head","Hours","88.4"
"Sunshine Duration","1970 July","Claremorris","Hours","125"
"Sunshine Duration","1970 July","Valentia Observatory","Hours","104.3"
"Sunshine Duration","1970 July","Belmullet","Hours","122.4"
"Sunshine Duration","1970 July","Shannon Airport","Hours","152.8"
"Sunshine Duration","1970 July","Dublin Airport","Hours","167.9"
"Sunshine Duration","1970 July","Mullingar","Hours","109.6"
"Sunshine Duration","1970 July","Cork Airport","Hours","174.5"
"Sunshine Duration","1970 July","Casement","Hours","145.3"
"Sunshine Duration","1970 July","Phoenix Park","Hours",""
"Sunshine Duration","1970 July","Roches Point","Hours",""
"Sunshine Duration","1970 July","Markree","Hours",""
"Sunshine Duration","1970 August","Malin Head","Hours","133.4"
"Sunshine Duration","1970 August","Claremorris","Hours","112"
"Sunshine Duration","1970 August","Valentia Observatory","Hours","101.5"
"Sunshine Duration","1970 August","Belmullet","Hours","119.4"
"Sunshine Duration","1970 August","Shannon Airport","Hours","122.1"
"Sunshine Duration","1970 August","Dublin Airport","Hours","141.7"
"Sunshine Duration","1970 August","Mullingar","Hours","132.4"
"Sunshine Duration","1970 August","Cork Airport","Hours","148.7"
"Sunshine Duration","1970 August","Casement","Hours","132.2"
"Sunshine Duration","1970 August","Phoenix Park","Hours",""
"Sunshine Duration","1970 August","Roches Point","Hours",""
"Sunshine Duration","1970 August","Markree","Hours",""
"Sunshine Duration","1970 September","Malin Head","Hours","94.3"
"Sunshine Duration","1970 September","Claremorris","Hours","79.4"
"Sunshine Duration","1970 September","Valentia Observatory","Hours","83.7"
"Sunshine Duration","1970 September","Belmullet","Hours","91.3"
"Sunshine Duration","1970 September","Shannon Airport","Hours","93"
"Sunshine Duration","1970 September","Dublin Airport","Hours","113"
"Sunshine Duration","1970 September","Mullingar","Hours","90"
"Sunshine Duration","1970 September","Cork Airport","Hours","86.4"
"Sunshine Duration","1970 September","Casement","Hours","120.6"
"Sunshine Duration","1970 September","Phoenix Park","Hours",""
"Sunshine Duration","1970 September","Roches Point","Hours",""
"Sunshine Duration","1970 September","Markree","Hours",""
"Sunshine Duration","1970 October","Malin Head","Hours","44.4"
"Sunshine Duration","1970 October","Claremorris","Hours","45.8"
"Sunshine Duration","1970 October","Valentia Observatory","Hours","58.9"
"Sunshine Duration","1970 October","Belmullet","Hours","61.9"
"Sunshine Duration","1970 October","Shannon Airport","Hours","69.6"
"Sunshine Duration","1970 October","Dublin Airport","Hours","92.8"
"Sunshine Duration","1970 October","Mullingar","Hours","69.3"
"Sunshine Duration","1970 October","Cork Airport","Hours","95.9"
"Sunshine Duration","1970 October","Casement","Hours","84.9"
"Sunshine Duration","1970 October","Phoenix Park","Hours",""
"Sunshine Duration","1970 October","Roches Point","Hours",""
"Sunshine Duration","1970 October","Markree","Hours",""
"Sunshine Duration","1970 November","Malin Head","Hours","50.3"
"Sunshine Duration","1970 November","Claremorris","Hours","42.6"
"Sunshine Duration","1970 November","Valentia Observatory","Hours","41.1"
"Sunshine Duration","1970 November","Belmullet","Hours","45.5"
"Sunshine Duration","1970 November","Shannon Airport","Hours","46.4"
"Sunshine Duration","1970 November","Dublin Airport","Hours","65.3"
"Sunshine Duration","1970 November","Mullingar","Hours","65.4"
"Sunshine Duration","1970 November","Cork Airport","Hours","61.1"
"Sunshine Duration","1970 November","Casement","Hours","62.7"
"Sunshine Duration","1970 November","Phoenix Park","Hours",""
"Sunshine Duration","1970 November","Roches Point","Hours",""
"Sunshine Duration","1970 November","Markree","Hours",""
"Sunshine Duration","1970 December","Malin Head","Hours","22.4"
"Sunshine Duration","1970 December","Claremorris","Hours","40.9"
"Sunshine Duration","1970 December","Valentia Observatory","Hours","64.2"
"Sunshine Duration","1970 December","Belmullet","Hours","49.9"
"Sunshine Duration","1970 December","Shannon Airport","Hours","54.5"
"Sunshine Duration","1970 December","Dublin Airport","Hours","57.5"
"Sunshine Duration","1970 December","Mullingar","Hours","65.3"
"Sunshine Duration","1970 December","Cork Airport","Hours","77.5"
"Sunshine Duration","1970 December","Casement","Hours","57.4"
"Sunshine Duration","1970 December","Phoenix Park","Hours",""
"Sunshine Duration","1970 December","Roches Point","Hours",""
"Sunshine Duration","1970 December","Markree","Hours",""
"Sunshine Duration","1971 January","Malin Head","Hours","54.3"
"Sunshine Duration","1971 January","Claremorris","Hours","47.2"
"Sunshine Duration","1971 January","Valentia Observatory","Hours","48.4"
"Sunshine Duration","1971 January","Belmullet","Hours","48.8"
"Sunshine Duration","1971 January","Shannon Airport","Hours","62.9"
"Sunshine Duration","1971 January","Dublin Airport","Hours","53.4"
"Sunshine Duration","1971 January","Mullingar","Hours","66.1"
"Sunshine Duration","1971 January","Cork Airport","Hours","52.6"
"Sunshine Duration","1971 January","Casement","Hours","52.2"
"Sunshine Duration","1971 January","Phoenix Park","Hours",""
"Sunshine Duration","1971 January","Roches Point","Hours",""
"Sunshine Duration","1971 January","Markree","Hours",""
"Sunshine Duration","1971 February","Malin Head","Hours","40.1"
"Sunshine Duration","1971 February","Claremorris","Hours","45"
"Sunshine Duration","1971 February","Valentia Observatory","Hours","43.1"
"Sunshine Duration","1971 February","Belmullet","Hours","45.4"
"Sunshine Duration","1971 February","Shannon Airport","Hours","72.7"
"Sunshine Duration","1971 February","Dublin Airport","Hours","65.4"
"Sunshine Duration","1971 February","Mullingar","Hours","54.7"
"Sunshine Duration","1971 February","Cork Airport","Hours","66.9"
"Sunshine Duration","1971 February","Casement","Hours","63.1"
"Sunshine Duration","1971 February","Phoenix Park","Hours",""
"Sunshine Duration","1971 February","Roches Point","Hours",""
"Sunshine Duration","1971 February","Markree","Hours",""
"Sunshine Duration","1971 March","Malin Head","Hours","99.7"
"Sunshine Duration","1971 March","Claremorris","Hours","81.8"
"Sunshine Duration","1971 March","Valentia Observatory","Hours","84.1"
"Sunshine Duration","1971 March","Belmullet","Hours","104.3"
"Sunshine Duration","1971 March","Shannon Airport","Hours","95.1"
"Sunshine Duration","1971 March","Dublin Airport","Hours","83.5"
"Sunshine Duration","1971 March","Mullingar","Hours","70.2"
"Sunshine Duration","1971 March","Cork Airport","Hours","110.1"
"Sunshine Duration","1971 March","Casement","Hours","77.4"
"Sunshine Duration","1971 March","Phoenix Park","Hours",""
"Sunshine Duration","1971 March","Roches Point","Hours",""
"Sunshine Duration","1971 March","Markree","Hours",""
"Sunshine Duration","1971 April","Malin Head","Hours","158.4"
"Sunshine Duration","1971 April","Claremorris","Hours","129.3"
"Sunshine Duration","1971 April","Valentia Observatory","Hours","170.5"
"Sunshine Duration","1971 April","Belmullet","Hours","172.5"
"Sunshine Duration","1971 April","Shannon Airport","Hours","181.1"
"Sunshine Duration","1971 April","Dublin Airport","Hours","165.1"
"Sunshine Duration","1971 April","Mullingar","Hours","143.6"
"Sunshine Duration","1971 April","Cork Airport","Hours","166.7"
"Sunshine Duration","1971 April","Casement","Hours","125.6"
"Sunshine Duration","1971 April","Phoenix Park","Hours",""
"Sunshine Duration","1971 April","Roches Point","Hours",""
"Sunshine Duration","1971 April","Markree","Hours",""
"Sunshine Duration","1971 May","Malin Head","Hours","188.6"
"Sunshine Duration","1971 May","Claremorris","Hours","157.8"
"Sunshine Duration","1971 May","Valentia Observatory","Hours","176"
"Sunshine Duration","1971 May","Belmullet","Hours","185"
"Sunshine Duration","1971 May","Shannon Airport","Hours","185.2"
"Sunshine Duration","1971 May","Dublin Airport","Hours","190.4"
"Sunshine Duration","1971 May","Mullingar","Hours","162.2"
"Sunshine Duration","1971 May","Cork Airport","Hours","187.4"
"Sunshine Duration","1971 May","Casement","Hours","186.6"
"Sunshine Duration","1971 May","Phoenix Park","Hours",""
"Sunshine Duration","1971 May","Roches Point","Hours",""
"Sunshine Duration","1971 May","Markree","Hours",""
"Sunshine Duration","1971 June","Malin Head","Hours","194.2"
"Sunshine Duration","1971 June","Claremorris","Hours","140.3"
"Sunshine Duration","1971 June","Valentia Observatory","Hours","129.4"
"Sunshine Duration","1971 June","Belmullet","Hours","173.4"
"Sunshine Duration","1971 June","Shannon Airport","Hours","142.6"
"Sunshine Duration","1971 June","Dublin Airport","Hours","169.3"
"Sunshine Duration","1971 June","Mullingar","Hours","137.7"
"Sunshine Duration","1971 June","Cork Airport","Hours","147.3"
"Sunshine Duration","1971 June","Casement","Hours","149.8"
"Sunshine Duration","1971 June","Phoenix Park","Hours",""
"Sunshine Duration","1971 June","Roches Point","Hours",""
"Sunshine Duration","1971 June","Markree","Hours",""
"Sunshine Duration","1971 July","Malin Head","Hours","157.8"
"Sunshine Duration","1971 July","Claremorris","Hours","153.6"
"Sunshine Duration","1971 July","Valentia Observatory","Hours","224.9"
"Sunshine Duration","1971 July","Belmullet","Hours","157.4"
"Sunshine Duration","1971 July","Shannon Airport","Hours","224.7"
"Sunshine Duration","1971 July","Dublin Airport","Hours","226.7"
"Sunshine Duration","1971 July","Mullingar","Hours","187.1"
"Sunshine Duration","1971 July","Cork Airport","Hours","211.8"
"Sunshine Duration","1971 July","Casement","Hours","194.1"
"Sunshine Duration","1971 July","Phoenix Park","Hours",""
"Sunshine Duration","1971 July","Roches Point","Hours",""
"Sunshine Duration","1971 July","Markree","Hours",""
"Sunshine Duration","1971 August","Malin Head","Hours","133.7"
"Sunshine Duration","1971 August","Claremorris","Hours","104.6"
"Sunshine Duration","1971 August","Valentia Observatory","Hours","119.9"
"Sunshine Duration","1971 August","Belmullet","Hours","167.2"
"Sunshine Duration","1971 August","Shannon Airport","Hours","130.3"
"Sunshine Duration","1971 August","Dublin Airport","Hours","113.5"
"Sunshine Duration","1971 August","Mullingar","Hours","98.9"
"Sunshine Duration","1971 August","Cork Airport","Hours","135.3"
"Sunshine Duration","1971 August","Casement","Hours","95.1"
"Sunshine Duration","1971 August","Phoenix Park","Hours",""
"Sunshine Duration","1971 August","Roches Point","Hours",""
"Sunshine Duration","1971 August","Markree","Hours",""
"Sunshine Duration","1971 September","Malin Head","Hours","136.2"
"Sunshine Duration","1971 September","Claremorris","Hours","114.4"
"Sunshine Duration","1971 September","Valentia Observatory","Hours","135.4"
"Sunshine Duration","1971 September","Belmullet","Hours","136.8"
"Sunshine Duration","1971 September","Shannon Airport","Hours","136.9"
"Sunshine Duration","1971 September","Dublin Airport","Hours","171.3"
"Sunshine Duration","1971 September","Mullingar","Hours","146.3"
"Sunshine Duration","1971 September","Cork Airport","Hours","132.3"
"Sunshine Duration","1971 September","Casement","Hours","164.9"
"Sunshine Duration","1971 September","Phoenix Park","Hours",""
"Sunshine Duration","1971 September","Roches Point","Hours",""
"Sunshine Duration","1971 September","Markree","Hours",""
"Sunshine Duration","1971 October","Malin Head","Hours","105.9"
"Sunshine Duration","1971 October","Claremorris","Hours","76.4"
"Sunshine Duration","1971 October","Valentia Observatory","Hours","84.8"
"Sunshine Duration","1971 October","Belmullet","Hours","97.8"
"Sunshine Duration","1971 October","Shannon Airport","Hours","94.2"
"Sunshine Duration","1971 October","Dublin Airport","Hours","118.2"
"Sunshine Duration","1971 October","Mullingar","Hours","96.1"
"Sunshine Duration","1971 October","Cork Airport","Hours","87.7"
"Sunshine Duration","1971 October","Casement","Hours","114.5"
"Sunshine Duration","1971 October","Phoenix Park","Hours",""
"Sunshine Duration","1971 October","Roches Point","Hours",""
"Sunshine Duration","1971 October","Markree","Hours",""
"Sunshine Duration","1971 November","Malin Head","Hours","32"
"Sunshine Duration","1971 November","Claremorris","Hours","50.3"
"Sunshine Duration","1971 November","Valentia Observatory","Hours","41.9"
"Sunshine Duration","1971 November","Belmullet","Hours","33.4"
"Sunshine Duration","1971 November","Shannon Airport","Hours","66.9"
"Sunshine Duration","1971 November","Dublin Airport","Hours","78"
"Sunshine Duration","1971 November","Mullingar","Hours","58.9"
"Sunshine Duration","1971 November","Cork Airport","Hours","67.9"
"Sunshine Duration","1971 November","Casement","Hours","57.7"
"Sunshine Duration","1971 November","Phoenix Park","Hours",""
"Sunshine Duration","1971 November","Roches Point","Hours",""
"Sunshine Duration","1971 November","Markree","Hours",""
"Sunshine Duration","1971 December","Malin Head","Hours","18.2"
"Sunshine Duration","1971 December","Claremorris","Hours","28.2"
"Sunshine Duration","1971 December","Valentia Observatory","Hours","33.9"
"Sunshine Duration","1971 December","Belmullet","Hours","31.3"
"Sunshine Duration","1971 December","Shannon Airport","Hours","40.7"
"Sunshine Duration","1971 December","Dublin Airport","Hours","31.1"
"Sunshine Duration","1971 December","Mullingar","Hours","26.6"
"Sunshine Duration","1971 December","Cork Airport","Hours","37.3"
"Sunshine Duration","1971 December","Casement","Hours","27.1"
"Sunshine Duration","1971 December","Phoenix Park","Hours",""
"Sunshine Duration","1971 December","Roches Point","Hours",""
"Sunshine Duration","1971 December","Markree","Hours",""
"Sunshine Duration","1972 January","Malin Head","Hours","33.6"
"Sunshine Duration","1972 January","Claremorris","Hours","40.7"
"Sunshine Duration","1972 January","Valentia Observatory","Hours","59.8"
"Sunshine Duration","1972 January","Belmullet","Hours","58.2"
"Sunshine Duration","1972 January","Shannon Airport","Hours","52.9"
"Sunshine Duration","1972 January","Dublin Airport","Hours","42.8"
"Sunshine Duration","1972 January","Mullingar","Hours","42.4"
"Sunshine Duration","1972 January","Cork Airport","Hours","60.3"
"Sunshine Duration","1972 January","Casement","Hours","37"
"Sunshine Duration","1972 January","Phoenix Park","Hours",""
"Sunshine Duration","1972 January","Roches Point","Hours",""
"Sunshine Duration","1972 January","Markree","Hours",""
"Sunshine Duration","1972 February","Malin Head","Hours","64.2"
"Sunshine Duration","1972 February","Claremorris","Hours","69.9"
"Sunshine Duration","1972 February","Valentia Observatory","Hours","79.7"
"Sunshine Duration","1972 February","Belmullet","Hours","67.4"
"Sunshine Duration","1972 February","Shannon Airport","Hours","87.9"
"Sunshine Duration","1972 February","Dublin Airport","Hours","65.6"
"Sunshine Duration","1972 February","Mullingar","Hours","67.7"
"Sunshine Duration","1972 February","Cork Airport","Hours","80.1"
"Sunshine Duration","1972 February","Casement","Hours","65.7"
"Sunshine Duration","1972 February","Phoenix Park","Hours",""
"Sunshine Duration","1972 February","Roches Point","Hours",""
"Sunshine Duration","1972 February","Markree","Hours",""
"Sunshine Duration","1972 March","Malin Head","Hours","119.7"
"Sunshine Duration","1972 March","Claremorris","Hours","113.3"
"Sunshine Duration","1972 March","Valentia Observatory","Hours","153.9"
"Sunshine Duration","1972 March","Belmullet","Hours","145.5"
"Sunshine Duration","1972 March","Shannon Airport","Hours","129.1"
"Sunshine Duration","1972 March","Dublin Airport","Hours","117.9"
"Sunshine Duration","1972 March","Mullingar","Hours","119.8"
"Sunshine Duration","1972 March","Cork Airport","Hours","133.7"
"Sunshine Duration","1972 March","Casement","Hours","106"
"Sunshine Duration","1972 March","Phoenix Park","Hours",""
"Sunshine Duration","1972 March","Roches Point","Hours",""
"Sunshine Duration","1972 March","Markree","Hours",""
"Sunshine Duration","1972 April","Malin Head","Hours","151.5"
"Sunshine Duration","1972 April","Claremorris","Hours","133.7"
"Sunshine Duration","1972 April","Valentia Observatory","Hours","139.3"
"Sunshine Duration","1972 April","Belmullet","Hours","155.1"
"Sunshine Duration","1972 April","Shannon Airport","Hours","155.8"
"Sunshine Duration","1972 April","Dublin Airport","Hours","173.8"
"Sunshine Duration","1972 April","Mullingar","Hours","153.8"
"Sunshine Duration","1972 April","Cork Airport","Hours","182.7"
"Sunshine Duration","1972 April","Casement","Hours","158.4"
"Sunshine Duration","1972 April","Phoenix Park","Hours",""
"Sunshine Duration","1972 April","Roches Point","Hours",""
"Sunshine Duration","1972 April","Markree","Hours",""
"Sunshine Duration","1972 May","Malin Head","Hours","156.2"
"Sunshine Duration","1972 May","Claremorris","Hours","121.2"
"Sunshine Duration","1972 May","Valentia Observatory","Hours","164.6"
"Sunshine Duration","1972 May","Belmullet","Hours","156.8"
"Sunshine Duration","1972 May","Shannon Airport","Hours","165.7"
"Sunshine Duration","1972 May","Dublin Airport","Hours","163.1"
"Sunshine Duration","1972 May","Mullingar","Hours","122.8"
"Sunshine Duration","1972 May","Cork Airport","Hours","187.9"
"Sunshine Duration","1972 May","Casement","Hours","140.3"
"Sunshine Duration","1972 May","Phoenix Park","Hours",""
"Sunshine Duration","1972 May","Roches Point","Hours",""
"Sunshine Duration","1972 May","Markree","Hours",""
"Sunshine Duration","1972 June","Malin Head","Hours","182.2"
"Sunshine Duration","1972 June","Claremorris","Hours","158.1"
"Sunshine Duration","1972 June","Valentia Observatory","Hours","141.6"
"Sunshine Duration","1972 June","Belmullet","Hours","195"
"Sunshine Duration","1972 June","Shannon Airport","Hours","151.4"
"Sunshine Duration","1972 June","Dublin Airport","Hours","149.4"
"Sunshine Duration","1972 June","Mullingar","Hours","143.9"
"Sunshine Duration","1972 June","Cork Airport","Hours","175.6"
"Sunshine Duration","1972 June","Casement","Hours","142.3"
"Sunshine Duration","1972 June","Phoenix Park","Hours",""
"Sunshine Duration","1972 June","Roches Point","Hours",""
"Sunshine Duration","1972 June","Markree","Hours",""
"Sunshine Duration","1972 July","Malin Head","Hours","165.5"
"Sunshine Duration","1972 July","Claremorris","Hours","132"
"Sunshine Duration","1972 July","Valentia Observatory","Hours","132.1"
"Sunshine Duration","1972 July","Belmullet","Hours","173.9"
"Sunshine Duration","1972 July","Shannon Airport","Hours","152.9"
"Sunshine Duration","1972 July","Dublin Airport","Hours","184"
"Sunshine Duration","1972 July","Mullingar","Hours","157.6"
"Sunshine Duration","1972 July","Cork Airport","Hours","155.3"
"Sunshine Duration","1972 July","Casement","Hours","155.2"
"Sunshine Duration","1972 July","Phoenix Park","Hours",""
"Sunshine Duration","1972 July","Roches Point","Hours",""
"Sunshine Duration","1972 July","Markree","Hours",""
"Sunshine Duration","1972 August","Malin Head","Hours","78.8"
"Sunshine Duration","1972 August","Claremorris","Hours","117.6"
"Sunshine Duration","1972 August","Valentia Observatory","Hours","158"
"Sunshine Duration","1972 August","Belmullet","Hours","137.8"
"Sunshine Duration","1972 August","Shannon Airport","Hours","138"
"Sunshine Duration","1972 August","Dublin Airport","Hours","167.3"
"Sunshine Duration","1972 August","Mullingar","Hours","114.3"
"Sunshine Duration","1972 August","Cork Airport","Hours","188.4"
"Sunshine Duration","1972 August","Casement","Hours","141.3"
"Sunshine Duration","1972 August","Phoenix Park","Hours",""
"Sunshine Duration","1972 August","Roches Point","Hours",""
"Sunshine Duration","1972 August","Markree","Hours",""
"Sunshine Duration","1972 September","Malin Head","Hours","135.6"
"Sunshine Duration","1972 September","Claremorris","Hours","142.8"
"Sunshine Duration","1972 September","Valentia Observatory","Hours","167.9"
"Sunshine Duration","1972 September","Belmullet","Hours","135.9"
"Sunshine Duration","1972 September","Shannon Airport","Hours","154.8"
"Sunshine Duration","1972 September","Dublin Airport","Hours","167"
"Sunshine Duration","1972 September","Mullingar","Hours","143.3"
"Sunshine Duration","1972 September","Cork Airport","Hours","134.4"
"Sunshine Duration","1972 September","Casement","Hours","137.8"
"Sunshine Duration","1972 September","Phoenix Park","Hours",""
"Sunshine Duration","1972 September","Roches Point","Hours",""
"Sunshine Duration","1972 September","Markree","Hours",""
"Sunshine Duration","1972 October","Malin Head","Hours","75.4"
"Sunshine Duration","1972 October","Claremorris","Hours","80.9"
"Sunshine Duration","1972 October","Valentia Observatory","Hours","87"
"Sunshine Duration","1972 October","Belmullet","Hours","81.2"
"Sunshine Duration","1972 October","Shannon Airport","Hours","77.3"
"Sunshine Duration","1972 October","Dublin Airport","Hours","112.6"
"Sunshine Duration","1972 October","Mullingar","Hours","81.5"
"Sunshine Duration","1972 October","Cork Airport","Hours","71.3"
"Sunshine Duration","1972 October","Casement","Hours","91.8"
"Sunshine Duration","1972 October","Phoenix Park","Hours",""
"Sunshine Duration","1972 October","Roches Point","Hours",""
"Sunshine Duration","1972 October","Markree","Hours",""
"Sunshine Duration","1972 November","Malin Head","Hours","35.7"
"Sunshine Duration","1972 November","Claremorris","Hours","55.9"
"Sunshine Duration","1972 November","Valentia Observatory","Hours","57.4"
"Sunshine Duration","1972 November","Belmullet","Hours","54.3"
"Sunshine Duration","1972 November","Shannon Airport","Hours","51.3"
"Sunshine Duration","1972 November","Dublin Airport","Hours","83.3"
"Sunshine Duration","1972 November","Mullingar","Hours","71.3"
"Sunshine Duration","1972 November","Cork Airport","Hours","79.3"
"Sunshine Duration","1972 November","Casement","Hours","71.9"
"Sunshine Duration","1972 November","Phoenix Park","Hours",""
"Sunshine Duration","1972 November","Roches Point","Hours",""
"Sunshine Duration","1972 November","Markree","Hours",""
"Sunshine Duration","1972 December","Malin Head","Hours","43.9"
"Sunshine Duration","1972 December","Claremorris","Hours","41.5"
"Sunshine Duration","1972 December","Valentia Observatory","Hours","27.3"
"Sunshine Duration","1972 December","Belmullet","Hours","37.6"
"Sunshine Duration","1972 December","Shannon Airport","Hours","42.9"
"Sunshine Duration","1972 December","Dublin Airport","Hours","50.9"
"Sunshine Duration","1972 December","Mullingar","Hours","45.5"
"Sunshine Duration","1972 December","Cork Airport","Hours","30.4"
"Sunshine Duration","1972 December","Casement","Hours","53.2"
"Sunshine Duration","1972 December","Phoenix Park","Hours",""
"Sunshine Duration","1972 December","Roches Point","Hours",""
"Sunshine Duration","1972 December","Markree","Hours",""
"Sunshine Duration","1973 January","Malin Head","Hours","27.3"
"Sunshine Duration","1973 January","Claremorris","Hours","20.4"
"Sunshine Duration","1973 January","Valentia Observatory","Hours","27.5"
"Sunshine Duration","1973 January","Belmullet","Hours","32.5"
"Sunshine Duration","1973 January","Shannon Airport","Hours","28.4"
"Sunshine Duration","1973 January","Dublin Airport","Hours","36.2"
"Sunshine Duration","1973 January","Mullingar","Hours","27"
"Sunshine Duration","1973 January","Cork Airport","Hours","33.2"
"Sunshine Duration","1973 January","Casement","Hours","35.3"
"Sunshine Duration","1973 January","Phoenix Park","Hours",""
"Sunshine Duration","1973 January","Roches Point","Hours",""
"Sunshine Duration","1973 January","Markree","Hours",""
"Sunshine Duration","1973 February","Malin Head","Hours","49.1"
"Sunshine Duration","1973 February","Claremorris","Hours","46.8"
"Sunshine Duration","1973 February","Valentia Observatory","Hours","46"
"Sunshine Duration","1973 February","Belmullet","Hours","45.8"
"Sunshine Duration","1973 February","Shannon Airport","Hours","59.4"
"Sunshine Duration","1973 February","Dublin Airport","Hours","88.4"
"Sunshine Duration","1973 February","Mullingar","Hours","62.8"
"Sunshine Duration","1973 February","Cork Airport","Hours","62.6"
"Sunshine Duration","1973 February","Casement","Hours","67.2"
"Sunshine Duration","1973 February","Phoenix Park","Hours",""
"Sunshine Duration","1973 February","Roches Point","Hours",""
"Sunshine Duration","1973 February","Markree","Hours",""
"Sunshine Duration","1973 March","Malin Head","Hours","131.8"
"Sunshine Duration","1973 March","Claremorris","Hours","116.1"
"Sunshine Duration","1973 March","Valentia Observatory","Hours","117.8"
"Sunshine Duration","1973 March","Belmullet","Hours","132"
"Sunshine Duration","1973 March","Shannon Airport","Hours","130.3"
"Sunshine Duration","1973 March","Dublin Airport","Hours","136"
"Sunshine Duration","1973 March","Mullingar","Hours","120.8"
"Sunshine Duration","1973 March","Cork Airport","Hours","128.2"
"Sunshine Duration","1973 March","Casement","Hours","124.8"
"Sunshine Duration","1973 March","Phoenix Park","Hours",""
"Sunshine Duration","1973 March","Roches Point","Hours",""
"Sunshine Duration","1973 March","Markree","Hours",""
"Sunshine Duration","1973 April","Malin Head","Hours","140.5"
"Sunshine Duration","1973 April","Claremorris","Hours","119.7"
"Sunshine Duration","1973 April","Valentia Observatory","Hours","165.4"
"Sunshine Duration","1973 April","Belmullet","Hours","167.3"
"Sunshine Duration","1973 April","Shannon Airport","Hours","123.3"
"Sunshine Duration","1973 April","Dublin Airport","Hours","150.3"
"Sunshine Duration","1973 April","Mullingar","Hours","128.5"
"Sunshine Duration","1973 April","Cork Airport","Hours","149.4"
"Sunshine Duration","1973 April","Casement","Hours","124.9"
"Sunshine Duration","1973 April","Phoenix Park","Hours",""
"Sunshine Duration","1973 April","Roches Point","Hours",""
"Sunshine Duration","1973 April","Markree","Hours",""
"Sunshine Duration","1973 May","Malin Head","Hours","156.3"
"Sunshine Duration","1973 May","Claremorris","Hours","128.2"
"Sunshine Duration","1973 May","Valentia Observatory","Hours","124.4"
"Sunshine Duration","1973 May","Belmullet","Hours","150.8"
"Sunshine Duration","1973 May","Shannon Airport","Hours","112.6"
"Sunshine Duration","1973 May","Dublin Airport","Hours","158.4"
"Sunshine Duration","1973 May","Mullingar","Hours","133.1"
"Sunshine Duration","1973 May","Cork Airport","Hours","118.5"
"Sunshine Duration","1973 May","Casement","Hours","137.7"
"Sunshine Duration","1973 May","Phoenix Park","Hours",""
"Sunshine Duration","1973 May","Roches Point","Hours",""
"Sunshine Duration","1973 May","Markree","Hours",""
"Sunshine Duration","1973 June","Malin Head","Hours","178.6"
"Sunshine Duration","1973 June","Claremorris","Hours","123.4"
"Sunshine Duration","1973 June","Valentia Observatory","Hours","128.7"
"Sunshine Duration","1973 June","Belmullet","Hours","134.3"
"Sunshine Duration","1973 June","Shannon Airport","Hours","151.5"
"Sunshine Duration","1973 June","Dublin Airport","Hours","226"
"Sunshine Duration","1973 June","Mullingar","Hours","155.4"
"Sunshine Duration","1973 June","Cork Airport","Hours","207.3"
"Sunshine Duration","1973 June","Casement","Hours","223.6"
"Sunshine Duration","1973 June","Phoenix Park","Hours",""
"Sunshine Duration","1973 June","Roches Point","Hours",""
"Sunshine Duration","1973 June","Markree","Hours",""
"Sunshine Duration","1973 July","Malin Head","Hours","123.7"
"Sunshine Duration","1973 July","Claremorris","Hours","87.2"
"Sunshine Duration","1973 July","Valentia Observatory","Hours","141.2"
"Sunshine Duration","1973 July","Belmullet","Hours","122.5"
"Sunshine Duration","1973 July","Shannon Airport","Hours","108.7"
"Sunshine Duration","1973 July","Dublin Airport","Hours","148.1"
"Sunshine Duration","1973 July","Mullingar","Hours","117.5"
"Sunshine Duration","1973 July","Cork Airport","Hours","151"
"Sunshine Duration","1973 July","Casement","Hours","129.9"
"Sunshine Duration","1973 July","Phoenix Park","Hours",""
"Sunshine Duration","1973 July","Roches Point","Hours",""
"Sunshine Duration","1973 July","Markree","Hours",""
"Sunshine Duration","1973 August","Malin Head","Hours","126.6"
"Sunshine Duration","1973 August","Claremorris","Hours","122.1"
"Sunshine Duration","1973 August","Valentia Observatory","Hours","145.5"
"Sunshine Duration","1973 August","Belmullet","Hours","152.2"
"Sunshine Duration","1973 August","Shannon Airport","Hours","125.9"
"Sunshine Duration","1973 August","Dublin Airport","Hours","163"
"Sunshine Duration","1973 August","Mullingar","Hours","106.2"
"Sunshine Duration","1973 August","Cork Airport","Hours","168.9"
"Sunshine Duration","1973 August","Casement","Hours","152.1"
"Sunshine Duration","1973 August","Phoenix Park","Hours",""
"Sunshine Duration","1973 August","Roches Point","Hours",""
"Sunshine Duration","1973 August","Markree","Hours",""
"Sunshine Duration","1973 September","Malin Head","Hours","128"
"Sunshine Duration","1973 September","Claremorris","Hours","106"
"Sunshine Duration","1973 September","Valentia Observatory","Hours","123.6"
"Sunshine Duration","1973 September","Belmullet","Hours","120.2"
"Sunshine Duration","1973 September","Shannon Airport","Hours","117.9"
"Sunshine Duration","1973 September","Dublin Airport","Hours","157.3"
"Sunshine Duration","1973 September","Mullingar","Hours","124.8"
"Sunshine Duration","1973 September","Cork Airport","Hours","143.8"
"Sunshine Duration","1973 September","Casement","Hours","132.1"
"Sunshine Duration","1973 September","Phoenix Park","Hours",""
"Sunshine Duration","1973 September","Roches Point","Hours",""
"Sunshine Duration","1973 September","Markree","Hours",""
"Sunshine Duration","1973 October","Malin Head","Hours","87"
"Sunshine Duration","1973 October","Claremorris","Hours","72"
"Sunshine Duration","1973 October","Valentia Observatory","Hours","96"
"Sunshine Duration","1973 October","Belmullet","Hours","86.4"
"Sunshine Duration","1973 October","Shannon Airport","Hours","67.7"
"Sunshine Duration","1973 October","Dublin Airport","Hours","85"
"Sunshine Duration","1973 October","Mullingar","Hours","77.1"
"Sunshine Duration","1973 October","Cork Airport","Hours","68.8"
"Sunshine Duration","1973 October","Casement","Hours","84.3"
"Sunshine Duration","1973 October","Phoenix Park","Hours",""
"Sunshine Duration","1973 October","Roches Point","Hours",""
"Sunshine Duration","1973 October","Markree","Hours",""
"Sunshine Duration","1973 November","Malin Head","Hours","35.5"
"Sunshine Duration","1973 November","Claremorris","Hours","37.7"
"Sunshine Duration","1973 November","Valentia Observatory","Hours","34.4"
"Sunshine Duration","1973 November","Belmullet","Hours","24.4"
"Sunshine Duration","1973 November","Shannon Airport","Hours","42.5"
"Sunshine Duration","1973 November","Dublin Airport","Hours","74"
"Sunshine Duration","1973 November","Mullingar","Hours","46.2"
"Sunshine Duration","1973 November","Cork Airport","Hours","53.6"
"Sunshine Duration","1973 November","Casement","Hours","64.5"
"Sunshine Duration","1973 November","Phoenix Park","Hours",""
"Sunshine Duration","1973 November","Roches Point","Hours",""
"Sunshine Duration","1973 November","Markree","Hours",""
"Sunshine Duration","1973 December","Malin Head","Hours","29.8"
"Sunshine Duration","1973 December","Claremorris","Hours","40.9"
"Sunshine Duration","1973 December","Valentia Observatory","Hours","32.5"
"Sunshine Duration","1973 December","Belmullet","Hours","34.5"
"Sunshine Duration","1973 December","Shannon Airport","Hours","43.7"
"Sunshine Duration","1973 December","Dublin Airport","Hours","57.8"
"Sunshine Duration","1973 December","Mullingar","Hours","45.7"
"Sunshine Duration","1973 December","Cork Airport","Hours","46.6"
"Sunshine Duration","1973 December","Casement","Hours","48.2"
"Sunshine Duration","1973 December","Phoenix Park","Hours",""
"Sunshine Duration","1973 December","Roches Point","Hours",""
"Sunshine Duration","1973 December","Markree","Hours",""
"Sunshine Duration","1974 January","Malin Head","Hours","26"
"Sunshine Duration","1974 January","Claremorris","Hours","37.9"
"Sunshine Duration","1974 January","Valentia Observatory","Hours","38.3"
"Sunshine Duration","1974 January","Belmullet","Hours","25.4"
"Sunshine Duration","1974 January","Shannon Airport","Hours","51.3"
"Sunshine Duration","1974 January","Dublin Airport","Hours","65.5"
"Sunshine Duration","1974 January","Mullingar","Hours","49"
"Sunshine Duration","1974 January","Cork Airport","Hours","46"
"Sunshine Duration","1974 January","Casement","Hours","57.7"
"Sunshine Duration","1974 January","Phoenix Park","Hours",""
"Sunshine Duration","1974 January","Roches Point","Hours",""
"Sunshine Duration","1974 January","Markree","Hours",""
"Sunshine Duration","1974 February","Malin Head","Hours","52.4"
"Sunshine Duration","1974 February","Claremorris","Hours","59.2"
"Sunshine Duration","1974 February","Valentia Observatory","Hours","60.6"
"Sunshine Duration","1974 February","Belmullet","Hours","65.8"
"Sunshine Duration","1974 February","Shannon Airport","Hours","72.3"
"Sunshine Duration","1974 February","Dublin Airport","Hours","67"
"Sunshine Duration","1974 February","Mullingar","Hours","58.9"
"Sunshine Duration","1974 February","Cork Airport","Hours","71.5"
"Sunshine Duration","1974 February","Casement","Hours","55.7"
"Sunshine Duration","1974 February","Phoenix Park","Hours",""
"Sunshine Duration","1974 February","Roches Point","Hours",""
"Sunshine Duration","1974 February","Markree","Hours",""
"Sunshine Duration","1974 March","Malin Head","Hours","116.4"
"Sunshine Duration","1974 March","Claremorris","Hours","96"
"Sunshine Duration","1974 March","Valentia Observatory","Hours","101.8"
"Sunshine Duration","1974 March","Belmullet","Hours","112.4"
"Sunshine Duration","1974 March","Shannon Airport","Hours","94"
"Sunshine Duration","1974 March","Dublin Airport","Hours","104.4"
"Sunshine Duration","1974 March","Mullingar","Hours","95"
"Sunshine Duration","1974 March","Cork Airport","Hours","98.2"
"Sunshine Duration","1974 March","Casement","Hours","86.3"
"Sunshine Duration","1974 March","Phoenix Park","Hours",""
"Sunshine Duration","1974 March","Roches Point","Hours",""
"Sunshine Duration","1974 March","Markree","Hours",""
"Sunshine Duration","1974 April","Malin Head","Hours","229.8"
"Sunshine Duration","1974 April","Claremorris","Hours","181.6"
"Sunshine Duration","1974 April","Valentia Observatory","Hours","177.7"
"Sunshine Duration","1974 April","Belmullet","Hours","235.7"
"Sunshine Duration","1974 April","Shannon Airport","Hours","180.9"
"Sunshine Duration","1974 April","Dublin Airport","Hours","204.6"
"Sunshine Duration","1974 April","Mullingar","Hours","199.8"
"Sunshine Duration","1974 April","Cork Airport","Hours","179.2"
"Sunshine Duration","1974 April","Casement","Hours","197.9"
"Sunshine Duration","1974 April","Phoenix Park","Hours",""
"Sunshine Duration","1974 April","Roches Point","Hours",""
"Sunshine Duration","1974 April","Markree","Hours",""
"Sunshine Duration","1974 May","Malin Head","Hours","167.6"
"Sunshine Duration","1974 May","Claremorris","Hours","150.4"
"Sunshine Duration","1974 May","Valentia Observatory","Hours","175.8"
"Sunshine Duration","1974 May","Belmullet","Hours","188.7"
"Sunshine Duration","1974 May","Shannon Airport","Hours","183.5"
"Sunshine Duration","1974 May","Dublin Airport","Hours","162.9"
"Sunshine Duration","1974 May","Mullingar","Hours","142.5"
"Sunshine Duration","1974 May","Cork Airport","Hours","177.4"
"Sunshine Duration","1974 May","Casement","Hours","149.1"
"Sunshine Duration","1974 May","Phoenix Park","Hours",""
"Sunshine Duration","1974 May","Roches Point","Hours",""
"Sunshine Duration","1974 May","Markree","Hours",""
"Sunshine Duration","1974 June","Malin Head","Hours","217.8"
"Sunshine Duration","1974 June","Claremorris","Hours","164.9"
"Sunshine Duration","1974 June","Valentia Observatory","Hours","129.8"
"Sunshine Duration","1974 June","Belmullet","Hours","200.3"
"Sunshine Duration","1974 June","Shannon Airport","Hours","142.3"
"Sunshine Duration","1974 June","Dublin Airport","Hours","207.9"
"Sunshine Duration","1974 June","Mullingar","Hours","157.6"
"Sunshine Duration","1974 June","Cork Airport","Hours","160.9"
"Sunshine Duration","1974 June","Casement","Hours","164.2"
"Sunshine Duration","1974 June","Phoenix Park","Hours",""
"Sunshine Duration","1974 June","Roches Point","Hours",""
"Sunshine Duration","1974 June","Markree","Hours",""
"Sunshine Duration","1974 July","Malin Head","Hours","160.3"
"Sunshine Duration","1974 July","Claremorris","Hours","99.3"
"Sunshine Duration","1974 July","Valentia Observatory","Hours","107.4"
"Sunshine Duration","1974 July","Belmullet","Hours","128.5"
"Sunshine Duration","1974 July","Shannon Airport","Hours","103.4"
"Sunshine Duration","1974 July","Dublin Airport","Hours","167.1"
"Sunshine Duration","1974 July","Mullingar","Hours","116.2"
"Sunshine Duration","1974 July","Cork Airport","Hours","152.3"
"Sunshine Duration","1974 July","Casement","Hours","148.1"
"Sunshine Duration","1974 July","Phoenix Park","Hours",""
"Sunshine Duration","1974 July","Roches Point","Hours",""
"Sunshine Duration","1974 July","Markree","Hours",""
"Sunshine Duration","1974 August","Malin Head","Hours","164.8"
"Sunshine Duration","1974 August","Claremorris","Hours","127.5"
"Sunshine Duration","1974 August","Valentia Observatory","Hours","158.5"
"Sunshine Duration","1974 August","Belmullet","Hours","174.2"
"Sunshine Duration","1974 August","Shannon Airport","Hours","130.4"
"Sunshine Duration","1974 August","Dublin Airport","Hours","165"
"Sunshine Duration","1974 August","Mullingar","Hours","135.1"
"Sunshine Duration","1974 August","Cork Airport","Hours","146.3"
"Sunshine Duration","1974 August","Casement","Hours","152.2"
"Sunshine Duration","1974 August","Phoenix Park","Hours",""
"Sunshine Duration","1974 August","Roches Point","Hours",""
"Sunshine Duration","1974 August","Markree","Hours",""
"Sunshine Duration","1974 September","Malin Head","Hours","115.1"
"Sunshine Duration","1974 September","Claremorris","Hours","94.1"
"Sunshine Duration","1974 September","Valentia Observatory","Hours","89.8"
"Sunshine Duration","1974 September","Belmullet","Hours","110.4"
"Sunshine Duration","1974 September","Shannon Airport","Hours","103.5"
"Sunshine Duration","1974 September","Dublin Airport","Hours","118.6"
"Sunshine Duration","1974 September","Mullingar","Hours","101.2"
"Sunshine Duration","1974 September","Cork Airport","Hours","134"
"Sunshine Duration","1974 September","Casement","Hours","105.8"
"Sunshine Duration","1974 September","Phoenix Park","Hours",""
"Sunshine Duration","1974 September","Roches Point","Hours",""
"Sunshine Duration","1974 September","Markree","Hours",""
"Sunshine Duration","1974 October","Malin Head","Hours","68.9"
"Sunshine Duration","1974 October","Claremorris","Hours","94.1"
"Sunshine Duration","1974 October","Valentia Observatory","Hours","67"
"Sunshine Duration","1974 October","Belmullet","Hours","85.7"
"Sunshine Duration","1974 October","Shannon Airport","Hours","83.9"
"Sunshine Duration","1974 October","Dublin Airport","Hours","108.7"
"Sunshine Duration","1974 October","Mullingar","Hours","96.3"
"Sunshine Duration","1974 October","Cork Airport","Hours","120.3"
"Sunshine Duration","1974 October","Casement","Hours","77.3"
"Sunshine Duration","1974 October","Phoenix Park","Hours",""
"Sunshine Duration","1974 October","Roches Point","Hours",""
"Sunshine Duration","1974 October","Markree","Hours",""
"Sunshine Duration","1974 November","Malin Head","Hours","51.2"
"Sunshine Duration","1974 November","Claremorris","Hours","73.5"
"Sunshine Duration","1974 November","Valentia Observatory","Hours","62"
"Sunshine Duration","1974 November","Belmullet","Hours","69.1"
"Sunshine Duration","1974 November","Shannon Airport","Hours","80.9"
"Sunshine Duration","1974 November","Dublin Airport","Hours","80.3"
"Sunshine Duration","1974 November","Mullingar","Hours","74.7"
"Sunshine Duration","1974 November","Cork Airport","Hours","90.9"
"Sunshine Duration","1974 November","Casement","Hours","72.1"
"Sunshine Duration","1974 November","Phoenix Park","Hours",""
"Sunshine Duration","1974 November","Roches Point","Hours",""
"Sunshine Duration","1974 November","Markree","Hours",""
"Sunshine Duration","1974 December","Malin Head","Hours","16.3"
"Sunshine Duration","1974 December","Claremorris","Hours","18.9"
"Sunshine Duration","1974 December","Valentia Observatory","Hours","22.4"
"Sunshine Duration","1974 December","Belmullet","Hours","15.8"
"Sunshine Duration","1974 December","Shannon Airport","Hours","26.3"
"Sunshine Duration","1974 December","Dublin Airport","Hours","52.6"
"Sunshine Duration","1974 December","Mullingar","Hours","36.7"
"Sunshine Duration","1974 December","Cork Airport","Hours","34.1"
"Sunshine Duration","1974 December","Casement","Hours","38.8"
"Sunshine Duration","1974 December","Phoenix Park","Hours",""
"Sunshine Duration","1974 December","Roches Point","Hours",""
"Sunshine Duration","1974 December","Markree","Hours",""
"Sunshine Duration","1975 January","Malin Head","Hours","34.8"
"Sunshine Duration","1975 January","Claremorris","Hours","42.6"
"Sunshine Duration","1975 January","Valentia Observatory","Hours","38.2"
"Sunshine Duration","1975 January","Belmullet","Hours","39.3"
"Sunshine Duration","1975 January","Shannon Airport","Hours","52.1"
"Sunshine Duration","1975 January","Dublin Airport","Hours","57.9"
"Sunshine Duration","1975 January","Mullingar","Hours","51.4"
"Sunshine Duration","1975 January","Cork Airport","Hours","66.2"
"Sunshine Duration","1975 January","Casement","Hours","50.6"
"Sunshine Duration","1975 January","Phoenix Park","Hours",""
"Sunshine Duration","1975 January","Roches Point","Hours",""
"Sunshine Duration","1975 January","Markree","Hours",""
"Sunshine Duration","1975 February","Malin Head","Hours","95.6"
"Sunshine Duration","1975 February","Claremorris","Hours","75.6"
"Sunshine Duration","1975 February","Valentia Observatory","Hours","81.8"
"Sunshine Duration","1975 February","Belmullet","Hours","116.3"
"Sunshine Duration","1975 February","Shannon Airport","Hours","71.8"
"Sunshine Duration","1975 February","Dublin Airport","Hours","82.9"
"Sunshine Duration","1975 February","Mullingar","Hours","66.7"
"Sunshine Duration","1975 February","Cork Airport","Hours","35.4"
"Sunshine Duration","1975 February","Casement","Hours","98.1"
"Sunshine Duration","1975 February","Phoenix Park","Hours",""
"Sunshine Duration","1975 February","Roches Point","Hours",""
"Sunshine Duration","1975 February","Markree","Hours",""
"Sunshine Duration","1975 March","Malin Head","Hours","133.4"
"Sunshine Duration","1975 March","Claremorris","Hours","121"
"Sunshine Duration","1975 March","Valentia Observatory","Hours","118.5"
"Sunshine Duration","1975 March","Belmullet","Hours","140.6"
"Sunshine Duration","1975 March","Shannon Airport","Hours","124.1"
"Sunshine Duration","1975 March","Dublin Airport","Hours","131.2"
"Sunshine Duration","1975 March","Mullingar","Hours","105.4"
"Sunshine Duration","1975 March","Cork Airport","Hours","129.8"
"Sunshine Duration","1975 March","Casement","Hours","110.9"
"Sunshine Duration","1975 March","Phoenix Park","Hours",""
"Sunshine Duration","1975 March","Roches Point","Hours",""
"Sunshine Duration","1975 March","Markree","Hours",""
"Sunshine Duration","1975 April","Malin Head","Hours","106.5"
"Sunshine Duration","1975 April","Claremorris","Hours","108.4"
"Sunshine Duration","1975 April","Valentia Observatory","Hours","130"
"Sunshine Duration","1975 April","Belmullet","Hours","116.7"
"Sunshine Duration","1975 April","Shannon Airport","Hours","122"
"Sunshine Duration","1975 April","Dublin Airport","Hours","154.3"
"Sunshine Duration","1975 April","Mullingar","Hours","139.7"
"Sunshine Duration","1975 April","Cork Airport","Hours","163.1"
"Sunshine Duration","1975 April","Casement","Hours","145.1"
"Sunshine Duration","1975 April","Phoenix Park","Hours",""
"Sunshine Duration","1975 April","Roches Point","Hours",""
"Sunshine Duration","1975 April","Markree","Hours",""
"Sunshine Duration","1975 May","Malin Head","Hours","287.5"
"Sunshine Duration","1975 May","Claremorris","Hours","247.8"
"Sunshine Duration","1975 May","Valentia Observatory","Hours","244.8"
"Sunshine Duration","1975 May","Belmullet","Hours","289.6"
"Sunshine Duration","1975 May","Shannon Airport","Hours","255.1"
"Sunshine Duration","1975 May","Dublin Airport","Hours","255.8"
"Sunshine Duration","1975 May","Mullingar","Hours","253.5"
"Sunshine Duration","1975 May","Cork Airport","Hours","240.2"
"Sunshine Duration","1975 May","Casement","Hours","242"
"Sunshine Duration","1975 May","Phoenix Park","Hours",""
"Sunshine Duration","1975 May","Roches Point","Hours",""
"Sunshine Duration","1975 May","Markree","Hours",""
"Sunshine Duration","1975 June","Malin Head","Hours","202.2"
"Sunshine Duration","1975 June","Claremorris","Hours","207.9"
"Sunshine Duration","1975 June","Valentia Observatory","Hours","211"
"Sunshine Duration","1975 June","Belmullet","Hours","205.9"
"Sunshine Duration","1975 June","Shannon Airport","Hours","220.2"
"Sunshine Duration","1975 June","Dublin Airport","Hours","253.7"
"Sunshine Duration","1975 June","Mullingar","Hours","220.7"
"Sunshine Duration","1975 June","Cork Airport","Hours","213.7"
"Sunshine Duration","1975 June","Casement","Hours","236.3"
"Sunshine Duration","1975 June","Phoenix Park","Hours",""
"Sunshine Duration","1975 June","Roches Point","Hours",""
"Sunshine Duration","1975 June","Markree","Hours",""
"Sunshine Duration","1975 July","Malin Head","Hours","157.2"
"Sunshine Duration","1975 July","Claremorris","Hours","125.8"
"Sunshine Duration","1975 July","Valentia Observatory","Hours","146.4"
"Sunshine Duration","1975 July","Belmullet","Hours","133.2"
"Sunshine Duration","1975 July","Shannon Airport","Hours","144.5"
"Sunshine Duration","1975 July","Dublin Airport","Hours","165.6"
"Sunshine Duration","1975 July","Mullingar","Hours","159.7"
"Sunshine Duration","1975 July","Cork Airport","Hours","158.3"
"Sunshine Duration","1975 July","Casement","Hours","151.1"
"Sunshine Duration","1975 July","Phoenix Park","Hours",""
"Sunshine Duration","1975 July","Roches Point","Hours",""
"Sunshine Duration","1975 July","Markree","Hours",""
"Sunshine Duration","1975 August","Malin Head","Hours","108"
"Sunshine Duration","1975 August","Claremorris","Hours","125.8"
"Sunshine Duration","1975 August","Valentia Observatory","Hours","143.2"
"Sunshine Duration","1975 August","Belmullet","Hours","150.8"
"Sunshine Duration","1975 August","Shannon Airport","Hours","138"
"Sunshine Duration","1975 August","Dublin Airport","Hours","182.7"
"Sunshine Duration","1975 August","Mullingar","Hours","166.3"
"Sunshine Duration","1975 August","Cork Airport","Hours","145.1"
"Sunshine Duration","1975 August","Casement","Hours","171.5"
"Sunshine Duration","1975 August","Phoenix Park","Hours",""
"Sunshine Duration","1975 August","Roches Point","Hours",""
"Sunshine Duration","1975 August","Markree","Hours",""
"Sunshine Duration","1975 September","Malin Head","Hours","90.8"
"Sunshine Duration","1975 September","Claremorris","Hours","107.5"
"Sunshine Duration","1975 September","Valentia Observatory","Hours","122.2"
"Sunshine Duration","1975 September","Belmullet","Hours","107.7"
"Sunshine Duration","1975 September","Shannon Airport","Hours","102.3"
"Sunshine Duration","1975 September","Dublin Airport","Hours","120.3"
"Sunshine Duration","1975 September","Mullingar","Hours","106.3"
"Sunshine Duration","1975 September","Cork Airport","Hours","128.2"
"Sunshine Duration","1975 September","Casement","Hours","118.4"
"Sunshine Duration","1975 September","Phoenix Park","Hours",""
"Sunshine Duration","1975 September","Roches Point","Hours",""
"Sunshine Duration","1975 September","Markree","Hours",""
"Sunshine Duration","1975 October","Malin Head","Hours","75"
"Sunshine Duration","1975 October","Claremorris","Hours","70.3"
"Sunshine Duration","1975 October","Valentia Observatory","Hours","47.9"
"Sunshine Duration","1975 October","Belmullet","Hours","70.9"
"Sunshine Duration","1975 October","Shannon Airport","Hours","69.1"
"Sunshine Duration","1975 October","Dublin Airport","Hours","87.4"
"Sunshine Duration","1975 October","Mullingar","Hours","61.2"
"Sunshine Duration","1975 October","Cork Airport","Hours","67.3"
"Sunshine Duration","1975 October","Casement","Hours","86.9"
"Sunshine Duration","1975 October","Phoenix Park","Hours",""
"Sunshine Duration","1975 October","Roches Point","Hours",""
"Sunshine Duration","1975 October","Markree","Hours",""
"Sunshine Duration","1975 November","Malin Head","Hours","41.8"
"Sunshine Duration","1975 November","Claremorris","Hours","42.3"
"Sunshine Duration","1975 November","Valentia Observatory","Hours","42.7"
"Sunshine Duration","1975 November","Belmullet","Hours","44.6"
"Sunshine Duration","1975 November","Shannon Airport","Hours","45.9"
"Sunshine Duration","1975 November","Dublin Airport","Hours","59.1"
"Sunshine Duration","1975 November","Mullingar","Hours","55"
"Sunshine Duration","1975 November","Cork Airport","Hours","55.2"
"Sunshine Duration","1975 November","Casement","Hours","58.3"
"Sunshine Duration","1975 November","Phoenix Park","Hours",""
"Sunshine Duration","1975 November","Roches Point","Hours",""
"Sunshine Duration","1975 November","Markree","Hours",""
"Sunshine Duration","1975 December","Malin Head","Hours","18.6"
"Sunshine Duration","1975 December","Claremorris","Hours","20.1"
"Sunshine Duration","1975 December","Valentia Observatory","Hours","40.3"
"Sunshine Duration","1975 December","Belmullet","Hours","18.4"
"Sunshine Duration","1975 December","Shannon Airport","Hours","37.3"
"Sunshine Duration","1975 December","Dublin Airport","Hours","34.6"
"Sunshine Duration","1975 December","Mullingar","Hours","30.4"
"Sunshine Duration","1975 December","Cork Airport","Hours","43.1"
"Sunshine Duration","1975 December","Casement","Hours","27.2"
"Sunshine Duration","1975 December","Phoenix Park","Hours",""
"Sunshine Duration","1975 December","Roches Point","Hours",""
"Sunshine Duration","1975 December","Markree","Hours",""
"Sunshine Duration","1976 January","Malin Head","Hours","17.7"
"Sunshine Duration","1976 January","Claremorris","Hours","24"
"Sunshine Duration","1976 January","Valentia Observatory","Hours","27.7"
"Sunshine Duration","1976 January","Belmullet","Hours","20.5"
"Sunshine Duration","1976 January","Shannon Airport","Hours","31.6"
"Sunshine Duration","1976 January","Dublin Airport","Hours","47.8"
"Sunshine Duration","1976 January","Mullingar","Hours","35"
"Sunshine Duration","1976 January","Cork Airport","Hours","38.4"
"Sunshine Duration","1976 January","Casement","Hours","35.8"
"Sunshine Duration","1976 January","Phoenix Park","Hours",""
"Sunshine Duration","1976 January","Roches Point","Hours",""
"Sunshine Duration","1976 January","Markree","Hours",""
"Sunshine Duration","1976 February","Malin Head","Hours","45.1"
"Sunshine Duration","1976 February","Claremorris","Hours","53.8"
"Sunshine Duration","1976 February","Valentia Observatory","Hours","46.7"
"Sunshine Duration","1976 February","Belmullet","Hours","46.4"
"Sunshine Duration","1976 February","Shannon Airport","Hours","67.9"
"Sunshine Duration","1976 February","Dublin Airport","Hours","58.4"
"Sunshine Duration","1976 February","Mullingar","Hours","46.9"
"Sunshine Duration","1976 February","Cork Airport","Hours","49.7"
"Sunshine Duration","1976 February","Casement","Hours","64.6"
"Sunshine Duration","1976 February","Phoenix Park","Hours",""
"Sunshine Duration","1976 February","Roches Point","Hours",""
"Sunshine Duration","1976 February","Markree","Hours",""
"Sunshine Duration","1976 March","Malin Head","Hours","72.7"
"Sunshine Duration","1976 March","Claremorris","Hours","80.4"
"Sunshine Duration","1976 March","Valentia Observatory","Hours","62.7"
"Sunshine Duration","1976 March","Belmullet","Hours","87.5"
"Sunshine Duration","1976 March","Shannon Airport","Hours","78"
"Sunshine Duration","1976 March","Dublin Airport","Hours","89.1"
"Sunshine Duration","1976 March","Mullingar","Hours","81.5"
"Sunshine Duration","1976 March","Cork Airport","Hours","82.5"
"Sunshine Duration","1976 March","Casement","Hours","89.1"
"Sunshine Duration","1976 March","Phoenix Park","Hours",""
"Sunshine Duration","1976 March","Roches Point","Hours",""
"Sunshine Duration","1976 March","Markree","Hours",""
"Sunshine Duration","1976 April","Malin Head","Hours","161.7"
"Sunshine Duration","1976 April","Claremorris","Hours","165.3"
"Sunshine Duration","1976 April","Valentia Observatory","Hours","192.1"
"Sunshine Duration","1976 April","Belmullet","Hours","162.8"
"Sunshine Duration","1976 April","Shannon Airport","Hours","176.4"
"Sunshine Duration","1976 April","Dublin Airport","Hours","170.1"
"Sunshine Duration","1976 April","Mullingar","Hours","162.9"
"Sunshine Duration","1976 April","Cork Airport","Hours","186.5"
"Sunshine Duration","1976 April","Casement","Hours","164"
"Sunshine Duration","1976 April","Phoenix Park","Hours",""
"Sunshine Duration","1976 April","Roches Point","Hours",""
"Sunshine Duration","1976 April","Markree","Hours",""
"Sunshine Duration","1976 May","Malin Head","Hours","130"
"Sunshine Duration","1976 May","Claremorris","Hours","116.9"
"Sunshine Duration","1976 May","Valentia Observatory","Hours","119.6"
"Sunshine Duration","1976 May","Belmullet","Hours","162.3"
"Sunshine Duration","1976 May","Shannon Airport","Hours","120.6"
"Sunshine Duration","1976 May","Dublin Airport","Hours","133.1"
"Sunshine Duration","1976 May","Mullingar","Hours","121.3"
"Sunshine Duration","1976 May","Cork Airport","Hours","158.8"
"Sunshine Duration","1976 May","Casement","Hours","132.5"
"Sunshine Duration","1976 May","Phoenix Park","Hours",""
"Sunshine Duration","1976 May","Roches Point","Hours",""
"Sunshine Duration","1976 May","Markree","Hours",""
"Sunshine Duration","1976 June","Malin Head","Hours","171.2"
"Sunshine Duration","1976 June","Claremorris","Hours","143.5"
"Sunshine Duration","1976 June","Valentia Observatory","Hours","165.9"
"Sunshine Duration","1976 June","Belmullet","Hours","145.1"
"Sunshine Duration","1976 June","Shannon Airport","Hours","178.1"
"Sunshine Duration","1976 June","Dublin Airport","Hours","218.3"
"Sunshine Duration","1976 June","Mullingar","Hours","179.5"
"Sunshine Duration","1976 June","Cork Airport","Hours","191.7"
"Sunshine Duration","1976 June","Casement","Hours","214.2"
"Sunshine Duration","1976 June","Phoenix Park","Hours",""
"Sunshine Duration","1976 June","Roches Point","Hours",""
"Sunshine Duration","1976 June","Markree","Hours",""
"Sunshine Duration","1976 July","Malin Head","Hours","103.9"
"Sunshine Duration","1976 July","Claremorris","Hours","103.2"
"Sunshine Duration","1976 July","Valentia Observatory","Hours","132.5"
"Sunshine Duration","1976 July","Belmullet","Hours","114.5"
"Sunshine Duration","1976 July","Shannon Airport","Hours","111.3"
"Sunshine Duration","1976 July","Dublin Airport","Hours","147.5"
"Sunshine Duration","1976 July","Mullingar","Hours","117.9"
"Sunshine Duration","1976 July","Cork Airport","Hours","135"
"Sunshine Duration","1976 July","Casement","Hours","127.1"
"Sunshine Duration","1976 July","Phoenix Park","Hours",""
"Sunshine Duration","1976 July","Roches Point","Hours",""
"Sunshine Duration","1976 July","Markree","Hours",""
"Sunshine Duration","1976 August","Malin Head","Hours","248.7"
"Sunshine Duration","1976 August","Claremorris","Hours","203.6"
"Sunshine Duration","1976 August","Valentia Observatory","Hours","202"
"Sunshine Duration","1976 August","Belmullet","Hours","246.4"
"Sunshine Duration","1976 August","Shannon Airport","Hours","188.1"
"Sunshine Duration","1976 August","Dublin Airport","Hours","259.9"
"Sunshine Duration","1976 August","Mullingar","Hours","240.8"
"Sunshine Duration","1976 August","Cork Airport","Hours","213.6"
"Sunshine Duration","1976 August","Casement","Hours","236"
"Sunshine Duration","1976 August","Phoenix Park","Hours",""
"Sunshine Duration","1976 August","Roches Point","Hours",""
"Sunshine Duration","1976 August","Markree","Hours",""
"Sunshine Duration","1976 September","Malin Head","Hours","105.9"
"Sunshine Duration","1976 September","Claremorris","Hours","89.5"
"Sunshine Duration","1976 September","Valentia Observatory","Hours","94.9"
"Sunshine Duration","1976 September","Belmullet","Hours","92.3"
"Sunshine Duration","1976 September","Shannon Airport","Hours","91.6"
"Sunshine Duration","1976 September","Dublin Airport","Hours","98.7"
"Sunshine Duration","1976 September","Mullingar","Hours","93.9"
"Sunshine Duration","1976 September","Cork Airport","Hours","107.6"
"Sunshine Duration","1976 September","Casement","Hours","90.5"
"Sunshine Duration","1976 September","Phoenix Park","Hours",""
"Sunshine Duration","1976 September","Roches Point","Hours",""
"Sunshine Duration","1976 September","Markree","Hours",""
"Sunshine Duration","1976 October","Malin Head","Hours","68.9"
"Sunshine Duration","1976 October","Claremorris","Hours","92.5"
"Sunshine Duration","1976 October","Valentia Observatory","Hours","109.6"
"Sunshine Duration","1976 October","Belmullet","Hours","105.5"
"Sunshine Duration","1976 October","Shannon Airport","Hours","97.3"
"Sunshine Duration","1976 October","Dublin Airport","Hours","87.9"
"Sunshine Duration","1976 October","Mullingar","Hours","96.5"
"Sunshine Duration","1976 October","Cork Airport","Hours","116.8"
"Sunshine Duration","1976 October","Casement","Hours","86.7"
"Sunshine Duration","1976 October","Phoenix Park","Hours",""
"Sunshine Duration","1976 October","Roches Point","Hours",""
"Sunshine Duration","1976 October","Markree","Hours",""
"Sunshine Duration","1976 November","Malin Head","Hours","65.5"
"Sunshine Duration","1976 November","Claremorris","Hours","75.6"
"Sunshine Duration","1976 November","Valentia Observatory","Hours","66"
"Sunshine Duration","1976 November","Belmullet","Hours","59.9"
"Sunshine Duration","1976 November","Shannon Airport","Hours","63"
"Sunshine Duration","1976 November","Dublin Airport","Hours","85.6"
"Sunshine Duration","1976 November","Mullingar","Hours","66.4"
"Sunshine Duration","1976 November","Cork Airport","Hours","80.6"
"Sunshine Duration","1976 November","Casement","Hours","85.3"
"Sunshine Duration","1976 November","Phoenix Park","Hours",""
"Sunshine Duration","1976 November","Roches Point","Hours",""
"Sunshine Duration","1976 November","Markree","Hours",""
"Sunshine Duration","1976 December","Malin Head","Hours","29.8"
"Sunshine Duration","1976 December","Claremorris","Hours","30.4"
"Sunshine Duration","1976 December","Valentia Observatory","Hours","46.8"
"Sunshine Duration","1976 December","Belmullet","Hours","44.5"
"Sunshine Duration","1976 December","Shannon Airport","Hours","40.9"
"Sunshine Duration","1976 December","Dublin Airport","Hours","36.8"
"Sunshine Duration","1976 December","Mullingar","Hours","34.2"
"Sunshine Duration","1976 December","Cork Airport","Hours","61.8"
"Sunshine Duration","1976 December","Casement","Hours","36.9"
"Sunshine Duration","1976 December","Phoenix Park","Hours",""
"Sunshine Duration","1976 December","Roches Point","Hours",""
"Sunshine Duration","1976 December","Markree","Hours",""
"Sunshine Duration","1977 January","Malin Head","Hours","43.7"
"Sunshine Duration","1977 January","Claremorris","Hours","50"
"Sunshine Duration","1977 January","Valentia Observatory","Hours","43.6"
"Sunshine Duration","1977 January","Belmullet","Hours","56.1"
"Sunshine Duration","1977 January","Shannon Airport","Hours","52"
"Sunshine Duration","1977 January","Dublin Airport","Hours","53.7"
"Sunshine Duration","1977 January","Mullingar","Hours","46"
"Sunshine Duration","1977 January","Cork Airport","Hours","51.5"
"Sunshine Duration","1977 January","Casement","Hours","36.7"
"Sunshine Duration","1977 January","Phoenix Park","Hours",""
"Sunshine Duration","1977 January","Roches Point","Hours",""
"Sunshine Duration","1977 January","Markree","Hours",""
"Sunshine Duration","1977 February","Malin Head","Hours","54.7"
"Sunshine Duration","1977 February","Claremorris","Hours","48.6"
"Sunshine Duration","1977 February","Valentia Observatory","Hours","50.2"
"Sunshine Duration","1977 February","Belmullet","Hours","69.4"
"Sunshine Duration","1977 February","Shannon Airport","Hours","41.8"
"Sunshine Duration","1977 February","Dublin Airport","Hours","48"
"Sunshine Duration","1977 February","Mullingar","Hours","43.6"
"Sunshine Duration","1977 February","Cork Airport","Hours","50.2"
"Sunshine Duration","1977 February","Casement","Hours","48"
"Sunshine Duration","1977 February","Phoenix Park","Hours",""
"Sunshine Duration","1977 February","Roches Point","Hours",""
"Sunshine Duration","1977 February","Markree","Hours",""
"Sunshine Duration","1977 March","Malin Head","Hours","74"
"Sunshine Duration","1977 March","Claremorris","Hours","85.3"
"Sunshine Duration","1977 March","Valentia Observatory","Hours","78.1"
"Sunshine Duration","1977 March","Belmullet","Hours","81.7"
"Sunshine Duration","1977 March","Shannon Airport","Hours","87.1"
"Sunshine Duration","1977 March","Dublin Airport","Hours","71.4"
"Sunshine Duration","1977 March","Mullingar","Hours","91.5"
"Sunshine Duration","1977 March","Cork Airport","Hours","88.1"
"Sunshine Duration","1977 March","Casement","Hours","71.1"
"Sunshine Duration","1977 March","Phoenix Park","Hours",""
"Sunshine Duration","1977 March","Roches Point","Hours",""
"Sunshine Duration","1977 March","Markree","Hours",""
"Sunshine Duration","1977 April","Malin Head","Hours","125.1"
"Sunshine Duration","1977 April","Claremorris","Hours","113.5"
"Sunshine Duration","1977 April","Valentia Observatory","Hours","128.7"
"Sunshine Duration","1977 April","Belmullet","Hours","131.5"
"Sunshine Duration","1977 April","Shannon Airport","Hours","136.5"
"Sunshine Duration","1977 April","Dublin Airport","Hours","160.8"
"Sunshine Duration","1977 April","Mullingar","Hours","134.2"
"Sunshine Duration","1977 April","Cork Airport","Hours","148.6"
"Sunshine Duration","1977 April","Casement","Hours","135.8"
"Sunshine Duration","1977 April","Phoenix Park","Hours",""
"Sunshine Duration","1977 April","Roches Point","Hours",""
"Sunshine Duration","1977 April","Markree","Hours",""
"Sunshine Duration","1977 May","Malin Head","Hours","257.4"
"Sunshine Duration","1977 May","Claremorris","Hours","228.8"
"Sunshine Duration","1977 May","Valentia Observatory","Hours","194.6"
"Sunshine Duration","1977 May","Belmullet","Hours","255.9"
"Sunshine Duration","1977 May","Shannon Airport","Hours","199.4"
"Sunshine Duration","1977 May","Dublin Airport","Hours","252.6"
"Sunshine Duration","1977 May","Mullingar","Hours","238.9"
"Sunshine Duration","1977 May","Cork Airport","Hours","203.2"
"Sunshine Duration","1977 May","Casement","Hours","240.5"
"Sunshine Duration","1977 May","Phoenix Park","Hours",""
"Sunshine Duration","1977 May","Roches Point","Hours",""
"Sunshine Duration","1977 May","Markree","Hours",""
"Sunshine Duration","1977 June","Malin Head","Hours","218.5"
"Sunshine Duration","1977 June","Claremorris","Hours","183.7"
"Sunshine Duration","1977 June","Valentia Observatory","Hours","185.4"
"Sunshine Duration","1977 June","Belmullet","Hours","207.2"
"Sunshine Duration","1977 June","Shannon Airport","Hours","172.9"
"Sunshine Duration","1977 June","Dublin Airport","Hours","188.8"
"Sunshine Duration","1977 June","Mullingar","Hours","179.5"
"Sunshine Duration","1977 June","Cork Airport","Hours","173.1"
"Sunshine Duration","1977 June","Casement","Hours","172.2"
"Sunshine Duration","1977 June","Phoenix Park","Hours",""
"Sunshine Duration","1977 June","Roches Point","Hours",""
"Sunshine Duration","1977 June","Markree","Hours",""
"Sunshine Duration","1977 July","Malin Head","Hours","154.2"
"Sunshine Duration","1977 July","Claremorris","Hours","157.9"
"Sunshine Duration","1977 July","Valentia Observatory","Hours","140.9"
"Sunshine Duration","1977 July","Belmullet","Hours","131.8"
"Sunshine Duration","1977 July","Shannon Airport","Hours","158.8"
"Sunshine Duration","1977 July","Dublin Airport","Hours","189.8"
"Sunshine Duration","1977 July","Mullingar","Hours","196.2"
"Sunshine Duration","1977 July","Cork Airport","Hours","177.8"
"Sunshine Duration","1977 July","Casement","Hours","188.1"
"Sunshine Duration","1977 July","Phoenix Park","Hours",""
"Sunshine Duration","1977 July","Roches Point","Hours",""
"Sunshine Duration","1977 July","Markree","Hours",""
"Sunshine Duration","1977 August","Malin Head","Hours","206.1"
"Sunshine Duration","1977 August","Claremorris","Hours","149.5"
"Sunshine Duration","1977 August","Valentia Observatory","Hours","175.6"
"Sunshine Duration","1977 August","Belmullet","Hours","172.1"
"Sunshine Duration","1977 August","Shannon Airport","Hours","156.8"
"Sunshine Duration","1977 August","Dublin Airport","Hours","181.7"
"Sunshine Duration","1977 August","Mullingar","Hours","167.2"
"Sunshine Duration","1977 August","Cork Airport","Hours","174.7"
"Sunshine Duration","1977 August","Casement","Hours","163.5"
"Sunshine Duration","1977 August","Phoenix Park","Hours",""
"Sunshine Duration","1977 August","Roches Point","Hours",""
"Sunshine Duration","1977 August","Markree","Hours",""
"Sunshine Duration","1977 September","Malin Head","Hours","95.5"
"Sunshine Duration","1977 September","Claremorris","Hours","89.7"
"Sunshine Duration","1977 September","Valentia Observatory","Hours","121.9"
"Sunshine Duration","1977 September","Belmullet","Hours","117.7"
"Sunshine Duration","1977 September","Shannon Airport","Hours","119.4"
"Sunshine Duration","1977 September","Dublin Airport","Hours","95.8"
"Sunshine Duration","1977 September","Mullingar","Hours","92.5"
"Sunshine Duration","1977 September","Cork Airport","Hours","124.3"
"Sunshine Duration","1977 September","Casement","Hours","101.2"
"Sunshine Duration","1977 September","Phoenix Park","Hours",""
"Sunshine Duration","1977 September","Roches Point","Hours",""
"Sunshine Duration","1977 September","Markree","Hours",""
"Sunshine Duration","1977 October","Malin Head","Hours","53.2"
"Sunshine Duration","1977 October","Claremorris","Hours","50.4"
"Sunshine Duration","1977 October","Valentia Observatory","Hours","58"
"Sunshine Duration","1977 October","Belmullet","Hours","49.4"
"Sunshine Duration","1977 October","Shannon Airport","Hours","52.9"
"Sunshine Duration","1977 October","Dublin Airport","Hours","88.5"
"Sunshine Duration","1977 October","Mullingar","Hours","66.8"
"Sunshine Duration","1977 October","Cork Airport","Hours","58.6"
"Sunshine Duration","1977 October","Casement","Hours","96.3"
"Sunshine Duration","1977 October","Phoenix Park","Hours",""
"Sunshine Duration","1977 October","Roches Point","Hours",""
"Sunshine Duration","1977 October","Markree","Hours",""
"Sunshine Duration","1977 November","Malin Head","Hours","62.6"
"Sunshine Duration","1977 November","Claremorris","Hours","39.5"
"Sunshine Duration","1977 November","Valentia Observatory","Hours","36.8"
"Sunshine Duration","1977 November","Belmullet","Hours","55.6"
"Sunshine Duration","1977 November","Shannon Airport","Hours","48.2"
"Sunshine Duration","1977 November","Dublin Airport","Hours","71.3"
"Sunshine Duration","1977 November","Mullingar","Hours","63.1"
"Sunshine Duration","1977 November","Cork Airport","Hours","61.8"
"Sunshine Duration","1977 November","Casement","Hours","62.4"
"Sunshine Duration","1977 November","Phoenix Park","Hours",""
"Sunshine Duration","1977 November","Roches Point","Hours",""
"Sunshine Duration","1977 November","Markree","Hours",""
"Sunshine Duration","1977 December","Malin Head","Hours","31"
"Sunshine Duration","1977 December","Claremorris","Hours","12.8"
"Sunshine Duration","1977 December","Valentia Observatory","Hours","16.8"
"Sunshine Duration","1977 December","Belmullet","Hours","20.4"
"Sunshine Duration","1977 December","Shannon Airport","Hours","22.9"
"Sunshine Duration","1977 December","Dublin Airport","Hours","36.1"
"Sunshine Duration","1977 December","Mullingar","Hours","20.7"
"Sunshine Duration","1977 December","Cork Airport","Hours","19.8"
"Sunshine Duration","1977 December","Casement","Hours","29.2"
"Sunshine Duration","1977 December","Phoenix Park","Hours",""
"Sunshine Duration","1977 December","Roches Point","Hours",""
"Sunshine Duration","1977 December","Markree","Hours",""
"Sunshine Duration","1978 January","Malin Head","Hours","38.3"
"Sunshine Duration","1978 January","Claremorris","Hours","59.1"
"Sunshine Duration","1978 January","Valentia Observatory","Hours","45.9"
"Sunshine Duration","1978 January","Belmullet","Hours","39.7"
"Sunshine Duration","1978 January","Shannon Airport","Hours","62.9"
"Sunshine Duration","1978 January","Dublin Airport","Hours","73.5"
"Sunshine Duration","1978 January","Mullingar","Hours","78.3"
"Sunshine Duration","1978 January","Cork Airport","Hours","80.8"
"Sunshine Duration","1978 January","Casement","Hours","68.1"
"Sunshine Duration","1978 January","Phoenix Park","Hours",""
"Sunshine Duration","1978 January","Roches Point","Hours",""
"Sunshine Duration","1978 January","Markree","Hours",""
"Sunshine Duration","1978 February","Malin Head","Hours","71.9"
"Sunshine Duration","1978 February","Claremorris","Hours","59.6"
"Sunshine Duration","1978 February","Valentia Observatory","Hours","60.6"
"Sunshine Duration","1978 February","Belmullet","Hours","71.7"
"Sunshine Duration","1978 February","Shannon Airport","Hours","71"
"Sunshine Duration","1978 February","Dublin Airport","Hours","60.1"
"Sunshine Duration","1978 February","Mullingar","Hours","56.3"
"Sunshine Duration","1978 February","Cork Airport","Hours","58"
"Sunshine Duration","1978 February","Casement","Hours","60.8"
"Sunshine Duration","1978 February","Phoenix Park","Hours",""
"Sunshine Duration","1978 February","Roches Point","Hours",""
"Sunshine Duration","1978 February","Markree","Hours",""
"Sunshine Duration","1978 March","Malin Head","Hours","79.7"
"Sunshine Duration","1978 March","Claremorris","Hours","75.3"
"Sunshine Duration","1978 March","Valentia Observatory","Hours","89"
"Sunshine Duration","1978 March","Belmullet","Hours","84"
"Sunshine Duration","1978 March","Shannon Airport","Hours","97.2"
"Sunshine Duration","1978 March","Dublin Airport","Hours","128.1"
"Sunshine Duration","1978 March","Mullingar","Hours","94.3"
"Sunshine Duration","1978 March","Cork Airport","Hours","105.2"
"Sunshine Duration","1978 March","Casement","Hours","105.8"
"Sunshine Duration","1978 March","Phoenix Park","Hours",""
"Sunshine Duration","1978 March","Roches Point","Hours",""
"Sunshine Duration","1978 March","Markree","Hours",""
"Sunshine Duration","1978 April","Malin Head","Hours","107.3"
"Sunshine Duration","1978 April","Claremorris","Hours","120.4"
"Sunshine Duration","1978 April","Valentia Observatory","Hours","140.9"
"Sunshine Duration","1978 April","Belmullet","Hours","155.5"
"Sunshine Duration","1978 April","Shannon Airport","Hours","115.5"
"Sunshine Duration","1978 April","Dublin Airport","Hours","137.5"
"Sunshine Duration","1978 April","Mullingar","Hours","129.9"
"Sunshine Duration","1978 April","Cork Airport","Hours","128.9"
"Sunshine Duration","1978 April","Casement","Hours","131.2"
"Sunshine Duration","1978 April","Phoenix Park","Hours",""
"Sunshine Duration","1978 April","Roches Point","Hours",""
"Sunshine Duration","1978 April","Markree","Hours",""
"Sunshine Duration","1978 May","Malin Head","Hours","212.2"
"Sunshine Duration","1978 May","Claremorris","Hours","155.3"
"Sunshine Duration","1978 May","Valentia Observatory","Hours","174.1"
"Sunshine Duration","1978 May","Belmullet","Hours","189.8"
"Sunshine Duration","1978 May","Shannon Airport","Hours","164.9"
"Sunshine Duration","1978 May","Dublin Airport","Hours","190.1"
"Sunshine Duration","1978 May","Mullingar","Hours","176.1"
"Sunshine Duration","1978 May","Cork Airport","Hours","209.8"
"Sunshine Duration","1978 May","Casement","Hours","175.5"
"Sunshine Duration","1978 May","Phoenix Park","Hours",""
"Sunshine Duration","1978 May","Roches Point","Hours",""
"Sunshine Duration","1978 May","Markree","Hours",""
"Sunshine Duration","1978 June","Malin Head","Hours","134.8"
"Sunshine Duration","1978 June","Claremorris","Hours","110"
"Sunshine Duration","1978 June","Valentia Observatory","Hours","167.2"
"Sunshine Duration","1978 June","Belmullet","Hours","130.5"
"Sunshine Duration","1978 June","Shannon Airport","Hours","142.9"
"Sunshine Duration","1978 June","Dublin Airport","Hours","126.6"
"Sunshine Duration","1978 June","Mullingar","Hours","135.5"
"Sunshine Duration","1978 June","Cork Airport","Hours","160.2"
"Sunshine Duration","1978 June","Casement","Hours","130.5"
"Sunshine Duration","1978 June","Phoenix Park","Hours",""
"Sunshine Duration","1978 June","Roches Point","Hours",""
"Sunshine Duration","1978 June","Markree","Hours",""
"Sunshine Duration","1978 July","Malin Head","Hours","105.2"
"Sunshine Duration","1978 July","Claremorris","Hours","98.3"
"Sunshine Duration","1978 July","Valentia Observatory","Hours","102.7"
"Sunshine Duration","1978 July","Belmullet","Hours","113.4"
"Sunshine Duration","1978 July","Shannon Airport","Hours","89.9"
"Sunshine Duration","1978 July","Dublin Airport","Hours","134.7"
"Sunshine Duration","1978 July","Mullingar","Hours","110.8"
"Sunshine Duration","1978 July","Cork Airport","Hours","126.3"
"Sunshine Duration","1978 July","Casement","Hours","125.2"
"Sunshine Duration","1978 July","Phoenix Park","Hours",""
"Sunshine Duration","1978 July","Roches Point","Hours",""
"Sunshine Duration","1978 July","Markree","Hours",""
"Sunshine Duration","1978 August","Malin Head","Hours","81.6"
"Sunshine Duration","1978 August","Claremorris","Hours","112.2"
"Sunshine Duration","1978 August","Valentia Observatory","Hours","147.2"
"Sunshine Duration","1978 August","Belmullet","Hours","110.9"
"Sunshine Duration","1978 August","Shannon Airport","Hours","106.5"
"Sunshine Duration","1978 August","Dublin Airport","Hours","110.2"
"Sunshine Duration","1978 August","Mullingar","Hours","96.3"
"Sunshine Duration","1978 August","Cork Airport","Hours","138.3"
"Sunshine Duration","1978 August","Casement","Hours","92.1"
"Sunshine Duration","1978 August","Phoenix Park","Hours",""
"Sunshine Duration","1978 August","Roches Point","Hours",""
"Sunshine Duration","1978 August","Markree","Hours",""
"Sunshine Duration","1978 September","Malin Head","Hours","80.1"
"Sunshine Duration","1978 September","Claremorris","Hours","65.7"
"Sunshine Duration","1978 September","Valentia Observatory","Hours","111.4"
"Sunshine Duration","1978 September","Belmullet","Hours","78.9"
"Sunshine Duration","1978 September","Shannon Airport","Hours","103.3"
"Sunshine Duration","1978 September","Dublin Airport","Hours","115"
"Sunshine Duration","1978 September","Mullingar","Hours","85.9"
"Sunshine Duration","1978 September","Cork Airport","Hours","125.1"
"Sunshine Duration","1978 September","Casement","Hours","109"
"Sunshine Duration","1978 September","Phoenix Park","Hours",""
"Sunshine Duration","1978 September","Roches Point","Hours",""
"Sunshine Duration","1978 September","Markree","Hours",""
"Sunshine Duration","1978 October","Malin Head","Hours","66.6"
"Sunshine Duration","1978 October","Claremorris","Hours","63.1"
"Sunshine Duration","1978 October","Valentia Observatory","Hours","71"
"Sunshine Duration","1978 October","Belmullet","Hours","51.2"
"Sunshine Duration","1978 October","Shannon Airport","Hours","81"
"Sunshine Duration","1978 October","Dublin Airport","Hours","105.9"
"Sunshine Duration","1978 October","Mullingar","Hours","91.2"
"Sunshine Duration","1978 October","Cork Airport","Hours","76.7"
"Sunshine Duration","1978 October","Casement","Hours","87.9"
"Sunshine Duration","1978 October","Phoenix Park","Hours",""
"Sunshine Duration","1978 October","Roches Point","Hours",""
"Sunshine Duration","1978 October","Markree","Hours",""
"Sunshine Duration","1978 November","Malin Head","Hours","46.4"
"Sunshine Duration","1978 November","Claremorris","Hours","36.8"
"Sunshine Duration","1978 November","Valentia Observatory","Hours","31.6"
"Sunshine Duration","1978 November","Belmullet","Hours","35.3"
"Sunshine Duration","1978 November","Shannon Airport","Hours","40.4"
"Sunshine Duration","1978 November","Dublin Airport","Hours","68.2"
"Sunshine Duration","1978 November","Mullingar","Hours","55.7"
"Sunshine Duration","1978 November","Cork Airport","Hours","53.9"
"Sunshine Duration","1978 November","Casement","Hours","66.6"
"Sunshine Duration","1978 November","Phoenix Park","Hours",""
"Sunshine Duration","1978 November","Roches Point","Hours",""
"Sunshine Duration","1978 November","Markree","Hours",""
"Sunshine Duration","1978 December","Malin Head","Hours","32.7"
"Sunshine Duration","1978 December","Claremorris","Hours","37.3"
"Sunshine Duration","1978 December","Valentia Observatory","Hours","48.9"
"Sunshine Duration","1978 December","Belmullet","Hours","30.5"
"Sunshine Duration","1978 December","Shannon Airport","Hours","55"
"Sunshine Duration","1978 December","Dublin Airport","Hours","43.5"
"Sunshine Duration","1978 December","Mullingar","Hours","53.3"
"Sunshine Duration","1978 December","Cork Airport","Hours","59.4"
"Sunshine Duration","1978 December","Casement","Hours","47.7"
"Sunshine Duration","1978 December","Phoenix Park","Hours",""
"Sunshine Duration","1978 December","Roches Point","Hours",""
"Sunshine Duration","1978 December","Markree","Hours",""
"Sunshine Duration","1979 January","Malin Head","Hours","44.9"
"Sunshine Duration","1979 January","Claremorris","Hours","60.6"
"Sunshine Duration","1979 January","Valentia Observatory","Hours","47.2"
"Sunshine Duration","1979 January","Belmullet","Hours","54.2"
"Sunshine Duration","1979 January","Shannon Airport","Hours","63"
"Sunshine Duration","1979 January","Dublin Airport","Hours","77.9"
"Sunshine Duration","1979 January","Mullingar","Hours","70.5"
"Sunshine Duration","1979 January","Cork Airport","Hours","76.3"
"Sunshine Duration","1979 January","Casement","Hours","77.1"
"Sunshine Duration","1979 January","Phoenix Park","Hours",""
"Sunshine Duration","1979 January","Roches Point","Hours",""
"Sunshine Duration","1979 January","Markree","Hours",""
"Sunshine Duration","1979 February","Malin Head","Hours","66.3"
"Sunshine Duration","1979 February","Claremorris","Hours","44.8"
"Sunshine Duration","1979 February","Valentia Observatory","Hours","49.1"
"Sunshine Duration","1979 February","Belmullet","Hours","57.9"
"Sunshine Duration","1979 February","Shannon Airport","Hours","51.7"
"Sunshine Duration","1979 February","Dublin Airport","Hours","63"
"Sunshine Duration","1979 February","Mullingar","Hours","67.8"
"Sunshine Duration","1979 February","Cork Airport","Hours","55.4"
"Sunshine Duration","1979 February","Casement","Hours","64"
"Sunshine Duration","1979 February","Phoenix Park","Hours",""
"Sunshine Duration","1979 February","Roches Point","Hours",""
"Sunshine Duration","1979 February","Markree","Hours",""
"Sunshine Duration","1979 March","Malin Head","Hours","110.9"
"Sunshine Duration","1979 March","Claremorris","Hours","93.5"
"Sunshine Duration","1979 March","Valentia Observatory","Hours","87.6"
"Sunshine Duration","1979 March","Belmullet","Hours","112.5"
"Sunshine Duration","1979 March","Shannon Airport","Hours","103.6"
"Sunshine Duration","1979 March","Dublin Airport","Hours","100.4"
"Sunshine Duration","1979 March","Mullingar","Hours","106.7"
"Sunshine Duration","1979 March","Cork Airport","Hours","111.1"
"Sunshine Duration","1979 March","Casement","Hours","85"
"Sunshine Duration","1979 March","Phoenix Park","Hours",""
"Sunshine Duration","1979 March","Roches Point","Hours",""
"Sunshine Duration","1979 March","Markree","Hours",""
"Sunshine Duration","1979 April","Malin Head","Hours","127.1"
"Sunshine Duration","1979 April","Claremorris","Hours","110.4"
"Sunshine Duration","1979 April","Valentia Observatory","Hours","125.4"
"Sunshine Duration","1979 April","Belmullet","Hours","132.5"
"Sunshine Duration","1979 April","Shannon Airport","Hours","119.9"
"Sunshine Duration","1979 April","Dublin Airport","Hours","128.5"
"Sunshine Duration","1979 April","Mullingar","Hours","126.2"
"Sunshine Duration","1979 April","Cork Airport","Hours","139.3"
"Sunshine Duration","1979 April","Casement","Hours","107.3"
"Sunshine Duration","1979 April","Phoenix Park","Hours",""
"Sunshine Duration","1979 April","Roches Point","Hours",""
"Sunshine Duration","1979 April","Markree","Hours",""
"Sunshine Duration","1979 May","Malin Head","Hours","192.2"
"Sunshine Duration","1979 May","Claremorris","Hours","133.6"
"Sunshine Duration","1979 May","Valentia Observatory","Hours","178"
"Sunshine Duration","1979 May","Belmullet","Hours","188.5"
"Sunshine Duration","1979 May","Shannon Airport","Hours","159.5"
"Sunshine Duration","1979 May","Dublin Airport","Hours","167.6"
"Sunshine Duration","1979 May","Mullingar","Hours","164.8"
"Sunshine Duration","1979 May","Cork Airport","Hours","153.6"
"Sunshine Duration","1979 May","Casement","Hours","158.1"
"Sunshine Duration","1979 May","Phoenix Park","Hours",""
"Sunshine Duration","1979 May","Roches Point","Hours",""
"Sunshine Duration","1979 May","Markree","Hours",""
"Sunshine Duration","1979 June","Malin Head","Hours","150.4"
"Sunshine Duration","1979 June","Claremorris","Hours","117.3"
"Sunshine Duration","1979 June","Valentia Observatory","Hours","150.9"
"Sunshine Duration","1979 June","Belmullet","Hours","147"
"Sunshine Duration","1979 June","Shannon Airport","Hours","143"
"Sunshine Duration","1979 June","Dublin Airport","Hours","169.4"
"Sunshine Duration","1979 June","Mullingar","Hours","150.3"
"Sunshine Duration","1979 June","Cork Airport","Hours","130.1"
"Sunshine Duration","1979 June","Casement","Hours","150.8"
"Sunshine Duration","1979 June","Phoenix Park","Hours",""
"Sunshine Duration","1979 June","Roches Point","Hours",""
"Sunshine Duration","1979 June","Markree","Hours",""
"Sunshine Duration","1979 July","Malin Head","Hours","63.7"
"Sunshine Duration","1979 July","Claremorris","Hours","79.5"
"Sunshine Duration","1979 July","Valentia Observatory","Hours","80.9"
"Sunshine Duration","1979 July","Belmullet","Hours","61.2"
"Sunshine Duration","1979 July","Shannon Airport","Hours","95.2"
"Sunshine Duration","1979 July","Dublin Airport","Hours","150.7"
"Sunshine Duration","1979 July","Mullingar","Hours","116.3"
"Sunshine Duration","1979 July","Cork Airport","Hours","160.4"
"Sunshine Duration","1979 July","Casement","Hours","132.9"
"Sunshine Duration","1979 July","Phoenix Park","Hours",""
"Sunshine Duration","1979 July","Roches Point","Hours",""
"Sunshine Duration","1979 July","Markree","Hours",""
"Sunshine Duration","1979 August","Malin Head","Hours","131.7"
"Sunshine Duration","1979 August","Claremorris","Hours","99.3"
"Sunshine Duration","1979 August","Valentia Observatory","Hours","105.1"
"Sunshine Duration","1979 August","Belmullet","Hours","115.9"
"Sunshine Duration","1979 August","Shannon Airport","Hours","111.9"
"Sunshine Duration","1979 August","Dublin Airport","Hours","170.9"
"Sunshine Duration","1979 August","Mullingar","Hours","136.9"
"Sunshine Duration","1979 August","Cork Airport","Hours","132.2"
"Sunshine Duration","1979 August","Casement","Hours","145.1"
"Sunshine Duration","1979 August","Phoenix Park","Hours",""
"Sunshine Duration","1979 August","Roches Point","Hours",""
"Sunshine Duration","1979 August","Markree","Hours",""
"Sunshine Duration","1979 September","Malin Head","Hours","93.2"
"Sunshine Duration","1979 September","Claremorris","Hours","77.3"
"Sunshine Duration","1979 September","Valentia Observatory","Hours","91.2"
"Sunshine Duration","1979 September","Belmullet","Hours","87.4"
"Sunshine Duration","1979 September","Shannon Airport","Hours","83.1"
"Sunshine Duration","1979 September","Dublin Airport","Hours","131.2"
"Sunshine Duration","1979 September","Mullingar","Hours","105.3"
"Sunshine Duration","1979 September","Cork Airport","Hours","123.3"
"Sunshine Duration","1979 September","Casement","Hours","114.1"
"Sunshine Duration","1979 September","Phoenix Park","Hours",""
"Sunshine Duration","1979 September","Roches Point","Hours",""
"Sunshine Duration","1979 September","Markree","Hours",""
"Sunshine Duration","1979 October","Malin Head","Hours","72.3"
"Sunshine Duration","1979 October","Claremorris","Hours","103.7"
"Sunshine Duration","1979 October","Valentia Observatory","Hours","110.6"
"Sunshine Duration","1979 October","Belmullet","Hours","116.7"
"Sunshine Duration","1979 October","Shannon Airport","Hours","98.2"
"Sunshine Duration","1979 October","Dublin Airport","Hours","89.7"
"Sunshine Duration","1979 October","Mullingar","Hours","81"
"Sunshine Duration","1979 October","Cork Airport","Hours","100.1"
"Sunshine Duration","1979 October","Casement","Hours","98.8"
"Sunshine Duration","1979 October","Phoenix Park","Hours",""
"Sunshine Duration","1979 October","Roches Point","Hours",""
"Sunshine Duration","1979 October","Markree","Hours",""
"Sunshine Duration","1979 November","Malin Head","Hours","39.7"
"Sunshine Duration","1979 November","Claremorris","Hours","59"
"Sunshine Duration","1979 November","Valentia Observatory","Hours","37.7"
"Sunshine Duration","1979 November","Belmullet","Hours","45.9"
"Sunshine Duration","1979 November","Shannon Airport","Hours","55.7"
"Sunshine Duration","1979 November","Dublin Airport","Hours","84.6"
"Sunshine Duration","1979 November","Mullingar","Hours","76.4"
"Sunshine Duration","1979 November","Cork Airport","Hours","65.3"
"Sunshine Duration","1979 November","Casement","Hours","70.6"
"Sunshine Duration","1979 November","Phoenix Park","Hours",""
"Sunshine Duration","1979 November","Roches Point","Hours",""
"Sunshine Duration","1979 November","Markree","Hours",""
"Sunshine Duration","1979 December","Malin Head","Hours","29.4"
"Sunshine Duration","1979 December","Claremorris","Hours","22.8"
"Sunshine Duration","1979 December","Valentia Observatory","Hours","27.2"
"Sunshine Duration","1979 December","Belmullet","Hours","24"
"Sunshine Duration","1979 December","Shannon Airport","Hours","37.8"
"Sunshine Duration","1979 December","Dublin Airport","Hours","62.4"
"Sunshine Duration","1979 December","Mullingar","Hours","54.9"
"Sunshine Duration","1979 December","Cork Airport","Hours","53.8"
"Sunshine Duration","1979 December","Casement","Hours","54.2"
"Sunshine Duration","1979 December","Phoenix Park","Hours",""
"Sunshine Duration","1979 December","Roches Point","Hours",""
"Sunshine Duration","1979 December","Markree","Hours",""
"Sunshine Duration","1980 January","Malin Head","Hours","46.7"
"Sunshine Duration","1980 January","Claremorris","Hours","54.5"
"Sunshine Duration","1980 January","Valentia Observatory","Hours","63.1"
"Sunshine Duration","1980 January","Belmullet","Hours","41.9"
"Sunshine Duration","1980 January","Shannon Airport","Hours","68.2"
"Sunshine Duration","1980 January","Dublin Airport","Hours","64.8"
"Sunshine Duration","1980 January","Mullingar","Hours","74.6"
"Sunshine Duration","1980 January","Cork Airport","Hours","58.2"
"Sunshine Duration","1980 January","Casement","Hours","51"
"Sunshine Duration","1980 January","Phoenix Park","Hours",""
"Sunshine Duration","1980 January","Roches Point","Hours",""
"Sunshine Duration","1980 January","Markree","Hours",""
"Sunshine Duration","1980 February","Malin Head","Hours","57.2"
"Sunshine Duration","1980 February","Claremorris","Hours","42.3"
"Sunshine Duration","1980 February","Valentia Observatory","Hours","52.7"
"Sunshine Duration","1980 February","Belmullet","Hours","45.2"
"Sunshine Duration","1980 February","Shannon Airport","Hours","45.6"
"Sunshine Duration","1980 February","Dublin Airport","Hours","50.2"
"Sunshine Duration","1980 February","Mullingar","Hours","48.3"
"Sunshine Duration","1980 February","Cork Airport","Hours","50.4"
"Sunshine Duration","1980 February","Casement","Hours","47.3"
"Sunshine Duration","1980 February","Phoenix Park","Hours",""
"Sunshine Duration","1980 February","Roches Point","Hours",""
"Sunshine Duration","1980 February","Markree","Hours",""
"Sunshine Duration","1980 March","Malin Head","Hours","89.3"
"Sunshine Duration","1980 March","Claremorris","Hours","98.8"
"Sunshine Duration","1980 March","Valentia Observatory","Hours","82.7"
"Sunshine Duration","1980 March","Belmullet","Hours","99.4"
"Sunshine Duration","1980 March","Shannon Airport","Hours","92.5"
"Sunshine Duration","1980 March","Dublin Airport","Hours","109.9"
"Sunshine Duration","1980 March","Mullingar","Hours","103.3"
"Sunshine Duration","1980 March","Cork Airport","Hours","97.5"
"Sunshine Duration","1980 March","Casement","Hours","88.5"
"Sunshine Duration","1980 March","Phoenix Park","Hours",""
"Sunshine Duration","1980 March","Roches Point","Hours",""
"Sunshine Duration","1980 March","Markree","Hours",""
"Sunshine Duration","1980 April","Malin Head","Hours","125"
"Sunshine Duration","1980 April","Claremorris","Hours","131"
"Sunshine Duration","1980 April","Valentia Observatory","Hours","168.3"
"Sunshine Duration","1980 April","Belmullet","Hours","177.2"
"Sunshine Duration","1980 April","Shannon Airport","Hours","133.4"
"Sunshine Duration","1980 April","Dublin Airport","Hours","158"
"Sunshine Duration","1980 April","Mullingar","Hours","147.7"
"Sunshine Duration","1980 April","Cork Airport","Hours","141.8"
"Sunshine Duration","1980 April","Casement","Hours","135.1"
"Sunshine Duration","1980 April","Phoenix Park","Hours",""
"Sunshine Duration","1980 April","Roches Point","Hours",""
"Sunshine Duration","1980 April","Markree","Hours",""
"Sunshine Duration","1980 May","Malin Head","Hours","227"
"Sunshine Duration","1980 May","Claremorris","Hours","181"
"Sunshine Duration","1980 May","Valentia Observatory","Hours","185.8"
"Sunshine Duration","1980 May","Belmullet","Hours","214.6"
"Sunshine Duration","1980 May","Shannon Airport","Hours","195.5"
"Sunshine Duration","1980 May","Dublin Airport","Hours","223.9"
"Sunshine Duration","1980 May","Mullingar","Hours","190.8"
"Sunshine Duration","1980 May","Cork Airport","Hours","179.5"
"Sunshine Duration","1980 May","Casement","Hours","200.6"
"Sunshine Duration","1980 May","Phoenix Park","Hours",""
"Sunshine Duration","1980 May","Roches Point","Hours",""
"Sunshine Duration","1980 May","Markree","Hours",""
"Sunshine Duration","1980 June","Malin Head","Hours","146.3"
"Sunshine Duration","1980 June","Claremorris","Hours","76.1"
"Sunshine Duration","1980 June","Valentia Observatory","Hours","88.3"
"Sunshine Duration","1980 June","Belmullet","Hours","108.4"
"Sunshine Duration","1980 June","Shannon Airport","Hours","95.3"
"Sunshine Duration","1980 June","Dublin Airport","Hours","120.2"
"Sunshine Duration","1980 June","Mullingar","Hours","97"
"Sunshine Duration","1980 June","Cork Airport","Hours","114.2"
"Sunshine Duration","1980 June","Casement","Hours","101.1"
"Sunshine Duration","1980 June","Phoenix Park","Hours",""
"Sunshine Duration","1980 June","Roches Point","Hours",""
"Sunshine Duration","1980 June","Markree","Hours",""
"Sunshine Duration","1980 July","Malin Head","Hours","117.7"
"Sunshine Duration","1980 July","Claremorris","Hours","78.4"
"Sunshine Duration","1980 July","Valentia Observatory","Hours","110.6"
"Sunshine Duration","1980 July","Belmullet","Hours","109.8"
"Sunshine Duration","1980 July","Shannon Airport","Hours","96.1"
"Sunshine Duration","1980 July","Dublin Airport","Hours","126"
"Sunshine Duration","1980 July","Mullingar","Hours","100.2"
"Sunshine Duration","1980 July","Cork Airport","Hours","115"
"Sunshine Duration","1980 July","Casement","Hours","110.4"
"Sunshine Duration","1980 July","Phoenix Park","Hours",""
"Sunshine Duration","1980 July","Roches Point","Hours",""
"Sunshine Duration","1980 July","Markree","Hours",""
"Sunshine Duration","1980 August","Malin Head","Hours","100.5"
"Sunshine Duration","1980 August","Claremorris","Hours","81.4"
"Sunshine Duration","1980 August","Valentia Observatory","Hours","91.7"
"Sunshine Duration","1980 August","Belmullet","Hours","104.9"
"Sunshine Duration","1980 August","Shannon Airport","Hours","79.6"
"Sunshine Duration","1980 August","Dublin Airport","Hours","142.6"
"Sunshine Duration","1980 August","Mullingar","Hours","105"
"Sunshine Duration","1980 August","Cork Airport","Hours","123.8"
"Sunshine Duration","1980 August","Casement","Hours","135.7"
"Sunshine Duration","1980 August","Phoenix Park","Hours",""
"Sunshine Duration","1980 August","Roches Point","Hours",""
"Sunshine Duration","1980 August","Markree","Hours",""
"Sunshine Duration","1980 September","Malin Head","Hours","91.8"
"Sunshine Duration","1980 September","Claremorris","Hours","84.4"
"Sunshine Duration","1980 September","Valentia Observatory","Hours","78.3"
"Sunshine Duration","1980 September","Belmullet","Hours","110.7"
"Sunshine Duration","1980 September","Shannon Airport","Hours","99.2"
"Sunshine Duration","1980 September","Dublin Airport","Hours","112.5"
"Sunshine Duration","1980 September","Mullingar","Hours","102.7"
"Sunshine Duration","1980 September","Cork Airport","Hours","109"
"Sunshine Duration","1980 September","Casement","Hours","109.5"
"Sunshine Duration","1980 September","Phoenix Park","Hours",""
"Sunshine Duration","1980 September","Roches Point","Hours",""
"Sunshine Duration","1980 September","Markree","Hours",""
"Sunshine Duration","1980 October","Malin Head","Hours","63.7"
"Sunshine Duration","1980 October","Claremorris","Hours","92.8"
"Sunshine Duration","1980 October","Valentia Observatory","Hours","91.1"
"Sunshine Duration","1980 October","Belmullet","Hours","91.9"
"Sunshine Duration","1980 October","Shannon Airport","Hours","90.3"
"Sunshine Duration","1980 October","Dublin Airport","Hours","104.2"
"Sunshine Duration","1980 October","Mullingar","Hours","101.1"
"Sunshine Duration","1980 October","Cork Airport","Hours","105.7"
"Sunshine Duration","1980 October","Casement","Hours","86.3"
"Sunshine Duration","1980 October","Phoenix Park","Hours",""
"Sunshine Duration","1980 October","Roches Point","Hours",""
"Sunshine Duration","1980 October","Markree","Hours",""
"Sunshine Duration","1980 November","Malin Head","Hours","33.6"
"Sunshine Duration","1980 November","Claremorris","Hours","45.1"
"Sunshine Duration","1980 November","Valentia Observatory","Hours","33.5"
"Sunshine Duration","1980 November","Belmullet","Hours","45"
"Sunshine Duration","1980 November","Shannon Airport","Hours","54"
"Sunshine Duration","1980 November","Dublin Airport","Hours","67.8"
"Sunshine Duration","1980 November","Mullingar","Hours","61.5"
"Sunshine Duration","1980 November","Cork Airport","Hours","48"
"Sunshine Duration","1980 November","Casement","Hours","61.1"
"Sunshine Duration","1980 November","Phoenix Park","Hours",""
"Sunshine Duration","1980 November","Roches Point","Hours",""
"Sunshine Duration","1980 November","Markree","Hours",""
"Sunshine Duration","1980 December","Malin Head","Hours","14.2"
"Sunshine Duration","1980 December","Claremorris","Hours","25.4"
"Sunshine Duration","1980 December","Valentia Observatory","Hours","25"
"Sunshine Duration","1980 December","Belmullet","Hours","24.3"
"Sunshine Duration","1980 December","Shannon Airport","Hours","38.9"
"Sunshine Duration","1980 December","Dublin Airport","Hours","48.5"
"Sunshine Duration","1980 December","Mullingar","Hours","47.6"
"Sunshine Duration","1980 December","Cork Airport","Hours","44.6"
"Sunshine Duration","1980 December","Casement","Hours","34.6"
"Sunshine Duration","1980 December","Phoenix Park","Hours",""
"Sunshine Duration","1980 December","Roches Point","Hours",""
"Sunshine Duration","1980 December","Markree","Hours",""
"Sunshine Duration","1981 January","Malin Head","Hours","14.9"
"Sunshine Duration","1981 January","Claremorris","Hours","25.2"
"Sunshine Duration","1981 January","Valentia Observatory","Hours","22.7"
"Sunshine Duration","1981 January","Belmullet","Hours","16.7"
"Sunshine Duration","1981 January","Shannon Airport","Hours","42.6"
"Sunshine Duration","1981 January","Dublin Airport","Hours","59.1"
"Sunshine Duration","1981 January","Mullingar","Hours","44"
"Sunshine Duration","1981 January","Cork Airport","Hours","43.6"
"Sunshine Duration","1981 January","Casement","Hours","50.6"
"Sunshine Duration","1981 January","Phoenix Park","Hours",""
"Sunshine Duration","1981 January","Roches Point","Hours",""
"Sunshine Duration","1981 January","Markree","Hours",""
"Sunshine Duration","1981 February","Malin Head","Hours","55.6"
"Sunshine Duration","1981 February","Claremorris","Hours","56.2"
"Sunshine Duration","1981 February","Valentia Observatory","Hours","52.4"
"Sunshine Duration","1981 February","Belmullet","Hours","68.1"
"Sunshine Duration","1981 February","Shannon Airport","Hours","54"
"Sunshine Duration","1981 February","Dublin Airport","Hours","63.7"
"Sunshine Duration","1981 February","Mullingar","Hours","55.7"
"Sunshine Duration","1981 February","Cork Airport","Hours","57.3"
"Sunshine Duration","1981 February","Casement","Hours","62.8"
"Sunshine Duration","1981 February","Phoenix Park","Hours",""
"Sunshine Duration","1981 February","Roches Point","Hours",""
"Sunshine Duration","1981 February","Markree","Hours",""
"Sunshine Duration","1981 March","Malin Head","Hours","82.5"
"Sunshine Duration","1981 March","Claremorris","Hours","58.2"
"Sunshine Duration","1981 March","Valentia Observatory","Hours","52.2"
"Sunshine Duration","1981 March","Belmullet","Hours","71.2"
"Sunshine Duration","1981 March","Shannon Airport","Hours","59"
"Sunshine Duration","1981 March","Dublin Airport","Hours","99.9"
"Sunshine Duration","1981 March","Mullingar","Hours","76.7"
"Sunshine Duration","1981 March","Cork Airport","Hours","85.8"
"Sunshine Duration","1981 March","Casement","Hours","99.1"
"Sunshine Duration","1981 March","Phoenix Park","Hours",""
"Sunshine Duration","1981 March","Roches Point","Hours",""
"Sunshine Duration","1981 March","Markree","Hours",""
"Sunshine Duration","1981 April","Malin Head","Hours","194.2"
"Sunshine Duration","1981 April","Claremorris","Hours","150.6"
"Sunshine Duration","1981 April","Valentia Observatory","Hours","137.2"
"Sunshine Duration","1981 April","Belmullet","Hours","149.9"
"Sunshine Duration","1981 April","Shannon Airport","Hours","143.1"
"Sunshine Duration","1981 April","Dublin Airport","Hours","161.8"
"Sunshine Duration","1981 April","Mullingar","Hours","168.6"
"Sunshine Duration","1981 April","Cork Airport","Hours","151.4"
"Sunshine Duration","1981 April","Casement","Hours","169.1"
"Sunshine Duration","1981 April","Phoenix Park","Hours",""
"Sunshine Duration","1981 April","Roches Point","Hours",""
"Sunshine Duration","1981 April","Markree","Hours",""
"Sunshine Duration","1981 May","Malin Head","Hours","136.4"
"Sunshine Duration","1981 May","Claremorris","Hours","120.7"
"Sunshine Duration","1981 May","Valentia Observatory","Hours","112.5"
"Sunshine Duration","1981 May","Belmullet","Hours","135.5"
"Sunshine Duration","1981 May","Shannon Airport","Hours","123.5"
"Sunshine Duration","1981 May","Dublin Airport","Hours","160.9"
"Sunshine Duration","1981 May","Mullingar","Hours","145.9"
"Sunshine Duration","1981 May","Cork Airport","Hours","146.7"
"Sunshine Duration","1981 May","Casement","Hours","154.6"
"Sunshine Duration","1981 May","Phoenix Park","Hours",""
"Sunshine Duration","1981 May","Roches Point","Hours",""
"Sunshine Duration","1981 May","Markree","Hours",""
"Sunshine Duration","1981 June","Malin Head","Hours","129.7"
"Sunshine Duration","1981 June","Claremorris","Hours","95.6"
"Sunshine Duration","1981 June","Valentia Observatory","Hours","127.8"
"Sunshine Duration","1981 June","Belmullet","Hours","98.2"
"Sunshine Duration","1981 June","Shannon Airport","Hours","111.8"
"Sunshine Duration","1981 June","Dublin Airport","Hours","137.8"
"Sunshine Duration","1981 June","Mullingar","Hours","113.9"
"Sunshine Duration","1981 June","Cork Airport","Hours","141.7"
"Sunshine Duration","1981 June","Casement","Hours","130.3"
"Sunshine Duration","1981 June","Phoenix Park","Hours",""
"Sunshine Duration","1981 June","Roches Point","Hours",""
"Sunshine Duration","1981 June","Markree","Hours",""
"Sunshine Duration","1981 July","Malin Head","Hours","98"
"Sunshine Duration","1981 July","Claremorris","Hours","90.8"
"Sunshine Duration","1981 July","Valentia Observatory","Hours","126.1"
"Sunshine Duration","1981 July","Belmullet","Hours","101.7"
"Sunshine Duration","1981 July","Shannon Airport","Hours","120.4"
"Sunshine Duration","1981 July","Dublin Airport","Hours","119.8"
"Sunshine Duration","1981 July","Mullingar","Hours","119.2"
"Sunshine Duration","1981 July","Cork Airport","Hours","164.7"
"Sunshine Duration","1981 July","Casement","Hours","104.2"
"Sunshine Duration","1981 July","Phoenix Park","Hours",""
"Sunshine Duration","1981 July","Roches Point","Hours",""
"Sunshine Duration","1981 July","Markree","Hours",""
"Sunshine Duration","1981 August","Malin Head","Hours","155.1"
"Sunshine Duration","1981 August","Claremorris","Hours","107.8"
"Sunshine Duration","1981 August","Valentia Observatory","Hours","134.5"
"Sunshine Duration","1981 August","Belmullet","Hours","106.8"
"Sunshine Duration","1981 August","Shannon Airport","Hours","131"
"Sunshine Duration","1981 August","Dublin Airport","Hours","140.7"
"Sunshine Duration","1981 August","Mullingar","Hours","122.8"
"Sunshine Duration","1981 August","Cork Airport","Hours","158.2"
"Sunshine Duration","1981 August","Casement","Hours","132.9"
"Sunshine Duration","1981 August","Phoenix Park","Hours",""
"Sunshine Duration","1981 August","Roches Point","Hours",""
"Sunshine Duration","1981 August","Markree","Hours",""
"Sunshine Duration","1981 September","Malin Head","Hours","105.7"
"Sunshine Duration","1981 September","Claremorris","Hours","85.8"
"Sunshine Duration","1981 September","Valentia Observatory","Hours","93.9"
"Sunshine Duration","1981 September","Belmullet","Hours","107.5"
"Sunshine Duration","1981 September","Shannon Airport","Hours","107.7"
"Sunshine Duration","1981 September","Dublin Airport","Hours","123.4"
"Sunshine Duration","1981 September","Mullingar","Hours","111.8"
"Sunshine Duration","1981 September","Cork Airport","Hours","105.3"
"Sunshine Duration","1981 September","Casement","Hours","117.6"
"Sunshine Duration","1981 September","Phoenix Park","Hours",""
"Sunshine Duration","1981 September","Roches Point","Hours",""
"Sunshine Duration","1981 September","Markree","Hours",""
"Sunshine Duration","1981 October","Malin Head","Hours","72.2"
"Sunshine Duration","1981 October","Claremorris","Hours","71.1"
"Sunshine Duration","1981 October","Valentia Observatory","Hours","82.9"
"Sunshine Duration","1981 October","Belmullet","Hours","82.4"
"Sunshine Duration","1981 October","Shannon Airport","Hours","88.1"
"Sunshine Duration","1981 October","Dublin Airport","Hours","115.3"
"Sunshine Duration","1981 October","Mullingar","Hours","100.4"
"Sunshine Duration","1981 October","Cork Airport","Hours","107.2"
"Sunshine Duration","1981 October","Casement","Hours","104.7"
"Sunshine Duration","1981 October","Phoenix Park","Hours",""
"Sunshine Duration","1981 October","Roches Point","Hours",""
"Sunshine Duration","1981 October","Markree","Hours",""
"Sunshine Duration","1981 November","Malin Head","Hours","30.2"
"Sunshine Duration","1981 November","Claremorris","Hours","29.3"
"Sunshine Duration","1981 November","Valentia Observatory","Hours","31.6"
"Sunshine Duration","1981 November","Belmullet","Hours","34.1"
"Sunshine Duration","1981 November","Shannon Airport","Hours","48.2"
"Sunshine Duration","1981 November","Dublin Airport","Hours","59.6"
"Sunshine Duration","1981 November","Mullingar","Hours","55"
"Sunshine Duration","1981 November","Cork Airport","Hours","39.8"
"Sunshine Duration","1981 November","Casement","Hours","52.6"
"Sunshine Duration","1981 November","Phoenix Park","Hours",""
"Sunshine Duration","1981 November","Roches Point","Hours",""
"Sunshine Duration","1981 November","Markree","Hours",""
"Sunshine Duration","1981 December","Malin Head","Hours","42.5"
"Sunshine Duration","1981 December","Claremorris","Hours","30.9"
"Sunshine Duration","1981 December","Valentia Observatory","Hours","47"
"Sunshine Duration","1981 December","Belmullet","Hours","43.5"
"Sunshine Duration","1981 December","Shannon Airport","Hours","44.6"
"Sunshine Duration","1981 December","Dublin Airport","Hours","44.6"
"Sunshine Duration","1981 December","Mullingar","Hours","52.8"
"Sunshine Duration","1981 December","Cork Airport","Hours","38.8"
"Sunshine Duration","1981 December","Casement","Hours","42.7"
"Sunshine Duration","1981 December","Phoenix Park","Hours",""
"Sunshine Duration","1981 December","Roches Point","Hours",""
"Sunshine Duration","1981 December","Markree","Hours",""
"Sunshine Duration","1982 January","Malin Head","Hours","44.9"
"Sunshine Duration","1982 January","Claremorris","Hours","41.4"
"Sunshine Duration","1982 January","Valentia Observatory","Hours","35.7"
"Sunshine Duration","1982 January","Belmullet","Hours","52"
"Sunshine Duration","1982 January","Shannon Airport","Hours","44.6"
"Sunshine Duration","1982 January","Dublin Airport","Hours","56.3"
"Sunshine Duration","1982 January","Mullingar","Hours","50.3"
"Sunshine Duration","1982 January","Cork Airport","Hours","48.8"
"Sunshine Duration","1982 January","Casement","Hours","52.1"
"Sunshine Duration","1982 January","Phoenix Park","Hours",""
"Sunshine Duration","1982 January","Roches Point","Hours",""
"Sunshine Duration","1982 January","Markree","Hours",""
"Sunshine Duration","1982 February","Malin Head","Hours","68.4"
"Sunshine Duration","1982 February","Claremorris","Hours","61.5"
"Sunshine Duration","1982 February","Valentia Observatory","Hours","59.5"
"Sunshine Duration","1982 February","Belmullet","Hours","75.8"
"Sunshine Duration","1982 February","Shannon Airport","Hours","71.8"
"Sunshine Duration","1982 February","Dublin Airport","Hours","60.3"
"Sunshine Duration","1982 February","Mullingar","Hours","60.5"
"Sunshine Duration","1982 February","Cork Airport","Hours","61.7"
"Sunshine Duration","1982 February","Casement","Hours","75.8"
"Sunshine Duration","1982 February","Phoenix Park","Hours",""
"Sunshine Duration","1982 February","Roches Point","Hours",""
"Sunshine Duration","1982 February","Markree","Hours",""
"Sunshine Duration","1982 March","Malin Head","Hours","113.6"
"Sunshine Duration","1982 March","Claremorris","Hours","96.5"
"Sunshine Duration","1982 March","Valentia Observatory","Hours","105.4"
"Sunshine Duration","1982 March","Belmullet","Hours","93.2"
"Sunshine Duration","1982 March","Shannon Airport","Hours","127.1"
"Sunshine Duration","1982 March","Dublin Airport","Hours","169.4"
"Sunshine Duration","1982 March","Mullingar","Hours","154.5"
"Sunshine Duration","1982 March","Cork Airport","Hours","139.2"
"Sunshine Duration","1982 March","Casement","Hours","146.1"
"Sunshine Duration","1982 March","Phoenix Park","Hours",""
"Sunshine Duration","1982 March","Roches Point","Hours",""
"Sunshine Duration","1982 March","Markree","Hours",""
"Sunshine Duration","1982 April","Malin Head","Hours","137.6"
"Sunshine Duration","1982 April","Claremorris","Hours","122.3"
"Sunshine Duration","1982 April","Valentia Observatory","Hours","169.8"
"Sunshine Duration","1982 April","Belmullet","Hours","149.5"
"Sunshine Duration","1982 April","Shannon Airport","Hours","163.6"
"Sunshine Duration","1982 April","Dublin Airport","Hours","177"
"Sunshine Duration","1982 April","Mullingar","Hours","154.9"
"Sunshine Duration","1982 April","Cork Airport","Hours","176.3"
"Sunshine Duration","1982 April","Casement","Hours","167.4"
"Sunshine Duration","1982 April","Phoenix Park","Hours",""
"Sunshine Duration","1982 April","Roches Point","Hours",""
"Sunshine Duration","1982 April","Markree","Hours",""
"Sunshine Duration","1982 May","Malin Head","Hours","190.1"
"Sunshine Duration","1982 May","Claremorris","Hours","147.3"
"Sunshine Duration","1982 May","Valentia Observatory","Hours","185.9"
"Sunshine Duration","1982 May","Belmullet","Hours","195.9"
"Sunshine Duration","1982 May","Shannon Airport","Hours","197.8"
"Sunshine Duration","1982 May","Dublin Airport","Hours","189.6"
"Sunshine Duration","1982 May","Mullingar","Hours","172.1"
"Sunshine Duration","1982 May","Cork Airport","Hours","172.5"
"Sunshine Duration","1982 May","Casement","Hours","181.5"
"Sunshine Duration","1982 May","Phoenix Park","Hours",""
"Sunshine Duration","1982 May","Roches Point","Hours",""
"Sunshine Duration","1982 May","Markree","Hours",""
"Sunshine Duration","1982 June","Malin Head","Hours","165"
"Sunshine Duration","1982 June","Claremorris","Hours","93.1"
"Sunshine Duration","1982 June","Valentia Observatory","Hours","136.6"
"Sunshine Duration","1982 June","Belmullet","Hours","127"
"Sunshine Duration","1982 June","Shannon Airport","Hours","131.7"
"Sunshine Duration","1982 June","Dublin Airport","Hours","174.6"
"Sunshine Duration","1982 June","Mullingar","Hours","135.3"
"Sunshine Duration","1982 June","Cork Airport","Hours","121.3"
"Sunshine Duration","1982 June","Casement","Hours","165.4"
"Sunshine Duration","1982 June","Phoenix Park","Hours",""
"Sunshine Duration","1982 June","Roches Point","Hours",""
"Sunshine Duration","1982 June","Markree","Hours",""
"Sunshine Duration","1982 July","Malin Head","Hours","185.2"
"Sunshine Duration","1982 July","Claremorris","Hours","179.9"
"Sunshine Duration","1982 July","Valentia Observatory","Hours","183.1"
"Sunshine Duration","1982 July","Belmullet","Hours","243.3"
"Sunshine Duration","1982 July","Shannon Airport","Hours","168.1"
"Sunshine Duration","1982 July","Dublin Airport","Hours","203"
"Sunshine Duration","1982 July","Mullingar","Hours","205.2"
"Sunshine Duration","1982 July","Cork Airport","Hours","158.9"
"Sunshine Duration","1982 July","Casement","Hours","196.4"
"Sunshine Duration","1982 July","Phoenix Park","Hours",""
"Sunshine Duration","1982 July","Roches Point","Hours",""
"Sunshine Duration","1982 July","Markree","Hours",""
"Sunshine Duration","1982 August","Malin Head","Hours","108.9"
"Sunshine Duration","1982 August","Claremorris","Hours","106.4"
"Sunshine Duration","1982 August","Valentia Observatory","Hours","112.8"
"Sunshine Duration","1982 August","Belmullet","Hours","119.4"
"Sunshine Duration","1982 August","Shannon Airport","Hours","131.6"
"Sunshine Duration","1982 August","Dublin Airport","Hours","162.3"
"Sunshine Duration","1982 August","Mullingar","Hours","153.4"
"Sunshine Duration","1982 August","Cork Airport","Hours","170.3"
"Sunshine Duration","1982 August","Casement","Hours","160.1"
"Sunshine Duration","1982 August","Phoenix Park","Hours",""
"Sunshine Duration","1982 August","Roches Point","Hours",""
"Sunshine Duration","1982 August","Markree","Hours",""
"Sunshine Duration","1982 September","Malin Head","Hours","83.9"
"Sunshine Duration","1982 September","Claremorris","Hours","77.9"
"Sunshine Duration","1982 September","Valentia Observatory","Hours","72.2"
"Sunshine Duration","1982 September","Belmullet","Hours","98.7"
"Sunshine Duration","1982 September","Shannon Airport","Hours","92.6"
"Sunshine Duration","1982 September","Dublin Airport","Hours","110.6"
"Sunshine Duration","1982 September","Mullingar","Hours","100.7"
"Sunshine Duration","1982 September","Cork Airport","Hours","110.8"
"Sunshine Duration","1982 September","Casement","Hours","110.3"
"Sunshine Duration","1982 September","Phoenix Park","Hours",""
"Sunshine Duration","1982 September","Roches Point","Hours",""
"Sunshine Duration","1982 September","Markree","Hours",""
"Sunshine Duration","1982 October","Malin Head","Hours","74.5"
"Sunshine Duration","1982 October","Claremorris","Hours","65.1"
"Sunshine Duration","1982 October","Valentia Observatory","Hours","68.6"
"Sunshine Duration","1982 October","Belmullet","Hours","62.8"
"Sunshine Duration","1982 October","Shannon Airport","Hours","72.6"
"Sunshine Duration","1982 October","Dublin Airport","Hours","90.8"
"Sunshine Duration","1982 October","Mullingar","Hours","82"
"Sunshine Duration","1982 October","Cork Airport","Hours","85.3"
"Sunshine Duration","1982 October","Casement","Hours","80.3"
"Sunshine Duration","1982 October","Phoenix Park","Hours",""
"Sunshine Duration","1982 October","Roches Point","Hours",""
"Sunshine Duration","1982 October","Markree","Hours",""
"Sunshine Duration","1982 November","Malin Head","Hours","35.5"
"Sunshine Duration","1982 November","Claremorris","Hours","33.4"
"Sunshine Duration","1982 November","Valentia Observatory","Hours","34.9"
"Sunshine Duration","1982 November","Belmullet","Hours","40.5"
"Sunshine Duration","1982 November","Shannon Airport","Hours","40.9"
"Sunshine Duration","1982 November","Dublin Airport","Hours","63.9"
"Sunshine Duration","1982 November","Mullingar","Hours","61.3"
"Sunshine Duration","1982 November","Cork Airport","Hours","46.4"
"Sunshine Duration","1982 November","Casement","Hours","58.1"
"Sunshine Duration","1982 November","Phoenix Park","Hours",""
"Sunshine Duration","1982 November","Roches Point","Hours",""
"Sunshine Duration","1982 November","Markree","Hours",""
"Sunshine Duration","1982 December","Malin Head","Hours","26.7"
"Sunshine Duration","1982 December","Claremorris","Hours","31.5"
"Sunshine Duration","1982 December","Valentia Observatory","Hours","25.1"
"Sunshine Duration","1982 December","Belmullet","Hours","23.5"
"Sunshine Duration","1982 December","Shannon Airport","Hours","44.2"
"Sunshine Duration","1982 December","Dublin Airport","Hours","59.4"
"Sunshine Duration","1982 December","Mullingar","Hours","53.8"
"Sunshine Duration","1982 December","Cork Airport","Hours","52.6"
"Sunshine Duration","1982 December","Casement","Hours","59.2"
"Sunshine Duration","1982 December","Phoenix Park","Hours",""
"Sunshine Duration","1982 December","Roches Point","Hours",""
"Sunshine Duration","1982 December","Markree","Hours",""
"Sunshine Duration","1983 January","Malin Head","Hours","23"
"Sunshine Duration","1983 January","Claremorris","Hours","26"
"Sunshine Duration","1983 January","Valentia Observatory","Hours","16.9"
"Sunshine Duration","1983 January","Belmullet","Hours","25.3"
"Sunshine Duration","1983 January","Shannon Airport","Hours","35.5"
"Sunshine Duration","1983 January","Dublin Airport","Hours","50.9"
"Sunshine Duration","1983 January","Mullingar","Hours","41.4"
"Sunshine Duration","1983 January","Cork Airport","Hours","34.3"
"Sunshine Duration","1983 January","Casement","Hours","37.9"
"Sunshine Duration","1983 January","Phoenix Park","Hours",""
"Sunshine Duration","1983 January","Roches Point","Hours",""
"Sunshine Duration","1983 January","Markree","Hours",""
"Sunshine Duration","1983 February","Malin Head","Hours","55"
"Sunshine Duration","1983 February","Claremorris","Hours","41.4"
"Sunshine Duration","1983 February","Valentia Observatory","Hours","42.3"
"Sunshine Duration","1983 February","Belmullet","Hours","61.2"
"Sunshine Duration","1983 February","Shannon Airport","Hours","56.6"
"Sunshine Duration","1983 February","Dublin Airport","Hours","55.1"
"Sunshine Duration","1983 February","Mullingar","Hours","69.2"
"Sunshine Duration","1983 February","Cork Airport","Hours","60.6"
"Sunshine Duration","1983 February","Casement","Hours","47.8"
"Sunshine Duration","1983 February","Phoenix Park","Hours",""
"Sunshine Duration","1983 February","Roches Point","Hours",""
"Sunshine Duration","1983 February","Markree","Hours",""
"Sunshine Duration","1983 March","Malin Head","Hours","49"
"Sunshine Duration","1983 March","Claremorris","Hours","49.7"
"Sunshine Duration","1983 March","Valentia Observatory","Hours","42.1"
"Sunshine Duration","1983 March","Belmullet","Hours","54.1"
"Sunshine Duration","1983 March","Shannon Airport","Hours","53"
"Sunshine Duration","1983 March","Dublin Airport","Hours","71.2"
"Sunshine Duration","1983 March","Mullingar","Hours","65.7"
"Sunshine Duration","1983 March","Cork Airport","Hours","60.4"
"Sunshine Duration","1983 March","Casement","Hours","58.9"
"Sunshine Duration","1983 March","Phoenix Park","Hours",""
"Sunshine Duration","1983 March","Roches Point","Hours",""
"Sunshine Duration","1983 March","Markree","Hours",""
"Sunshine Duration","1983 April","Malin Head","Hours","181.1"
"Sunshine Duration","1983 April","Claremorris","Hours","125.4"
"Sunshine Duration","1983 April","Valentia Observatory","Hours","132.4"
"Sunshine Duration","1983 April","Belmullet","Hours","166"
"Sunshine Duration","1983 April","Shannon Airport","Hours","121.8"
"Sunshine Duration","1983 April","Dublin Airport","Hours","154.8"
"Sunshine Duration","1983 April","Mullingar","Hours","126.8"
"Sunshine Duration","1983 April","Cork Airport","Hours","160.4"
"Sunshine Duration","1983 April","Casement","Hours","141.7"
"Sunshine Duration","1983 April","Phoenix Park","Hours",""
"Sunshine Duration","1983 April","Roches Point","Hours",""
"Sunshine Duration","1983 April","Markree","Hours",""
"Sunshine Duration","1983 May","Malin Head","Hours","153.7"
"Sunshine Duration","1983 May","Claremorris","Hours","95.5"
"Sunshine Duration","1983 May","Valentia Observatory","Hours","143.7"
"Sunshine Duration","1983 May","Belmullet","Hours","118.5"
"Sunshine Duration","1983 May","Shannon Airport","Hours","127.7"
"Sunshine Duration","1983 May","Dublin Airport","Hours","139.9"
"Sunshine Duration","1983 May","Mullingar","Hours","121"
"Sunshine Duration","1983 May","Cork Airport","Hours","145.5"
"Sunshine Duration","1983 May","Casement","Hours","118.7"
"Sunshine Duration","1983 May","Phoenix Park","Hours",""
"Sunshine Duration","1983 May","Roches Point","Hours",""
"Sunshine Duration","1983 May","Markree","Hours",""
"Sunshine Duration","1983 June","Malin Head","Hours","136.8"
"Sunshine Duration","1983 June","Claremorris","Hours","120.3"
"Sunshine Duration","1983 June","Valentia Observatory","Hours","149.1"
"Sunshine Duration","1983 June","Belmullet","Hours","137.8"
"Sunshine Duration","1983 June","Shannon Airport","Hours","150.2"
"Sunshine Duration","1983 June","Dublin Airport","Hours","154.6"
"Sunshine Duration","1983 June","Mullingar","Hours","124"
"Sunshine Duration","1983 June","Cork Airport","Hours","177"
"Sunshine Duration","1983 June","Casement","Hours","132.7"
"Sunshine Duration","1983 June","Phoenix Park","Hours",""
"Sunshine Duration","1983 June","Roches Point","Hours",""
"Sunshine Duration","1983 June","Markree","Hours",""
"Sunshine Duration","1983 July","Malin Head","Hours","153.7"
"Sunshine Duration","1983 July","Claremorris","Hours","148.3"
"Sunshine Duration","1983 July","Valentia Observatory","Hours","170.4"
"Sunshine Duration","1983 July","Belmullet","Hours","151.8"
"Sunshine Duration","1983 July","Shannon Airport","Hours","169.3"
"Sunshine Duration","1983 July","Dublin Airport","Hours","201.1"
"Sunshine Duration","1983 July","Mullingar","Hours","176.1"
"Sunshine Duration","1983 July","Cork Airport","Hours","204"
"Sunshine Duration","1983 July","Casement","Hours","184.5"
"Sunshine Duration","1983 July","Phoenix Park","Hours",""
"Sunshine Duration","1983 July","Roches Point","Hours",""
"Sunshine Duration","1983 July","Markree","Hours",""
"Sunshine Duration","1983 August","Malin Head","Hours","135.2"
"Sunshine Duration","1983 August","Claremorris","Hours","118.1"
"Sunshine Duration","1983 August","Valentia Observatory","Hours","170.7"
"Sunshine Duration","1983 August","Belmullet","Hours","125.7"
"Sunshine Duration","1983 August","Shannon Airport","Hours","149.6"
"Sunshine Duration","1983 August","Dublin Airport","Hours","158.6"
"Sunshine Duration","1983 August","Mullingar","Hours","141.8"
"Sunshine Duration","1983 August","Cork Airport","Hours","174.1"
"Sunshine Duration","1983 August","Casement","Hours","151.8"
"Sunshine Duration","1983 August","Phoenix Park","Hours",""
"Sunshine Duration","1983 August","Roches Point","Hours",""
"Sunshine Duration","1983 August","Markree","Hours",""
"Sunshine Duration","1983 September","Malin Head","Hours","67.8"
"Sunshine Duration","1983 September","Claremorris","Hours","63.4"
"Sunshine Duration","1983 September","Valentia Observatory","Hours","71.8"
"Sunshine Duration","1983 September","Belmullet","Hours","78.5"
"Sunshine Duration","1983 September","Shannon Airport","Hours","87.2"
"Sunshine Duration","1983 September","Dublin Airport","Hours","113.7"
"Sunshine Duration","1983 September","Mullingar","Hours","97.3"
"Sunshine Duration","1983 September","Cork Airport","Hours","103.8"
"Sunshine Duration","1983 September","Casement","Hours","103.7"
"Sunshine Duration","1983 September","Phoenix Park","Hours",""
"Sunshine Duration","1983 September","Roches Point","Hours",""
"Sunshine Duration","1983 September","Markree","Hours",""
"Sunshine Duration","1983 October","Malin Head","Hours","58"
"Sunshine Duration","1983 October","Claremorris","Hours","56.8"
"Sunshine Duration","1983 October","Valentia Observatory","Hours","57.6"
"Sunshine Duration","1983 October","Belmullet","Hours","50.6"
"Sunshine Duration","1983 October","Shannon Airport","Hours","79.3"
"Sunshine Duration","1983 October","Dublin Airport","Hours","113.8"
"Sunshine Duration","1983 October","Mullingar","Hours","90.9"
"Sunshine Duration","1983 October","Cork Airport","Hours","86.4"
"Sunshine Duration","1983 October","Casement","Hours","107.3"
"Sunshine Duration","1983 October","Phoenix Park","Hours",""
"Sunshine Duration","1983 October","Roches Point","Hours",""
"Sunshine Duration","1983 October","Markree","Hours",""
"Sunshine Duration","1983 November","Malin Head","Hours","31.4"
"Sunshine Duration","1983 November","Claremorris","Hours","30"
"Sunshine Duration","1983 November","Valentia Observatory","Hours","45.7"
"Sunshine Duration","1983 November","Belmullet","Hours","38.7"
"Sunshine Duration","1983 November","Shannon Airport","Hours","29.2"
"Sunshine Duration","1983 November","Dublin Airport","Hours","23.4"
"Sunshine Duration","1983 November","Mullingar","Hours","29.8"
"Sunshine Duration","1983 November","Cork Airport","Hours","23.9"
"Sunshine Duration","1983 November","Casement","Hours","24"
"Sunshine Duration","1983 November","Phoenix Park","Hours",""
"Sunshine Duration","1983 November","Roches Point","Hours",""
"Sunshine Duration","1983 November","Markree","Hours",""
"Sunshine Duration","1983 December","Malin Head","Hours","20.6"
"Sunshine Duration","1983 December","Claremorris","Hours","15.2"
"Sunshine Duration","1983 December","Valentia Observatory","Hours","26.5"
"Sunshine Duration","1983 December","Belmullet","Hours","22"
"Sunshine Duration","1983 December","Shannon Airport","Hours","29.3"
"Sunshine Duration","1983 December","Dublin Airport","Hours","48.3"
"Sunshine Duration","1983 December","Mullingar","Hours","34.8"
"Sunshine Duration","1983 December","Cork Airport","Hours","43.3"
"Sunshine Duration","1983 December","Casement","Hours","50.8"
"Sunshine Duration","1983 December","Phoenix Park","Hours",""
"Sunshine Duration","1983 December","Roches Point","Hours",""
"Sunshine Duration","1983 December","Markree","Hours",""
"Sunshine Duration","1984 January","Malin Head","Hours","21.2"
"Sunshine Duration","1984 January","Claremorris","Hours","39.5"
"Sunshine Duration","1984 January","Valentia Observatory","Hours","28.9"
"Sunshine Duration","1984 January","Belmullet","Hours","36.2"
"Sunshine Duration","1984 January","Shannon Airport","Hours","35.6"
"Sunshine Duration","1984 January","Dublin Airport","Hours","70.7"
"Sunshine Duration","1984 January","Mullingar","Hours","61.8"
"Sunshine Duration","1984 January","Cork Airport","Hours","61.5"
"Sunshine Duration","1984 January","Casement","Hours","52.9"
"Sunshine Duration","1984 January","Phoenix Park","Hours",""
"Sunshine Duration","1984 January","Roches Point","Hours",""
"Sunshine Duration","1984 January","Markree","Hours",""
"Sunshine Duration","1984 February","Malin Head","Hours","44.8"
"Sunshine Duration","1984 February","Claremorris","Hours","35.8"
"Sunshine Duration","1984 February","Valentia Observatory","Hours","54.6"
"Sunshine Duration","1984 February","Belmullet","Hours","50.7"
"Sunshine Duration","1984 February","Shannon Airport","Hours","50.5"
"Sunshine Duration","1984 February","Dublin Airport","Hours","59.4"
"Sunshine Duration","1984 February","Mullingar","Hours","47.9"
"Sunshine Duration","1984 February","Cork Airport","Hours","60.6"
"Sunshine Duration","1984 February","Casement","Hours","55.9"
"Sunshine Duration","1984 February","Phoenix Park","Hours",""
"Sunshine Duration","1984 February","Roches Point","Hours",""
"Sunshine Duration","1984 February","Markree","Hours",""
"Sunshine Duration","1984 March","Malin Head","Hours","90.8"
"Sunshine Duration","1984 March","Claremorris","Hours","62.5"
"Sunshine Duration","1984 March","Valentia Observatory","Hours","82.9"
"Sunshine Duration","1984 March","Belmullet","Hours","120.3"
"Sunshine Duration","1984 March","Shannon Airport","Hours","77.2"
"Sunshine Duration","1984 March","Dublin Airport","Hours","78"
"Sunshine Duration","1984 March","Mullingar","Hours","69.8"
"Sunshine Duration","1984 March","Cork Airport","Hours","73.7"
"Sunshine Duration","1984 March","Casement","Hours","58.2"
"Sunshine Duration","1984 March","Phoenix Park","Hours",""
"Sunshine Duration","1984 March","Roches Point","Hours",""
"Sunshine Duration","1984 March","Markree","Hours",""
"Sunshine Duration","1984 April","Malin Head","Hours","166.5"
"Sunshine Duration","1984 April","Claremorris","Hours","149.9"
"Sunshine Duration","1984 April","Valentia Observatory","Hours","175.4"
"Sunshine Duration","1984 April","Belmullet","Hours","179.7"
"Sunshine Duration","1984 April","Shannon Airport","Hours","167.5"
"Sunshine Duration","1984 April","Dublin Airport","Hours","173.4"
"Sunshine Duration","1984 April","Mullingar","Hours","159.2"
"Sunshine Duration","1984 April","Cork Airport","Hours","180.1"
"Sunshine Duration","1984 April","Casement","Hours","170.1"
"Sunshine Duration","1984 April","Phoenix Park","Hours",""
"Sunshine Duration","1984 April","Roches Point","Hours",""
"Sunshine Duration","1984 April","Markree","Hours",""
"Sunshine Duration","1984 May","Malin Head","Hours","249.7"
"Sunshine Duration","1984 May","Claremorris","Hours","196.9"
"Sunshine Duration","1984 May","Valentia Observatory","Hours","215.5"
"Sunshine Duration","1984 May","Belmullet","Hours","229.9"
"Sunshine Duration","1984 May","Shannon Airport","Hours","221.5"
"Sunshine Duration","1984 May","Dublin Airport","Hours","218.9"
"Sunshine Duration","1984 May","Mullingar","Hours","224.8"
"Sunshine Duration","1984 May","Cork Airport","Hours","243.5"
"Sunshine Duration","1984 May","Casement","Hours","211.5"
"Sunshine Duration","1984 May","Phoenix Park","Hours",""
"Sunshine Duration","1984 May","Roches Point","Hours",""
"Sunshine Duration","1984 May","Markree","Hours",""
"Sunshine Duration","1984 June","Malin Head","Hours","98.3"
"Sunshine Duration","1984 June","Claremorris","Hours","86.5"
"Sunshine Duration","1984 June","Valentia Observatory","Hours","117.8"
"Sunshine Duration","1984 June","Belmullet","Hours","68.9"
"Sunshine Duration","1984 June","Shannon Airport","Hours","106.6"
"Sunshine Duration","1984 June","Dublin Airport","Hours","179.1"
"Sunshine Duration","1984 June","Mullingar","Hours","144.3"
"Sunshine Duration","1984 June","Cork Airport","Hours","186.1"
"Sunshine Duration","1984 June","Casement","Hours","142.1"
"Sunshine Duration","1984 June","Phoenix Park","Hours",""
"Sunshine Duration","1984 June","Roches Point","Hours",""
"Sunshine Duration","1984 June","Markree","Hours",""
"Sunshine Duration","1984 July","Malin Head","Hours","131.8"
"Sunshine Duration","1984 July","Claremorris","Hours","151.9"
"Sunshine Duration","1984 July","Valentia Observatory","Hours","211"
"Sunshine Duration","1984 July","Belmullet","Hours","146.4"
"Sunshine Duration","1984 July","Shannon Airport","Hours","204"
"Sunshine Duration","1984 July","Dublin Airport","Hours","249.6"
"Sunshine Duration","1984 July","Mullingar","Hours","208.1"
"Sunshine Duration","1984 July","Cork Airport","Hours","230"
"Sunshine Duration","1984 July","Casement","Hours","231.1"
"Sunshine Duration","1984 July","Phoenix Park","Hours",""
"Sunshine Duration","1984 July","Roches Point","Hours",""
"Sunshine Duration","1984 July","Markree","Hours",""
"Sunshine Duration","1984 August","Malin Head","Hours","135.5"
"Sunshine Duration","1984 August","Claremorris","Hours","97.4"
"Sunshine Duration","1984 August","Valentia Observatory","Hours","132.6"
"Sunshine Duration","1984 August","Belmullet","Hours","129.7"
"Sunshine Duration","1984 August","Shannon Airport","Hours","127.2"
"Sunshine Duration","1984 August","Dublin Airport","Hours","167.1"
"Sunshine Duration","1984 August","Mullingar","Hours","133.5"
"Sunshine Duration","1984 August","Cork Airport","Hours","163.5"
"Sunshine Duration","1984 August","Casement","Hours","147.3"
"Sunshine Duration","1984 August","Phoenix Park","Hours",""
"Sunshine Duration","1984 August","Roches Point","Hours",""
"Sunshine Duration","1984 August","Markree","Hours",""
"Sunshine Duration","1984 September","Malin Head","Hours","89.8"
"Sunshine Duration","1984 September","Claremorris","Hours","70"
"Sunshine Duration","1984 September","Valentia Observatory","Hours","79.3"
"Sunshine Duration","1984 September","Belmullet","Hours","101.1"
"Sunshine Duration","1984 September","Shannon Airport","Hours","88.4"
"Sunshine Duration","1984 September","Dublin Airport","Hours","118.9"
"Sunshine Duration","1984 September","Mullingar","Hours","99.7"
"Sunshine Duration","1984 September","Cork Airport","Hours","108.5"
"Sunshine Duration","1984 September","Casement","Hours","108.5"
"Sunshine Duration","1984 September","Phoenix Park","Hours",""
"Sunshine Duration","1984 September","Roches Point","Hours",""
"Sunshine Duration","1984 September","Markree","Hours",""
"Sunshine Duration","1984 October","Malin Head","Hours","84.3"
"Sunshine Duration","1984 October","Claremorris","Hours","78.2"
"Sunshine Duration","1984 October","Valentia Observatory","Hours","74.2"
"Sunshine Duration","1984 October","Belmullet","Hours","82"
"Sunshine Duration","1984 October","Shannon Airport","Hours","94.4"
"Sunshine Duration","1984 October","Dublin Airport","Hours","108.9"
"Sunshine Duration","1984 October","Mullingar","Hours","101.6"
"Sunshine Duration","1984 October","Cork Airport","Hours","79.2"
"Sunshine Duration","1984 October","Casement","Hours","116.7"
"Sunshine Duration","1984 October","Phoenix Park","Hours",""
"Sunshine Duration","1984 October","Roches Point","Hours",""
"Sunshine Duration","1984 October","Markree","Hours",""
"Sunshine Duration","1984 November","Malin Head","Hours","52.5"
"Sunshine Duration","1984 November","Claremorris","Hours","66.6"
"Sunshine Duration","1984 November","Valentia Observatory","Hours","65.3"
"Sunshine Duration","1984 November","Belmullet","Hours","73.5"
"Sunshine Duration","1984 November","Shannon Airport","Hours","55.5"
"Sunshine Duration","1984 November","Dublin Airport","Hours","60.4"
"Sunshine Duration","1984 November","Mullingar","Hours","68.5"
"Sunshine Duration","1984 November","Cork Airport","Hours","57.1"
"Sunshine Duration","1984 November","Casement","Hours","57.1"
"Sunshine Duration","1984 November","Phoenix Park","Hours",""
"Sunshine Duration","1984 November","Roches Point","Hours",""
"Sunshine Duration","1984 November","Markree","Hours",""
"Sunshine Duration","1984 December","Malin Head","Hours","29.8"
"Sunshine Duration","1984 December","Claremorris","Hours","24.1"
"Sunshine Duration","1984 December","Valentia Observatory","Hours","24.6"
"Sunshine Duration","1984 December","Belmullet","Hours","23.5"
"Sunshine Duration","1984 December","Shannon Airport","Hours","35.6"
"Sunshine Duration","1984 December","Dublin Airport","Hours","48"
"Sunshine Duration","1984 December","Mullingar","Hours","33.8"
"Sunshine Duration","1984 December","Cork Airport","Hours","49.6"
"Sunshine Duration","1984 December","Casement","Hours","46.6"
"Sunshine Duration","1984 December","Phoenix Park","Hours",""
"Sunshine Duration","1984 December","Roches Point","Hours",""
"Sunshine Duration","1984 December","Markree","Hours",""
"Sunshine Duration","1985 January","Malin Head","Hours","60"
"Sunshine Duration","1985 January","Claremorris","Hours","88.1"
"Sunshine Duration","1985 January","Valentia Observatory","Hours","72.9"
"Sunshine Duration","1985 January","Belmullet","Hours","89.7"
"Sunshine Duration","1985 January","Shannon Airport","Hours","83.9"
"Sunshine Duration","1985 January","Dublin Airport","Hours","54.1"
"Sunshine Duration","1985 January","Mullingar","Hours","77.6"
"Sunshine Duration","1985 January","Cork Airport","Hours","60.6"
"Sunshine Duration","1985 January","Casement","Hours","50.2"
"Sunshine Duration","1985 January","Phoenix Park","Hours",""
"Sunshine Duration","1985 January","Roches Point","Hours",""
"Sunshine Duration","1985 January","Markree","Hours",""
"Sunshine Duration","1985 February","Malin Head","Hours","65.7"
"Sunshine Duration","1985 February","Claremorris","Hours","40.1"
"Sunshine Duration","1985 February","Valentia Observatory","Hours","33.4"
"Sunshine Duration","1985 February","Belmullet","Hours","65"
"Sunshine Duration","1985 February","Shannon Airport","Hours","30.4"
"Sunshine Duration","1985 February","Dublin Airport","Hours","73.3"
"Sunshine Duration","1985 February","Mullingar","Hours","63.6"
"Sunshine Duration","1985 February","Cork Airport","Hours","21.9"
"Sunshine Duration","1985 February","Casement","Hours","74"
"Sunshine Duration","1985 February","Phoenix Park","Hours",""
"Sunshine Duration","1985 February","Roches Point","Hours",""
"Sunshine Duration","1985 February","Markree","Hours",""
"Sunshine Duration","1985 March","Malin Head","Hours","80.1"
"Sunshine Duration","1985 March","Claremorris","Hours","83.7"
"Sunshine Duration","1985 March","Valentia Observatory","Hours","91.3"
"Sunshine Duration","1985 March","Belmullet","Hours","84.4"
"Sunshine Duration","1985 March","Shannon Airport","Hours","107.4"
"Sunshine Duration","1985 March","Dublin Airport","Hours","116.4"
"Sunshine Duration","1985 March","Mullingar","Hours","99.3"
"Sunshine Duration","1985 March","Cork Airport","Hours","92.9"
"Sunshine Duration","1985 March","Casement","Hours","107.3"
"Sunshine Duration","1985 March","Phoenix Park","Hours",""
"Sunshine Duration","1985 March","Roches Point","Hours",""
"Sunshine Duration","1985 March","Markree","Hours",""
"Sunshine Duration","1985 April","Malin Head","Hours","127.5"
"Sunshine Duration","1985 April","Claremorris","Hours","123.8"
"Sunshine Duration","1985 April","Valentia Observatory","Hours","148.8"
"Sunshine Duration","1985 April","Belmullet","Hours","152.1"
"Sunshine Duration","1985 April","Shannon Airport","Hours","156.2"
"Sunshine Duration","1985 April","Dublin Airport","Hours","137.3"
"Sunshine Duration","1985 April","Mullingar","Hours","124.7"
"Sunshine Duration","1985 April","Cork Airport","Hours","165.5"
"Sunshine Duration","1985 April","Casement","Hours","116"
"Sunshine Duration","1985 April","Phoenix Park","Hours",""
"Sunshine Duration","1985 April","Roches Point","Hours",""
"Sunshine Duration","1985 April","Markree","Hours",""
"Sunshine Duration","1985 May","Malin Head","Hours","174.8"
"Sunshine Duration","1985 May","Claremorris","Hours","137.1"
"Sunshine Duration","1985 May","Valentia Observatory","Hours","190"
"Sunshine Duration","1985 May","Belmullet","Hours","186.7"
"Sunshine Duration","1985 May","Shannon Airport","Hours","165.4"
"Sunshine Duration","1985 May","Dublin Airport","Hours","158.8"
"Sunshine Duration","1985 May","Mullingar","Hours","152.1"
"Sunshine Duration","1985 May","Cork Airport","Hours","167.1"
"Sunshine Duration","1985 May","Casement","Hours","142.7"
"Sunshine Duration","1985 May","Phoenix Park","Hours",""
"Sunshine Duration","1985 May","Roches Point","Hours",""
"Sunshine Duration","1985 May","Markree","Hours",""
"Sunshine Duration","1985 June","Malin Head","Hours","188"
"Sunshine Duration","1985 June","Claremorris","Hours","127.6"
"Sunshine Duration","1985 June","Valentia Observatory","Hours","135.6"
"Sunshine Duration","1985 June","Belmullet","Hours","157.8"
"Sunshine Duration","1985 June","Shannon Airport","Hours","128.2"
"Sunshine Duration","1985 June","Dublin Airport","Hours","171.5"
"Sunshine Duration","1985 June","Mullingar","Hours","168.4"
"Sunshine Duration","1985 June","Cork Airport","Hours","152.6"
"Sunshine Duration","1985 June","Casement","Hours","169.5"
"Sunshine Duration","1985 June","Phoenix Park","Hours",""
"Sunshine Duration","1985 June","Roches Point","Hours",""
"Sunshine Duration","1985 June","Markree","Hours",""
"Sunshine Duration","1985 July","Malin Head","Hours","112.6"
"Sunshine Duration","1985 July","Claremorris","Hours","82.1"
"Sunshine Duration","1985 July","Valentia Observatory","Hours","93"
"Sunshine Duration","1985 July","Belmullet","Hours","108.2"
"Sunshine Duration","1985 July","Shannon Airport","Hours","99.7"
"Sunshine Duration","1985 July","Dublin Airport","Hours","124.9"
"Sunshine Duration","1985 July","Mullingar","Hours","89.9"
"Sunshine Duration","1985 July","Cork Airport","Hours","128.5"
"Sunshine Duration","1985 July","Casement","Hours","114.1"
"Sunshine Duration","1985 July","Phoenix Park","Hours",""
"Sunshine Duration","1985 July","Roches Point","Hours",""
"Sunshine Duration","1985 July","Markree","Hours",""
"Sunshine Duration","1985 August","Malin Head","Hours","102"
"Sunshine Duration","1985 August","Claremorris","Hours","82.1"
"Sunshine Duration","1985 August","Valentia Observatory","Hours","111.5"
"Sunshine Duration","1985 August","Belmullet","Hours","118.3"
"Sunshine Duration","1985 August","Shannon Airport","Hours","116.7"
"Sunshine Duration","1985 August","Dublin Airport","Hours","141.2"
"Sunshine Duration","1985 August","Mullingar","Hours","99.4"
"Sunshine Duration","1985 August","Cork Airport","Hours","143.8"
"Sunshine Duration","1985 August","Casement","Hours","124.6"
"Sunshine Duration","1985 August","Phoenix Park","Hours",""
"Sunshine Duration","1985 August","Roches Point","Hours",""
"Sunshine Duration","1985 August","Markree","Hours",""
"Sunshine Duration","1985 September","Malin Head","Hours","82.2"
"Sunshine Duration","1985 September","Claremorris","Hours","77.4"
"Sunshine Duration","1985 September","Valentia Observatory","Hours","99.3"
"Sunshine Duration","1985 September","Belmullet","Hours","83.6"
"Sunshine Duration","1985 September","Shannon Airport","Hours","110.4"
"Sunshine Duration","1985 September","Dublin Airport","Hours","121.6"
"Sunshine Duration","1985 September","Mullingar","Hours","93.7"
"Sunshine Duration","1985 September","Cork Airport","Hours","107.1"
"Sunshine Duration","1985 September","Casement","Hours","105.6"
"Sunshine Duration","1985 September","Phoenix Park","Hours",""
"Sunshine Duration","1985 September","Roches Point","Hours",""
"Sunshine Duration","1985 September","Markree","Hours",""
"Sunshine Duration","1985 October","Malin Head","Hours","95"
"Sunshine Duration","1985 October","Claremorris","Hours","64.4"
"Sunshine Duration","1985 October","Valentia Observatory","Hours","93.9"
"Sunshine Duration","1985 October","Belmullet","Hours","82.5"
"Sunshine Duration","1985 October","Shannon Airport","Hours","80.4"
"Sunshine Duration","1985 October","Dublin Airport","Hours","74.2"
"Sunshine Duration","1985 October","Mullingar","Hours","75"
"Sunshine Duration","1985 October","Cork Airport","Hours","69.3"
"Sunshine Duration","1985 October","Casement","Hours","80.7"
"Sunshine Duration","1985 October","Phoenix Park","Hours",""
"Sunshine Duration","1985 October","Roches Point","Hours",""
"Sunshine Duration","1985 October","Markree","Hours",""
"Sunshine Duration","1985 November","Malin Head","Hours","40.4"
"Sunshine Duration","1985 November","Claremorris","Hours","73.6"
"Sunshine Duration","1985 November","Valentia Observatory","Hours","92.2"
"Sunshine Duration","1985 November","Belmullet","Hours","75"
"Sunshine Duration","1985 November","Shannon Airport","Hours","71.3"
"Sunshine Duration","1985 November","Dublin Airport","Hours","95.2"
"Sunshine Duration","1985 November","Mullingar","Hours","76.5"
"Sunshine Duration","1985 November","Cork Airport","Hours","92.7"
"Sunshine Duration","1985 November","Casement","Hours","81.2"
"Sunshine Duration","1985 November","Phoenix Park","Hours",""
"Sunshine Duration","1985 November","Roches Point","Hours",""
"Sunshine Duration","1985 November","Markree","Hours",""
"Sunshine Duration","1985 December","Malin Head","Hours","28.6"
"Sunshine Duration","1985 December","Claremorris","Hours","28.2"
"Sunshine Duration","1985 December","Valentia Observatory","Hours","39.4"
"Sunshine Duration","1985 December","Belmullet","Hours","28.7"
"Sunshine Duration","1985 December","Shannon Airport","Hours","49.1"
"Sunshine Duration","1985 December","Dublin Airport","Hours","51.9"
"Sunshine Duration","1985 December","Mullingar","Hours","48"
"Sunshine Duration","1985 December","Cork Airport","Hours","46.5"
"Sunshine Duration","1985 December","Casement","Hours","49.3"
"Sunshine Duration","1985 December","Phoenix Park","Hours",""
"Sunshine Duration","1985 December","Roches Point","Hours",""
"Sunshine Duration","1985 December","Markree","Hours",""
"Sunshine Duration","1986 January","Malin Head","Hours","19.8"
"Sunshine Duration","1986 January","Claremorris","Hours","38.4"
"Sunshine Duration","1986 January","Valentia Observatory","Hours","35.5"
"Sunshine Duration","1986 January","Belmullet","Hours","34.8"
"Sunshine Duration","1986 January","Shannon Airport","Hours","40.7"
"Sunshine Duration","1986 January","Dublin Airport","Hours","66.6"
"Sunshine Duration","1986 January","Mullingar","Hours","56"
"Sunshine Duration","1986 January","Cork Airport","Hours","62"
"Sunshine Duration","1986 January","Casement","Hours","48.3"
"Sunshine Duration","1986 January","Phoenix Park","Hours",""
"Sunshine Duration","1986 January","Roches Point","Hours",""
"Sunshine Duration","1986 January","Markree","Hours",""
"Sunshine Duration","1986 February","Malin Head","Hours","68"
"Sunshine Duration","1986 February","Claremorris","Hours","87.4"
"Sunshine Duration","1986 February","Valentia Observatory","Hours","61.1"
"Sunshine Duration","1986 February","Belmullet","Hours","102.1"
"Sunshine Duration","1986 February","Shannon Airport","Hours","80.8"
"Sunshine Duration","1986 February","Dublin Airport","Hours","65.8"
"Sunshine Duration","1986 February","Mullingar","Hours","79.4"
"Sunshine Duration","1986 February","Cork Airport","Hours","39.6"
"Sunshine Duration","1986 February","Casement","Hours","62"
"Sunshine Duration","1986 February","Phoenix Park","Hours",""
"Sunshine Duration","1986 February","Roches Point","Hours",""
"Sunshine Duration","1986 February","Markree","Hours",""
"Sunshine Duration","1986 March","Malin Head","Hours","105.1"
"Sunshine Duration","1986 March","Claremorris","Hours","97.7"
"Sunshine Duration","1986 March","Valentia Observatory","Hours","83.7"
"Sunshine Duration","1986 March","Belmullet","Hours","104.1"
"Sunshine Duration","1986 March","Shannon Airport","Hours","116"
"Sunshine Duration","1986 March","Dublin Airport","Hours","128.8"
"Sunshine Duration","1986 March","Mullingar","Hours","118.2"
"Sunshine Duration","1986 March","Cork Airport","Hours","124.6"
"Sunshine Duration","1986 March","Casement","Hours","121.4"
"Sunshine Duration","1986 March","Phoenix Park","Hours",""
"Sunshine Duration","1986 March","Roches Point","Hours",""
"Sunshine Duration","1986 March","Markree","Hours",""
"Sunshine Duration","1986 April","Malin Head","Hours","181.2"
"Sunshine Duration","1986 April","Claremorris","Hours","137.2"
"Sunshine Duration","1986 April","Valentia Observatory","Hours","185.3"
"Sunshine Duration","1986 April","Belmullet","Hours","180"
"Sunshine Duration","1986 April","Shannon Airport","Hours","167"
"Sunshine Duration","1986 April","Dublin Airport","Hours","159.5"
"Sunshine Duration","1986 April","Mullingar","Hours","166.3"
"Sunshine Duration","1986 April","Cork Airport","Hours","180.3"
"Sunshine Duration","1986 April","Casement","Hours","140.7"
"Sunshine Duration","1986 April","Phoenix Park","Hours",""
"Sunshine Duration","1986 April","Roches Point","Hours",""
"Sunshine Duration","1986 April","Markree","Hours",""
"Sunshine Duration","1986 May","Malin Head","Hours","143.4"
"Sunshine Duration","1986 May","Claremorris","Hours","112.3"
"Sunshine Duration","1986 May","Valentia Observatory","Hours","147.9"
"Sunshine Duration","1986 May","Belmullet","Hours","157.6"
"Sunshine Duration","1986 May","Shannon Airport","Hours","160.1"
"Sunshine Duration","1986 May","Dublin Airport","Hours","174.6"
"Sunshine Duration","1986 May","Mullingar","Hours","164.5"
"Sunshine Duration","1986 May","Cork Airport","Hours","156.8"
"Sunshine Duration","1986 May","Casement","Hours","176.4"
"Sunshine Duration","1986 May","Phoenix Park","Hours",""
"Sunshine Duration","1986 May","Roches Point","Hours",""
"Sunshine Duration","1986 May","Markree","Hours",""
"Sunshine Duration","1986 June","Malin Head","Hours","160.1"
"Sunshine Duration","1986 June","Claremorris","Hours","95.7"
"Sunshine Duration","1986 June","Valentia Observatory","Hours","142.7"
"Sunshine Duration","1986 June","Belmullet","Hours","126.7"
"Sunshine Duration","1986 June","Shannon Airport","Hours","114.1"
"Sunshine Duration","1986 June","Dublin Airport","Hours","176.6"
"Sunshine Duration","1986 June","Mullingar","Hours","133.3"
"Sunshine Duration","1986 June","Cork Airport","Hours","111.3"
"Sunshine Duration","1986 June","Casement","Hours","164.5"
"Sunshine Duration","1986 June","Phoenix Park","Hours",""
"Sunshine Duration","1986 June","Roches Point","Hours",""
"Sunshine Duration","1986 June","Markree","Hours",""
"Sunshine Duration","1986 July","Malin Head","Hours","94"
"Sunshine Duration","1986 July","Claremorris","Hours","60.3"
"Sunshine Duration","1986 July","Valentia Observatory","Hours","63.3"
"Sunshine Duration","1986 July","Belmullet","Hours","73.2"
"Sunshine Duration","1986 July","Shannon Airport","Hours","69.1"
"Sunshine Duration","1986 July","Dublin Airport","Hours","93.4"
"Sunshine Duration","1986 July","Mullingar","Hours","82.9"
"Sunshine Duration","1986 July","Cork Airport","Hours","110.6"
"Sunshine Duration","1986 July","Casement","Hours","84.7"
"Sunshine Duration","1986 July","Phoenix Park","Hours",""
"Sunshine Duration","1986 July","Roches Point","Hours",""
"Sunshine Duration","1986 July","Markree","Hours",""
"Sunshine Duration","1986 August","Malin Head","Hours","135.5"
"Sunshine Duration","1986 August","Claremorris","Hours","101.9"
"Sunshine Duration","1986 August","Valentia Observatory","Hours","144.3"
"Sunshine Duration","1986 August","Belmullet","Hours","158.3"
"Sunshine Duration","1986 August","Shannon Airport","Hours","157.2"
"Sunshine Duration","1986 August","Dublin Airport","Hours","140.3"
"Sunshine Duration","1986 August","Mullingar","Hours","125.7"
"Sunshine Duration","1986 August","Cork Airport","Hours","135.4"
"Sunshine Duration","1986 August","Casement","Hours","130.1"
"Sunshine Duration","1986 August","Phoenix Park","Hours",""
"Sunshine Duration","1986 August","Roches Point","Hours",""
"Sunshine Duration","1986 August","Markree","Hours",""
"Sunshine Duration","1986 September","Malin Head","Hours","157.7"
"Sunshine Duration","1986 September","Claremorris","Hours","124.5"
"Sunshine Duration","1986 September","Valentia Observatory","Hours","142.7"
"Sunshine Duration","1986 September","Belmullet","Hours","149.2"
"Sunshine Duration","1986 September","Shannon Airport","Hours","148.7"
"Sunshine Duration","1986 September","Dublin Airport","Hours","195.4"
"Sunshine Duration","1986 September","Mullingar","Hours","164.9"
"Sunshine Duration","1986 September","Cork Airport","Hours","153.2"
"Sunshine Duration","1986 September","Casement","Hours","180.7"
"Sunshine Duration","1986 September","Phoenix Park","Hours",""
"Sunshine Duration","1986 September","Roches Point","Hours",""
"Sunshine Duration","1986 September","Markree","Hours",""
"Sunshine Duration","1986 October","Malin Head","Hours","84.4"
"Sunshine Duration","1986 October","Claremorris","Hours","72.7"
"Sunshine Duration","1986 October","Valentia Observatory","Hours","77"
"Sunshine Duration","1986 October","Belmullet","Hours","91.7"
"Sunshine Duration","1986 October","Shannon Airport","Hours","91.9"
"Sunshine Duration","1986 October","Dublin Airport","Hours","129.5"
"Sunshine Duration","1986 October","Mullingar","Hours","106.8"
"Sunshine Duration","1986 October","Cork Airport","Hours","106.7"
"Sunshine Duration","1986 October","Casement","Hours","124.7"
"Sunshine Duration","1986 October","Phoenix Park","Hours",""
"Sunshine Duration","1986 October","Roches Point","Hours",""
"Sunshine Duration","1986 October","Markree","Hours",""
"Sunshine Duration","1986 November","Malin Head","Hours","42.2"
"Sunshine Duration","1986 November","Claremorris","Hours","49.8"
"Sunshine Duration","1986 November","Valentia Observatory","Hours","39.1"
"Sunshine Duration","1986 November","Belmullet","Hours","38.7"
"Sunshine Duration","1986 November","Shannon Airport","Hours","51.3"
"Sunshine Duration","1986 November","Dublin Airport","Hours","87.2"
"Sunshine Duration","1986 November","Mullingar","Hours","71.7"
"Sunshine Duration","1986 November","Cork Airport","Hours","63.8"
"Sunshine Duration","1986 November","Casement","Hours","78.1"
"Sunshine Duration","1986 November","Phoenix Park","Hours",""
"Sunshine Duration","1986 November","Roches Point","Hours",""
"Sunshine Duration","1986 November","Markree","Hours",""
"Sunshine Duration","1986 December","Malin Head","Hours","20.6"
"Sunshine Duration","1986 December","Claremorris","Hours","27.5"
"Sunshine Duration","1986 December","Valentia Observatory","Hours","33.9"
"Sunshine Duration","1986 December","Belmullet","Hours","27.2"
"Sunshine Duration","1986 December","Shannon Airport","Hours","43.1"
"Sunshine Duration","1986 December","Dublin Airport","Hours","60.5"
"Sunshine Duration","1986 December","Mullingar","Hours","50.1"
"Sunshine Duration","1986 December","Cork Airport","Hours","55.8"
"Sunshine Duration","1986 December","Casement","Hours","48.6"
"Sunshine Duration","1986 December","Phoenix Park","Hours",""
"Sunshine Duration","1986 December","Roches Point","Hours",""
"Sunshine Duration","1986 December","Markree","Hours",""
"Sunshine Duration","1987 January","Malin Head","Hours","44.7"
"Sunshine Duration","1987 January","Claremorris","Hours","41.1"
"Sunshine Duration","1987 January","Valentia Observatory","Hours","47.1"
"Sunshine Duration","1987 January","Belmullet","Hours","69.8"
"Sunshine Duration","1987 January","Shannon Airport","Hours","55.1"
"Sunshine Duration","1987 January","Dublin Airport","Hours","44.4"
"Sunshine Duration","1987 January","Mullingar","Hours","44.7"
"Sunshine Duration","1987 January","Cork Airport","Hours","30.6"
"Sunshine Duration","1987 January","Casement","Hours","42.1"
"Sunshine Duration","1987 January","Phoenix Park","Hours",""
"Sunshine Duration","1987 January","Roches Point","Hours",""
"Sunshine Duration","1987 January","Markree","Hours",""
"Sunshine Duration","1987 February","Malin Head","Hours","81.3"
"Sunshine Duration","1987 February","Claremorris","Hours","52.7"
"Sunshine Duration","1987 February","Valentia Observatory","Hours","63.8"
"Sunshine Duration","1987 February","Belmullet","Hours","64.4"
"Sunshine Duration","1987 February","Shannon Airport","Hours","59.4"
"Sunshine Duration","1987 February","Dublin Airport","Hours","68.4"
"Sunshine Duration","1987 February","Mullingar","Hours","72.2"
"Sunshine Duration","1987 February","Cork Airport","Hours","67"
"Sunshine Duration","1987 February","Casement","Hours","64.3"
"Sunshine Duration","1987 February","Phoenix Park","Hours",""
"Sunshine Duration","1987 February","Roches Point","Hours",""
"Sunshine Duration","1987 February","Markree","Hours",""
"Sunshine Duration","1987 March","Malin Head","Hours","81.9"
"Sunshine Duration","1987 March","Claremorris","Hours","69.5"
"Sunshine Duration","1987 March","Valentia Observatory","Hours","85.5"
"Sunshine Duration","1987 March","Belmullet","Hours","87.9"
"Sunshine Duration","1987 March","Shannon Airport","Hours","92.1"
"Sunshine Duration","1987 March","Dublin Airport","Hours","89.3"
"Sunshine Duration","1987 March","Mullingar","Hours","85.9"
"Sunshine Duration","1987 March","Cork Airport","Hours","102.1"
"Sunshine Duration","1987 March","Casement","Hours","91.3"
"Sunshine Duration","1987 March","Phoenix Park","Hours",""
"Sunshine Duration","1987 March","Roches Point","Hours",""
"Sunshine Duration","1987 March","Markree","Hours",""
"Sunshine Duration","1987 April","Malin Head","Hours","95.4"
"Sunshine Duration","1987 April","Claremorris","Hours","75.2"
"Sunshine Duration","1987 April","Valentia Observatory","Hours","88.7"
"Sunshine Duration","1987 April","Belmullet","Hours","79.6"
"Sunshine Duration","1987 April","Shannon Airport","Hours","96.2"
"Sunshine Duration","1987 April","Dublin Airport","Hours","115.3"
"Sunshine Duration","1987 April","Mullingar","Hours","97"
"Sunshine Duration","1987 April","Cork Airport","Hours","98.6"
"Sunshine Duration","1987 April","Casement","Hours","109.9"
"Sunshine Duration","1987 April","Phoenix Park","Hours",""
"Sunshine Duration","1987 April","Roches Point","Hours",""
"Sunshine Duration","1987 April","Markree","Hours",""
"Sunshine Duration","1987 May","Malin Head","Hours","179.3"
"Sunshine Duration","1987 May","Claremorris","Hours","124.3"
"Sunshine Duration","1987 May","Valentia Observatory","Hours","195.6"
"Sunshine Duration","1987 May","Belmullet","Hours","152.2"
"Sunshine Duration","1987 May","Shannon Airport","Hours","178.6"
"Sunshine Duration","1987 May","Dublin Airport","Hours","189.2"
"Sunshine Duration","1987 May","Mullingar","Hours","169.4"
"Sunshine Duration","1987 May","Cork Airport","Hours","202"
"Sunshine Duration","1987 May","Casement","Hours","166"
"Sunshine Duration","1987 May","Phoenix Park","Hours",""
"Sunshine Duration","1987 May","Roches Point","Hours",""
"Sunshine Duration","1987 May","Markree","Hours",""
"Sunshine Duration","1987 June","Malin Head","Hours","174.6"
"Sunshine Duration","1987 June","Claremorris","Hours","100.8"
"Sunshine Duration","1987 June","Valentia Observatory","Hours","106.3"
"Sunshine Duration","1987 June","Belmullet","Hours","146.6"
"Sunshine Duration","1987 June","Shannon Airport","Hours","100.9"
"Sunshine Duration","1987 June","Dublin Airport","Hours","104.5"
"Sunshine Duration","1987 June","Mullingar","Hours","93.5"
"Sunshine Duration","1987 June","Cork Airport","Hours","110.9"
"Sunshine Duration","1987 June","Casement","Hours","81.2"
"Sunshine Duration","1987 June","Phoenix Park","Hours",""
"Sunshine Duration","1987 June","Roches Point","Hours",""
"Sunshine Duration","1987 June","Markree","Hours",""
"Sunshine Duration","1987 July","Malin Head","Hours","85.5"
"Sunshine Duration","1987 July","Claremorris","Hours","70.2"
"Sunshine Duration","1987 July","Valentia Observatory","Hours","146.6"
"Sunshine Duration","1987 July","Belmullet","Hours","77.5"
"Sunshine Duration","1987 July","Shannon Airport","Hours","125.3"
"Sunshine Duration","1987 July","Dublin Airport","Hours","163.1"
"Sunshine Duration","1987 July","Mullingar","Hours","127.3"
"Sunshine Duration","1987 July","Cork Airport","Hours","168.1"
"Sunshine Duration","1987 July","Casement","Hours","133.6"
"Sunshine Duration","1987 July","Phoenix Park","Hours",""
"Sunshine Duration","1987 July","Roches Point","Hours",""
"Sunshine Duration","1987 July","Markree","Hours",""
"Sunshine Duration","1987 August","Malin Head","Hours","108.3"
"Sunshine Duration","1987 August","Claremorris","Hours","101.8"
"Sunshine Duration","1987 August","Valentia Observatory","Hours","152.2"
"Sunshine Duration","1987 August","Belmullet","Hours","102.1"
"Sunshine Duration","1987 August","Shannon Airport","Hours","138.6"
"Sunshine Duration","1987 August","Dublin Airport","Hours","127.9"
"Sunshine Duration","1987 August","Mullingar","Hours","113.9"
"Sunshine Duration","1987 August","Cork Airport","Hours","152.3"
"Sunshine Duration","1987 August","Casement","Hours","129.1"
"Sunshine Duration","1987 August","Phoenix Park","Hours",""
"Sunshine Duration","1987 August","Roches Point","Hours",""
"Sunshine Duration","1987 August","Markree","Hours",""
"Sunshine Duration","1987 September","Malin Head","Hours","142.8"
"Sunshine Duration","1987 September","Claremorris","Hours","103.3"
"Sunshine Duration","1987 September","Valentia Observatory","Hours","130.9"
"Sunshine Duration","1987 September","Belmullet","Hours","140.6"
"Sunshine Duration","1987 September","Shannon Airport","Hours","133.8"
"Sunshine Duration","1987 September","Dublin Airport","Hours","156.8"
"Sunshine Duration","1987 September","Mullingar","Hours","152.7"
"Sunshine Duration","1987 September","Cork Airport","Hours","148.1"
"Sunshine Duration","1987 September","Casement","Hours","151.1"
"Sunshine Duration","1987 September","Phoenix Park","Hours",""
"Sunshine Duration","1987 September","Roches Point","Hours",""
"Sunshine Duration","1987 September","Markree","Hours",""
"Sunshine Duration","1987 October","Malin Head","Hours","118.5"
"Sunshine Duration","1987 October","Claremorris","Hours","84"
"Sunshine Duration","1987 October","Valentia Observatory","Hours","92.3"
"Sunshine Duration","1987 October","Belmullet","Hours","105.8"
"Sunshine Duration","1987 October","Shannon Airport","Hours","89.1"
"Sunshine Duration","1987 October","Dublin Airport","Hours","95.7"
"Sunshine Duration","1987 October","Mullingar","Hours","103.1"
"Sunshine Duration","1987 October","Cork Airport","Hours","112.1"
"Sunshine Duration","1987 October","Casement","Hours","97.6"
"Sunshine Duration","1987 October","Phoenix Park","Hours",""
"Sunshine Duration","1987 October","Roches Point","Hours",""
"Sunshine Duration","1987 October","Markree","Hours",""
"Sunshine Duration","1987 November","Malin Head","Hours","47.5"
"Sunshine Duration","1987 November","Claremorris","Hours","43.8"
"Sunshine Duration","1987 November","Valentia Observatory","Hours","70.2"
"Sunshine Duration","1987 November","Belmullet","Hours","48.8"
"Sunshine Duration","1987 November","Shannon Airport","Hours","68"
"Sunshine Duration","1987 November","Dublin Airport","Hours","50.9"
"Sunshine Duration","1987 November","Mullingar","Hours","62.3"
"Sunshine Duration","1987 November","Cork Airport","Hours","68.7"
"Sunshine Duration","1987 November","Casement","Hours","52.7"
"Sunshine Duration","1987 November","Phoenix Park","Hours",""
"Sunshine Duration","1987 November","Roches Point","Hours",""
"Sunshine Duration","1987 November","Markree","Hours",""
"Sunshine Duration","1987 December","Malin Head","Hours","35.6"
"Sunshine Duration","1987 December","Claremorris","Hours","28.1"
"Sunshine Duration","1987 December","Valentia Observatory","Hours","29.3"
"Sunshine Duration","1987 December","Belmullet","Hours","42.8"
"Sunshine Duration","1987 December","Shannon Airport","Hours","39.8"
"Sunshine Duration","1987 December","Dublin Airport","Hours","34"
"Sunshine Duration","1987 December","Mullingar","Hours","42.3"
"Sunshine Duration","1987 December","Cork Airport","Hours","20.5"
"Sunshine Duration","1987 December","Casement","Hours","34.1"
"Sunshine Duration","1987 December","Phoenix Park","Hours",""
"Sunshine Duration","1987 December","Roches Point","Hours",""
"Sunshine Duration","1987 December","Markree","Hours",""
"Sunshine Duration","1988 January","Malin Head","Hours","41.7"
"Sunshine Duration","1988 January","Claremorris","Hours","39.8"
"Sunshine Duration","1988 January","Valentia Observatory","Hours","42"
"Sunshine Duration","1988 January","Belmullet","Hours","33.7"
"Sunshine Duration","1988 January","Shannon Airport","Hours","42.3"
"Sunshine Duration","1988 January","Dublin Airport","Hours","68.6"
"Sunshine Duration","1988 January","Mullingar","Hours","58.3"
"Sunshine Duration","1988 January","Cork Airport","Hours","66.2"
"Sunshine Duration","1988 January","Casement","Hours","66.3"
"Sunshine Duration","1988 January","Phoenix Park","Hours",""
"Sunshine Duration","1988 January","Roches Point","Hours",""
"Sunshine Duration","1988 January","Markree","Hours",""
"Sunshine Duration","1988 February","Malin Head","Hours","47.9"
"Sunshine Duration","1988 February","Claremorris","Hours","56.9"
"Sunshine Duration","1988 February","Valentia Observatory","Hours","63.9"
"Sunshine Duration","1988 February","Belmullet","Hours","58"
"Sunshine Duration","1988 February","Shannon Airport","Hours","61.1"
"Sunshine Duration","1988 February","Dublin Airport","Hours","81.8"
"Sunshine Duration","1988 February","Mullingar","Hours","64.6"
"Sunshine Duration","1988 February","Cork Airport","Hours","80.8"
"Sunshine Duration","1988 February","Casement","Hours","66.5"
"Sunshine Duration","1988 February","Phoenix Park","Hours",""
"Sunshine Duration","1988 February","Roches Point","Hours",""
"Sunshine Duration","1988 February","Markree","Hours",""
"Sunshine Duration","1988 March","Malin Head","Hours","66.6"
"Sunshine Duration","1988 March","Claremorris","Hours","63"
"Sunshine Duration","1988 March","Valentia Observatory","Hours","69.8"
"Sunshine Duration","1988 March","Belmullet","Hours","78.3"
"Sunshine Duration","1988 March","Shannon Airport","Hours","88.6"
"Sunshine Duration","1988 March","Dublin Airport","Hours","101.1"
"Sunshine Duration","1988 March","Mullingar","Hours","86.9"
"Sunshine Duration","1988 March","Cork Airport","Hours","88"
"Sunshine Duration","1988 March","Casement","Hours","80"
"Sunshine Duration","1988 March","Phoenix Park","Hours",""
"Sunshine Duration","1988 March","Roches Point","Hours",""
"Sunshine Duration","1988 March","Markree","Hours",""
"Sunshine Duration","1988 April","Malin Head","Hours","154"
"Sunshine Duration","1988 April","Claremorris","Hours","118.9"
"Sunshine Duration","1988 April","Valentia Observatory","Hours","138"
"Sunshine Duration","1988 April","Belmullet","Hours","119.2"
"Sunshine Duration","1988 April","Shannon Airport","Hours","139.8"
"Sunshine Duration","1988 April","Dublin Airport","Hours","158.4"
"Sunshine Duration","1988 April","Mullingar","Hours","145.6"
"Sunshine Duration","1988 April","Cork Airport","Hours","109"
"Sunshine Duration","1988 April","Casement","Hours","149.2"
"Sunshine Duration","1988 April","Phoenix Park","Hours",""
"Sunshine Duration","1988 April","Roches Point","Hours",""
"Sunshine Duration","1988 April","Markree","Hours",""
"Sunshine Duration","1988 May","Malin Head","Hours","183.1"
"Sunshine Duration","1988 May","Claremorris","Hours","148.9"
"Sunshine Duration","1988 May","Valentia Observatory","Hours","203.4"
"Sunshine Duration","1988 May","Belmullet","Hours","179.8"
"Sunshine Duration","1988 May","Shannon Airport","Hours","177.8"
"Sunshine Duration","1988 May","Dublin Airport","Hours","195.7"
"Sunshine Duration","1988 May","Mullingar","Hours","188.1"
"Sunshine Duration","1988 May","Cork Airport","Hours","182"
"Sunshine Duration","1988 May","Casement","Hours","185.9"
"Sunshine Duration","1988 May","Phoenix Park","Hours",""
"Sunshine Duration","1988 May","Roches Point","Hours",""
"Sunshine Duration","1988 May","Markree","Hours",""
"Sunshine Duration","1988 June","Malin Head","Hours","140.8"
"Sunshine Duration","1988 June","Claremorris","Hours","158.4"
"Sunshine Duration","1988 June","Valentia Observatory","Hours","187.9"
"Sunshine Duration","1988 June","Belmullet","Hours","144.1"
"Sunshine Duration","1988 June","Shannon Airport","Hours","171.2"
"Sunshine Duration","1988 June","Dublin Airport","Hours","173.2"
"Sunshine Duration","1988 June","Mullingar","Hours","173.8"
"Sunshine Duration","1988 June","Cork Airport","Hours","188.4"
"Sunshine Duration","1988 June","Casement","Hours","172.4"
"Sunshine Duration","1988 June","Phoenix Park","Hours",""
"Sunshine Duration","1988 June","Roches Point","Hours",""
"Sunshine Duration","1988 June","Markree","Hours",""
"Sunshine Duration","1988 July","Malin Head","Hours","135"
"Sunshine Duration","1988 July","Claremorris","Hours","87.9"
"Sunshine Duration","1988 July","Valentia Observatory","Hours","95.5"
"Sunshine Duration","1988 July","Belmullet","Hours","120.3"
"Sunshine Duration","1988 July","Shannon Airport","Hours","114.1"
"Sunshine Duration","1988 July","Dublin Airport","Hours","135.5"
"Sunshine Duration","1988 July","Mullingar","Hours","116.2"
"Sunshine Duration","1988 July","Cork Airport","Hours","130.1"
"Sunshine Duration","1988 July","Casement","Hours","131.1"
"Sunshine Duration","1988 July","Phoenix Park","Hours",""
"Sunshine Duration","1988 July","Roches Point","Hours",""
"Sunshine Duration","1988 July","Markree","Hours",""
"Sunshine Duration","1988 August","Malin Head","Hours","84"
"Sunshine Duration","1988 August","Claremorris","Hours","99.1"
"Sunshine Duration","1988 August","Valentia Observatory","Hours","120.9"
"Sunshine Duration","1988 August","Belmullet","Hours","147.4"
"Sunshine Duration","1988 August","Shannon Airport","Hours","132.6"
"Sunshine Duration","1988 August","Dublin Airport","Hours","135.4"
"Sunshine Duration","1988 August","Mullingar","Hours","121.9"
"Sunshine Duration","1988 August","Cork Airport","Hours","149.3"
"Sunshine Duration","1988 August","Casement","Hours","134.3"
"Sunshine Duration","1988 August","Phoenix Park","Hours",""
"Sunshine Duration","1988 August","Roches Point","Hours",""
"Sunshine Duration","1988 August","Markree","Hours",""
"Sunshine Duration","1988 September","Malin Head","Hours","86.4"
"Sunshine Duration","1988 September","Claremorris","Hours","76.3"
"Sunshine Duration","1988 September","Valentia Observatory","Hours","64.5"
"Sunshine Duration","1988 September","Belmullet","Hours","101.3"
"Sunshine Duration","1988 September","Shannon Airport","Hours","84.6"
"Sunshine Duration","1988 September","Dublin Airport","Hours","120.8"
"Sunshine Duration","1988 September","Mullingar","Hours","103.1"
"Sunshine Duration","1988 September","Cork Airport","Hours","118.6"
"Sunshine Duration","1988 September","Casement","Hours","115.6"
"Sunshine Duration","1988 September","Phoenix Park","Hours",""
"Sunshine Duration","1988 September","Roches Point","Hours",""
"Sunshine Duration","1988 September","Markree","Hours",""
"Sunshine Duration","1988 October","Malin Head","Hours","79.3"
"Sunshine Duration","1988 October","Claremorris","Hours","94.5"
"Sunshine Duration","1988 October","Valentia Observatory","Hours","87"
"Sunshine Duration","1988 October","Belmullet","Hours","107.7"
"Sunshine Duration","1988 October","Shannon Airport","Hours","97.5"
"Sunshine Duration","1988 October","Dublin Airport","Hours","97.4"
"Sunshine Duration","1988 October","Mullingar","Hours","96.9"
"Sunshine Duration","1988 October","Cork Airport","Hours","60.5"
"Sunshine Duration","1988 October","Casement","Hours","108.2"
"Sunshine Duration","1988 October","Phoenix Park","Hours",""
"Sunshine Duration","1988 October","Roches Point","Hours",""
"Sunshine Duration","1988 October","Markree","Hours",""
"Sunshine Duration","1988 November","Malin Head","Hours","49"
"Sunshine Duration","1988 November","Claremorris","Hours","58.9"
"Sunshine Duration","1988 November","Valentia Observatory","Hours","56.9"
"Sunshine Duration","1988 November","Belmullet","Hours","58.2"
"Sunshine Duration","1988 November","Shannon Airport","Hours","64.7"
"Sunshine Duration","1988 November","Dublin Airport","Hours","85.1"
"Sunshine Duration","1988 November","Mullingar","Hours","74.6"
"Sunshine Duration","1988 November","Cork Airport","Hours","60"
"Sunshine Duration","1988 November","Casement","Hours","92"
"Sunshine Duration","1988 November","Phoenix Park","Hours",""
"Sunshine Duration","1988 November","Roches Point","Hours",""
"Sunshine Duration","1988 November","Markree","Hours",""
"Sunshine Duration","1988 December","Malin Head","Hours","14.1"
"Sunshine Duration","1988 December","Claremorris","Hours","29"
"Sunshine Duration","1988 December","Valentia Observatory","Hours","24.3"
"Sunshine Duration","1988 December","Belmullet","Hours","22.8"
"Sunshine Duration","1988 December","Shannon Airport","Hours","45.2"
"Sunshine Duration","1988 December","Dublin Airport","Hours","55"
"Sunshine Duration","1988 December","Mullingar","Hours","47.9"
"Sunshine Duration","1988 December","Cork Airport","Hours","37.5"
"Sunshine Duration","1988 December","Casement","Hours","44.6"
"Sunshine Duration","1988 December","Phoenix Park","Hours",""
"Sunshine Duration","1988 December","Roches Point","Hours",""
"Sunshine Duration","1988 December","Markree","Hours",""
"Sunshine Duration","1989 January","Malin Head","Hours","27.9"
"Sunshine Duration","1989 January","Claremorris","Hours","26.5"
"Sunshine Duration","1989 January","Valentia Observatory","Hours","31.8"
"Sunshine Duration","1989 January","Belmullet","Hours","31"
"Sunshine Duration","1989 January","Shannon Airport","Hours","44.7"
"Sunshine Duration","1989 January","Dublin Airport","Hours","70.3"
"Sunshine Duration","1989 January","Mullingar","Hours","51"
"Sunshine Duration","1989 January","Cork Airport","Hours","48"
"Sunshine Duration","1989 January","Casement","Hours","77.6"
"Sunshine Duration","1989 January","Phoenix Park","Hours",""
"Sunshine Duration","1989 January","Roches Point","Hours",""
"Sunshine Duration","1989 January","Markree","Hours",""
"Sunshine Duration","1989 February","Malin Head","Hours","65.7"
"Sunshine Duration","1989 February","Claremorris","Hours","50.3"
"Sunshine Duration","1989 February","Valentia Observatory","Hours","52.8"
"Sunshine Duration","1989 February","Belmullet","Hours","53.1"
"Sunshine Duration","1989 February","Shannon Airport","Hours","62.1"
"Sunshine Duration","1989 February","Dublin Airport","Hours","95.2"
"Sunshine Duration","1989 February","Mullingar","Hours","74.8"
"Sunshine Duration","1989 February","Cork Airport","Hours","70"
"Sunshine Duration","1989 February","Casement","Hours","95.2"
"Sunshine Duration","1989 February","Phoenix Park","Hours",""
"Sunshine Duration","1989 February","Roches Point","Hours",""
"Sunshine Duration","1989 February","Markree","Hours",""
"Sunshine Duration","1989 March","Malin Head","Hours","85.5"
"Sunshine Duration","1989 March","Claremorris","Hours","90.8"
"Sunshine Duration","1989 March","Valentia Observatory","Hours","77.5"
"Sunshine Duration","1989 March","Belmullet","Hours","102.9"
"Sunshine Duration","1989 March","Shannon Airport","Hours","102.6"
"Sunshine Duration","1989 March","Dublin Airport","Hours","113.3"
"Sunshine Duration","1989 March","Mullingar","Hours","107.2"
"Sunshine Duration","1989 March","Cork Airport","Hours","103.1"
"Sunshine Duration","1989 March","Casement","Hours","112.7"
"Sunshine Duration","1989 March","Phoenix Park","Hours",""
"Sunshine Duration","1989 March","Roches Point","Hours",""
"Sunshine Duration","1989 March","Markree","Hours",""
"Sunshine Duration","1989 April","Malin Head","Hours","157.8"
"Sunshine Duration","1989 April","Claremorris","Hours","152.3"
"Sunshine Duration","1989 April","Valentia Observatory","Hours","176.9"
"Sunshine Duration","1989 April","Belmullet","Hours","186.3"
"Sunshine Duration","1989 April","Shannon Airport","Hours","149.8"
"Sunshine Duration","1989 April","Dublin Airport","Hours","137"
"Sunshine Duration","1989 April","Mullingar","Hours","144.9"
"Sunshine Duration","1989 April","Cork Airport","Hours","149.6"
"Sunshine Duration","1989 April","Casement","Hours","143.7"
"Sunshine Duration","1989 April","Phoenix Park","Hours",""
"Sunshine Duration","1989 April","Roches Point","Hours",""
"Sunshine Duration","1989 April","Markree","Hours",""
"Sunshine Duration","1989 May","Malin Head","Hours","232"
"Sunshine Duration","1989 May","Claremorris","Hours","204.8"
"Sunshine Duration","1989 May","Valentia Observatory","Hours","241.3"
"Sunshine Duration","1989 May","Belmullet","Hours","216.8"
"Sunshine Duration","1989 May","Shannon Airport","Hours","236.4"
"Sunshine Duration","1989 May","Dublin Airport","Hours","238"
"Sunshine Duration","1989 May","Mullingar","Hours","218.4"
"Sunshine Duration","1989 May","Cork Airport","Hours","250.8"
"Sunshine Duration","1989 May","Casement","Hours","234.1"
"Sunshine Duration","1989 May","Phoenix Park","Hours",""
"Sunshine Duration","1989 May","Roches Point","Hours",""
"Sunshine Duration","1989 May","Markree","Hours",""
"Sunshine Duration","1989 June","Malin Head","Hours","185"
"Sunshine Duration","1989 June","Claremorris","Hours","191.9"
"Sunshine Duration","1989 June","Valentia Observatory","Hours","205.7"
"Sunshine Duration","1989 June","Belmullet","Hours","168.3"
"Sunshine Duration","1989 June","Shannon Airport","Hours","212.5"
"Sunshine Duration","1989 June","Dublin Airport","Hours","227.7"
"Sunshine Duration","1989 June","Mullingar","Hours","204.6"
"Sunshine Duration","1989 June","Cork Airport","Hours","232.9"
"Sunshine Duration","1989 June","Casement","Hours","211"
"Sunshine Duration","1989 June","Phoenix Park","Hours",""
"Sunshine Duration","1989 June","Roches Point","Hours",""
"Sunshine Duration","1989 June","Markree","Hours",""
"Sunshine Duration","1989 July","Malin Head","Hours","163.8"
"Sunshine Duration","1989 July","Claremorris","Hours","205.4"
"Sunshine Duration","1989 July","Valentia Observatory","Hours","187.8"
"Sunshine Duration","1989 July","Belmullet","Hours","159.6"
"Sunshine Duration","1989 July","Shannon Airport","Hours","210"
"Sunshine Duration","1989 July","Dublin Airport","Hours","253.5"
"Sunshine Duration","1989 July","Mullingar","Hours","244.5"
"Sunshine Duration","1989 July","Cork Airport","Hours","253.9"
"Sunshine Duration","1989 July","Casement","Hours","235.7"
"Sunshine Duration","1989 July","Phoenix Park","Hours",""
"Sunshine Duration","1989 July","Roches Point","Hours",""
"Sunshine Duration","1989 July","Markree","Hours",""
"Sunshine Duration","1989 August","Malin Head","Hours","94.3"
"Sunshine Duration","1989 August","Claremorris","Hours","92.5"
"Sunshine Duration","1989 August","Valentia Observatory","Hours","114.9"
"Sunshine Duration","1989 August","Belmullet","Hours","117.9"
"Sunshine Duration","1989 August","Shannon Airport","Hours","101.5"
"Sunshine Duration","1989 August","Dublin Airport","Hours","133.5"
"Sunshine Duration","1989 August","Mullingar","Hours","117.5"
"Sunshine Duration","1989 August","Cork Airport","Hours","152"
"Sunshine Duration","1989 August","Casement","Hours","145.8"
"Sunshine Duration","1989 August","Phoenix Park","Hours",""
"Sunshine Duration","1989 August","Roches Point","Hours",""
"Sunshine Duration","1989 August","Markree","Hours",""
"Sunshine Duration","1989 September","Malin Head","Hours","102.2"
"Sunshine Duration","1989 September","Claremorris","Hours","83.1"
"Sunshine Duration","1989 September","Valentia Observatory","Hours","127.4"
"Sunshine Duration","1989 September","Belmullet","Hours","97"
"Sunshine Duration","1989 September","Shannon Airport","Hours","101.9"
"Sunshine Duration","1989 September","Dublin Airport","Hours","99.7"
"Sunshine Duration","1989 September","Mullingar","Hours","90.8"
"Sunshine Duration","1989 September","Cork Airport","Hours","125.1"
"Sunshine Duration","1989 September","Casement","Hours","105.3"
"Sunshine Duration","1989 September","Phoenix Park","Hours",""
"Sunshine Duration","1989 September","Roches Point","Hours",""
"Sunshine Duration","1989 September","Markree","Hours",""
"Sunshine Duration","1989 October","Malin Head","Hours","50.4"
"Sunshine Duration","1989 October","Claremorris","Hours","44.3"
"Sunshine Duration","1989 October","Valentia Observatory","Hours","44.8"
"Sunshine Duration","1989 October","Belmullet","Hours","40.4"
"Sunshine Duration","1989 October","Shannon Airport","Hours","43.3"
"Sunshine Duration","1989 October","Dublin Airport","Hours","81.4"
"Sunshine Duration","1989 October","Mullingar","Hours","62.6"
"Sunshine Duration","1989 October","Cork Airport","Hours","53.1"
"Sunshine Duration","1989 October","Casement","Hours","72.5"
"Sunshine Duration","1989 October","Phoenix Park","Hours",""
"Sunshine Duration","1989 October","Roches Point","Hours",""
"Sunshine Duration","1989 October","Markree","Hours",""
"Sunshine Duration","1989 November","Malin Head","Hours","45.5"
"Sunshine Duration","1989 November","Claremorris","Hours","58.8"
"Sunshine Duration","1989 November","Valentia Observatory","Hours","63.4"
"Sunshine Duration","1989 November","Belmullet","Hours","56.4"
"Sunshine Duration","1989 November","Shannon Airport","Hours","63.3"
"Sunshine Duration","1989 November","Dublin Airport","Hours","57.1"
"Sunshine Duration","1989 November","Mullingar","Hours","53.2"
"Sunshine Duration","1989 November","Cork Airport","Hours","40.9"
"Sunshine Duration","1989 November","Casement","Hours","59.5"
"Sunshine Duration","1989 November","Phoenix Park","Hours",""
"Sunshine Duration","1989 November","Roches Point","Hours",""
"Sunshine Duration","1989 November","Markree","Hours",""
"Sunshine Duration","1989 December","Malin Head","Hours","39.2"
"Sunshine Duration","1989 December","Claremorris","Hours","31.6"
"Sunshine Duration","1989 December","Valentia Observatory","Hours","53.8"
"Sunshine Duration","1989 December","Belmullet","Hours","49.2"
"Sunshine Duration","1989 December","Shannon Airport","Hours","29.1"
"Sunshine Duration","1989 December","Dublin Airport","Hours","31.9"
"Sunshine Duration","1989 December","Mullingar","Hours","36"
"Sunshine Duration","1989 December","Cork Airport","Hours","29.8"
"Sunshine Duration","1989 December","Casement","Hours","37"
"Sunshine Duration","1989 December","Phoenix Park","Hours",""
"Sunshine Duration","1989 December","Roches Point","Hours",""
"Sunshine Duration","1989 December","Markree","Hours",""
"Sunshine Duration","1990 January","Malin Head","Hours","38.4"
"Sunshine Duration","1990 January","Claremorris","Hours","48.6"
"Sunshine Duration","1990 January","Valentia Observatory","Hours","35.7"
"Sunshine Duration","1990 January","Belmullet","Hours","32.9"
"Sunshine Duration","1990 January","Shannon Airport","Hours","48.3"
"Sunshine Duration","1990 January","Dublin Airport","Hours","71.7"
"Sunshine Duration","1990 January","Mullingar","Hours","67.5"
"Sunshine Duration","1990 January","Cork Airport","Hours","53.5"
"Sunshine Duration","1990 January","Casement","Hours","72.8"
"Sunshine Duration","1990 January","Phoenix Park","Hours",""
"Sunshine Duration","1990 January","Roches Point","Hours",""
"Sunshine Duration","1990 January","Markree","Hours",""
"Sunshine Duration","1990 February","Malin Head","Hours","44.1"
"Sunshine Duration","1990 February","Claremorris","Hours","47.2"
"Sunshine Duration","1990 February","Valentia Observatory","Hours","38.1"
"Sunshine Duration","1990 February","Belmullet","Hours","40.7"
"Sunshine Duration","1990 February","Shannon Airport","Hours","53.3"
"Sunshine Duration","1990 February","Dublin Airport","Hours","68.7"
"Sunshine Duration","1990 February","Mullingar","Hours","56.5"
"Sunshine Duration","1990 February","Cork Airport","Hours","62.8"
"Sunshine Duration","1990 February","Casement","Hours","70.3"
"Sunshine Duration","1990 February","Phoenix Park","Hours",""
"Sunshine Duration","1990 February","Roches Point","Hours",""
"Sunshine Duration","1990 February","Markree","Hours",""
"Sunshine Duration","1990 March","Malin Head","Hours","58.8"
"Sunshine Duration","1990 March","Claremorris","Hours","55.7"
"Sunshine Duration","1990 March","Valentia Observatory","Hours","61.1"
"Sunshine Duration","1990 March","Belmullet","Hours","46.9"
"Sunshine Duration","1990 March","Shannon Airport","Hours","73"
"Sunshine Duration","1990 March","Dublin Airport","Hours","90.7"
"Sunshine Duration","1990 March","Mullingar","Hours","79.3"
"Sunshine Duration","1990 March","Cork Airport","Hours","79.2"
"Sunshine Duration","1990 March","Casement","Hours","91.5"
"Sunshine Duration","1990 March","Phoenix Park","Hours",""
"Sunshine Duration","1990 March","Roches Point","Hours",""
"Sunshine Duration","1990 March","Markree","Hours",""
"Sunshine Duration","1990 April","Malin Head","Hours","163"
"Sunshine Duration","1990 April","Claremorris","Hours","163.4"
"Sunshine Duration","1990 April","Valentia Observatory","Hours","156.5"
"Sunshine Duration","1990 April","Belmullet","Hours","172.3"
"Sunshine Duration","1990 April","Shannon Airport","Hours","177.1"
"Sunshine Duration","1990 April","Dublin Airport","Hours","164.9"
"Sunshine Duration","1990 April","Mullingar","Hours","169.9"
"Sunshine Duration","1990 April","Cork Airport","Hours","185"
"Sunshine Duration","1990 April","Casement","Hours","150.2"
"Sunshine Duration","1990 April","Phoenix Park","Hours",""
"Sunshine Duration","1990 April","Roches Point","Hours",""
"Sunshine Duration","1990 April","Markree","Hours",""
"Sunshine Duration","1990 May","Malin Head","Hours","245.3"
"Sunshine Duration","1990 May","Claremorris","Hours","180.4"
"Sunshine Duration","1990 May","Valentia Observatory","Hours","197.3"
"Sunshine Duration","1990 May","Belmullet","Hours","186"
"Sunshine Duration","1990 May","Shannon Airport","Hours","210.5"
"Sunshine Duration","1990 May","Dublin Airport","Hours","212.7"
"Sunshine Duration","1990 May","Mullingar","Hours","208.8"
"Sunshine Duration","1990 May","Cork Airport","Hours","203.8"
"Sunshine Duration","1990 May","Casement","Hours","199.1"
"Sunshine Duration","1990 May","Phoenix Park","Hours",""
"Sunshine Duration","1990 May","Roches Point","Hours",""
"Sunshine Duration","1990 May","Markree","Hours",""
"Sunshine Duration","1990 June","Malin Head","Hours","152"
"Sunshine Duration","1990 June","Claremorris","Hours","126"
"Sunshine Duration","1990 June","Valentia Observatory","Hours","139.2"
"Sunshine Duration","1990 June","Belmullet","Hours","132.7"
"Sunshine Duration","1990 June","Shannon Airport","Hours","132.3"
"Sunshine Duration","1990 June","Dublin Airport","Hours","142.7"
"Sunshine Duration","1990 June","Mullingar","Hours","146.5"
"Sunshine Duration","1990 June","Cork Airport","Hours","138"
"Sunshine Duration","1990 June","Casement","Hours","125.4"
"Sunshine Duration","1990 June","Phoenix Park","Hours",""
"Sunshine Duration","1990 June","Roches Point","Hours",""
"Sunshine Duration","1990 June","Markree","Hours",""
"Sunshine Duration","1990 July","Malin Head","Hours","191.7"
"Sunshine Duration","1990 July","Claremorris","Hours","163.2"
"Sunshine Duration","1990 July","Valentia Observatory","Hours","194.3"
"Sunshine Duration","1990 July","Belmullet","Hours","174.7"
"Sunshine Duration","1990 July","Shannon Airport","Hours","218.3"
"Sunshine Duration","1990 July","Dublin Airport","Hours","239.8"
"Sunshine Duration","1990 July","Mullingar","Hours","217.9"
"Sunshine Duration","1990 July","Cork Airport","Hours","247.1"
"Sunshine Duration","1990 July","Casement","Hours","229.5"
"Sunshine Duration","1990 July","Phoenix Park","Hours",""
"Sunshine Duration","1990 July","Roches Point","Hours",""
"Sunshine Duration","1990 July","Markree","Hours",""
"Sunshine Duration","1990 August","Malin Head","Hours","89.6"
"Sunshine Duration","1990 August","Claremorris","Hours","65.7"
"Sunshine Duration","1990 August","Valentia Observatory","Hours","61.9"
"Sunshine Duration","1990 August","Belmullet","Hours","58.8"
"Sunshine Duration","1990 August","Shannon Airport","Hours","100.9"
"Sunshine Duration","1990 August","Dublin Airport","Hours","141.2"
"Sunshine Duration","1990 August","Mullingar","Hours","112.8"
"Sunshine Duration","1990 August","Cork Airport","Hours","156.7"
"Sunshine Duration","1990 August","Casement","Hours","134.9"
"Sunshine Duration","1990 August","Phoenix Park","Hours",""
"Sunshine Duration","1990 August","Roches Point","Hours",""
"Sunshine Duration","1990 August","Markree","Hours",""
"Sunshine Duration","1990 September","Malin Head","Hours","89"
"Sunshine Duration","1990 September","Claremorris","Hours","102.8"
"Sunshine Duration","1990 September","Valentia Observatory","Hours","138"
"Sunshine Duration","1990 September","Belmullet","Hours","91"
"Sunshine Duration","1990 September","Shannon Airport","Hours","133.5"
"Sunshine Duration","1990 September","Dublin Airport","Hours","140.6"
"Sunshine Duration","1990 September","Mullingar","Hours","136.5"
"Sunshine Duration","1990 September","Cork Airport","Hours","168.6"
"Sunshine Duration","1990 September","Casement","Hours","131"
"Sunshine Duration","1990 September","Phoenix Park","Hours",""
"Sunshine Duration","1990 September","Roches Point","Hours",""
"Sunshine Duration","1990 September","Markree","Hours",""
"Sunshine Duration","1990 October","Malin Head","Hours","55.6"
"Sunshine Duration","1990 October","Claremorris","Hours","54.6"
"Sunshine Duration","1990 October","Valentia Observatory","Hours","53.7"
"Sunshine Duration","1990 October","Belmullet","Hours","65.7"
"Sunshine Duration","1990 October","Shannon Airport","Hours","65.6"
"Sunshine Duration","1990 October","Dublin Airport","Hours","76.7"
"Sunshine Duration","1990 October","Mullingar","Hours","76.6"
"Sunshine Duration","1990 October","Cork Airport","Hours","65.1"
"Sunshine Duration","1990 October","Casement","Hours","85.5"
"Sunshine Duration","1990 October","Phoenix Park","Hours",""
"Sunshine Duration","1990 October","Roches Point","Hours",""
"Sunshine Duration","1990 October","Markree","Hours",""
"Sunshine Duration","1990 November","Malin Head","Hours","48.4"
"Sunshine Duration","1990 November","Claremorris","Hours","79.6"
"Sunshine Duration","1990 November","Valentia Observatory","Hours","70.6"
"Sunshine Duration","1990 November","Belmullet","Hours","62.4"
"Sunshine Duration","1990 November","Shannon Airport","Hours","81"
"Sunshine Duration","1990 November","Dublin Airport","Hours","83.1"
"Sunshine Duration","1990 November","Mullingar","Hours","92.3"
"Sunshine Duration","1990 November","Cork Airport","Hours","108.8"
"Sunshine Duration","1990 November","Casement","Hours","58.1"
"Sunshine Duration","1990 November","Phoenix Park","Hours",""
"Sunshine Duration","1990 November","Roches Point","Hours",""
"Sunshine Duration","1990 November","Markree","Hours",""
"Sunshine Duration","1990 December","Malin Head","Hours","27.4"
"Sunshine Duration","1990 December","Claremorris","Hours","33.2"
"Sunshine Duration","1990 December","Valentia Observatory","Hours","27"
"Sunshine Duration","1990 December","Belmullet","Hours","26.9"
"Sunshine Duration","1990 December","Shannon Airport","Hours","48.5"
"Sunshine Duration","1990 December","Dublin Airport","Hours","61.2"
"Sunshine Duration","1990 December","Mullingar","Hours","60.5"
"Sunshine Duration","1990 December","Cork Airport","Hours","54.8"
"Sunshine Duration","1990 December","Casement","Hours","49.8"
"Sunshine Duration","1990 December","Phoenix Park","Hours",""
"Sunshine Duration","1990 December","Roches Point","Hours",""
"Sunshine Duration","1990 December","Markree","Hours",""
"Sunshine Duration","1991 January","Malin Head","Hours","60.3"
"Sunshine Duration","1991 January","Claremorris","Hours","74"
"Sunshine Duration","1991 January","Valentia Observatory","Hours","49.9"
"Sunshine Duration","1991 January","Belmullet","Hours","50"
"Sunshine Duration","1991 January","Shannon Airport","Hours","66"
"Sunshine Duration","1991 January","Dublin Airport","Hours","78.9"
"Sunshine Duration","1991 January","Mullingar","Hours","82.5"
"Sunshine Duration","1991 January","Cork Airport","Hours","57.5"
"Sunshine Duration","1991 January","Casement","Hours","75.2"
"Sunshine Duration","1991 January","Phoenix Park","Hours",""
"Sunshine Duration","1991 January","Roches Point","Hours",""
"Sunshine Duration","1991 January","Markree","Hours",""
"Sunshine Duration","1991 February","Malin Head","Hours","65"
"Sunshine Duration","1991 February","Claremorris","Hours","70.5"
"Sunshine Duration","1991 February","Valentia Observatory","Hours","88"
"Sunshine Duration","1991 February","Belmullet","Hours","85"
"Sunshine Duration","1991 February","Shannon Airport","Hours","67.6"
"Sunshine Duration","1991 February","Dublin Airport","Hours","54.4"
"Sunshine Duration","1991 February","Mullingar","Hours","65.8"
"Sunshine Duration","1991 February","Cork Airport","Hours","64.6"
"Sunshine Duration","1991 February","Casement","Hours","61.7"
"Sunshine Duration","1991 February","Phoenix Park","Hours",""
"Sunshine Duration","1991 February","Roches Point","Hours",""
"Sunshine Duration","1991 February","Markree","Hours",""
"Sunshine Duration","1991 March","Malin Head","Hours","80.9"
"Sunshine Duration","1991 March","Claremorris","Hours","72.6"
"Sunshine Duration","1991 March","Valentia Observatory","Hours","109"
"Sunshine Duration","1991 March","Belmullet","Hours","80.5"
"Sunshine Duration","1991 March","Shannon Airport","Hours","87.5"
"Sunshine Duration","1991 March","Dublin Airport","Hours","82.7"
"Sunshine Duration","1991 March","Mullingar","Hours","79.5"
"Sunshine Duration","1991 March","Cork Airport","Hours","111.9"
"Sunshine Duration","1991 March","Casement","Hours","86.6"
"Sunshine Duration","1991 March","Phoenix Park","Hours",""
"Sunshine Duration","1991 March","Roches Point","Hours",""
"Sunshine Duration","1991 March","Markree","Hours",""
"Sunshine Duration","1991 April","Malin Head","Hours","141.5"
"Sunshine Duration","1991 April","Claremorris","Hours","131.1"
"Sunshine Duration","1991 April","Valentia Observatory","Hours","137.7"
"Sunshine Duration","1991 April","Belmullet","Hours","130.8"
"Sunshine Duration","1991 April","Shannon Airport","Hours","127"
"Sunshine Duration","1991 April","Dublin Airport","Hours","135.5"
"Sunshine Duration","1991 April","Mullingar","Hours","140.8"
"Sunshine Duration","1991 April","Cork Airport","Hours","127.6"
"Sunshine Duration","1991 April","Casement","Hours","139.3"
"Sunshine Duration","1991 April","Phoenix Park","Hours",""
"Sunshine Duration","1991 April","Roches Point","Hours",""
"Sunshine Duration","1991 April","Markree","Hours",""
"Sunshine Duration","1991 May","Malin Head","Hours","125.6"
"Sunshine Duration","1991 May","Claremorris","Hours","172.6"
"Sunshine Duration","1991 May","Valentia Observatory","Hours","233.4"
"Sunshine Duration","1991 May","Belmullet","Hours","139.7"
"Sunshine Duration","1991 May","Shannon Airport","Hours","172.4"
"Sunshine Duration","1991 May","Dublin Airport","Hours","168.5"
"Sunshine Duration","1991 May","Mullingar","Hours","179.9"
"Sunshine Duration","1991 May","Cork Airport","Hours","222.2"
"Sunshine Duration","1991 May","Casement","Hours","173.8"
"Sunshine Duration","1991 May","Phoenix Park","Hours",""
"Sunshine Duration","1991 May","Roches Point","Hours",""
"Sunshine Duration","1991 May","Markree","Hours",""
"Sunshine Duration","1991 June","Malin Head","Hours","173.6"
"Sunshine Duration","1991 June","Claremorris","Hours","115.9"
"Sunshine Duration","1991 June","Valentia Observatory","Hours","129.8"
"Sunshine Duration","1991 June","Belmullet","Hours","157.5"
"Sunshine Duration","1991 June","Shannon Airport","Hours","165.3"
"Sunshine Duration","1991 June","Dublin Airport","Hours","144"
"Sunshine Duration","1991 June","Mullingar","Hours","136.4"
"Sunshine Duration","1991 June","Cork Airport","Hours","159.3"
"Sunshine Duration","1991 June","Casement","Hours","139.7"
"Sunshine Duration","1991 June","Phoenix Park","Hours",""
"Sunshine Duration","1991 June","Roches Point","Hours",""
"Sunshine Duration","1991 June","Markree","Hours",""
"Sunshine Duration","1991 July","Malin Head","Hours","156.6"
"Sunshine Duration","1991 July","Claremorris","Hours","101.3"
"Sunshine Duration","1991 July","Valentia Observatory","Hours","84.6"
"Sunshine Duration","1991 July","Belmullet","Hours","122.3"
"Sunshine Duration","1991 July","Shannon Airport","Hours","106.3"
"Sunshine Duration","1991 July","Dublin Airport","Hours","143.4"
"Sunshine Duration","1991 July","Mullingar","Hours","142"
"Sunshine Duration","1991 July","Cork Airport","Hours","115.3"
"Sunshine Duration","1991 July","Casement","Hours","139.2"
"Sunshine Duration","1991 July","Phoenix Park","Hours",""
"Sunshine Duration","1991 July","Roches Point","Hours",""
"Sunshine Duration","1991 July","Markree","Hours",""
"Sunshine Duration","1991 August","Malin Head","Hours","142.9"
"Sunshine Duration","1991 August","Claremorris","Hours","120.6"
"Sunshine Duration","1991 August","Valentia Observatory","Hours","142.4"
"Sunshine Duration","1991 August","Belmullet","Hours","126.9"
"Sunshine Duration","1991 August","Shannon Airport","Hours","145.1"
"Sunshine Duration","1991 August","Dublin Airport","Hours","155.2"
"Sunshine Duration","1991 August","Mullingar","Hours","143.7"
"Sunshine Duration","1991 August","Cork Airport","Hours","182.5"
"Sunshine Duration","1991 August","Casement","Hours","152"
"Sunshine Duration","1991 August","Phoenix Park","Hours",""
"Sunshine Duration","1991 August","Roches Point","Hours",""
"Sunshine Duration","1991 August","Markree","Hours",""
"Sunshine Duration","1991 September","Malin Head","Hours","124.1"
"Sunshine Duration","1991 September","Claremorris","Hours","128.4"
"Sunshine Duration","1991 September","Valentia Observatory","Hours","129.1"
"Sunshine Duration","1991 September","Belmullet","Hours","133.5"
"Sunshine Duration","1991 September","Shannon Airport","Hours","138.5"
"Sunshine Duration","1991 September","Dublin Airport","Hours","149.3"
"Sunshine Duration","1991 September","Mullingar","Hours","160.7"
"Sunshine Duration","1991 September","Cork Airport","Hours","147.5"
"Sunshine Duration","1991 September","Casement","Hours","167.7"
"Sunshine Duration","1991 September","Phoenix Park","Hours",""
"Sunshine Duration","1991 September","Roches Point","Hours",""
"Sunshine Duration","1991 September","Markree","Hours",""
"Sunshine Duration","1991 October","Malin Head","Hours","58"
"Sunshine Duration","1991 October","Claremorris","Hours","63.2"
"Sunshine Duration","1991 October","Valentia Observatory","Hours","78.2"
"Sunshine Duration","1991 October","Belmullet","Hours","69.4"
"Sunshine Duration","1991 October","Shannon Airport","Hours","69.4"
"Sunshine Duration","1991 October","Dublin Airport","Hours","77.4"
"Sunshine Duration","1991 October","Mullingar","Hours","87"
"Sunshine Duration","1991 October","Cork Airport","Hours","84.1"
"Sunshine Duration","1991 October","Casement","Hours","84.4"
"Sunshine Duration","1991 October","Phoenix Park","Hours",""
"Sunshine Duration","1991 October","Roches Point","Hours",""
"Sunshine Duration","1991 October","Markree","Hours",""
"Sunshine Duration","1991 November","Malin Head","Hours","40.9"
"Sunshine Duration","1991 November","Claremorris","Hours","55"
"Sunshine Duration","1991 November","Valentia Observatory","Hours","41.7"
"Sunshine Duration","1991 November","Belmullet","Hours","43.9"
"Sunshine Duration","1991 November","Shannon Airport","Hours","68.9"
"Sunshine Duration","1991 November","Dublin Airport","Hours","60.2"
"Sunshine Duration","1991 November","Mullingar","Hours","70.2"
"Sunshine Duration","1991 November","Cork Airport","Hours","65.5"
"Sunshine Duration","1991 November","Casement","Hours","61.4"
"Sunshine Duration","1991 November","Phoenix Park","Hours",""
"Sunshine Duration","1991 November","Roches Point","Hours",""
"Sunshine Duration","1991 November","Markree","Hours",""
"Sunshine Duration","1991 December","Malin Head","Hours","9.5"
"Sunshine Duration","1991 December","Claremorris","Hours","21.5"
"Sunshine Duration","1991 December","Valentia Observatory","Hours","24.8"
"Sunshine Duration","1991 December","Belmullet","Hours","22.8"
"Sunshine Duration","1991 December","Shannon Airport","Hours","19.5"
"Sunshine Duration","1991 December","Dublin Airport","Hours","40.5"
"Sunshine Duration","1991 December","Mullingar","Hours","30.2"
"Sunshine Duration","1991 December","Cork Airport","Hours","17.9"
"Sunshine Duration","1991 December","Casement","Hours","41.4"
"Sunshine Duration","1991 December","Phoenix Park","Hours",""
"Sunshine Duration","1991 December","Roches Point","Hours",""
"Sunshine Duration","1991 December","Markree","Hours",""
"Sunshine Duration","1992 January","Malin Head","Hours","31.3"
"Sunshine Duration","1992 January","Claremorris","Hours","22.7"
"Sunshine Duration","1992 January","Valentia Observatory","Hours","26.1"
"Sunshine Duration","1992 January","Belmullet","Hours","23.7"
"Sunshine Duration","1992 January","Shannon Airport","Hours","50.2"
"Sunshine Duration","1992 January","Dublin Airport","Hours","52.5"
"Sunshine Duration","1992 January","Mullingar","Hours","42.4"
"Sunshine Duration","1992 January","Cork Airport","Hours","24"
"Sunshine Duration","1992 January","Casement","Hours","62.4"
"Sunshine Duration","1992 January","Phoenix Park","Hours",""
"Sunshine Duration","1992 January","Roches Point","Hours",""
"Sunshine Duration","1992 January","Markree","Hours",""
"Sunshine Duration","1992 February","Malin Head","Hours","41.3"
"Sunshine Duration","1992 February","Claremorris","Hours","44.6"
"Sunshine Duration","1992 February","Valentia Observatory","Hours","43"
"Sunshine Duration","1992 February","Belmullet","Hours","50.2"
"Sunshine Duration","1992 February","Shannon Airport","Hours","58.4"
"Sunshine Duration","1992 February","Dublin Airport","Hours","63.8"
"Sunshine Duration","1992 February","Mullingar","Hours","53.5"
"Sunshine Duration","1992 February","Cork Airport","Hours","60.7"
"Sunshine Duration","1992 February","Casement","Hours","72.1"
"Sunshine Duration","1992 February","Phoenix Park","Hours",""
"Sunshine Duration","1992 February","Roches Point","Hours",""
"Sunshine Duration","1992 February","Markree","Hours",""
"Sunshine Duration","1992 March","Malin Head","Hours","53.5"
"Sunshine Duration","1992 March","Claremorris","Hours","46.2"
"Sunshine Duration","1992 March","Valentia Observatory","Hours","56.2"
"Sunshine Duration","1992 March","Belmullet","Hours","51.1"
"Sunshine Duration","1992 March","Shannon Airport","Hours","59.4"
"Sunshine Duration","1992 March","Dublin Airport","Hours","67.3"
"Sunshine Duration","1992 March","Mullingar","Hours","64.4"
"Sunshine Duration","1992 March","Cork Airport","Hours","77.8"
"Sunshine Duration","1992 March","Casement","Hours","68.5"
"Sunshine Duration","1992 March","Phoenix Park","Hours",""
"Sunshine Duration","1992 March","Roches Point","Hours",""
"Sunshine Duration","1992 March","Markree","Hours",""
"Sunshine Duration","1992 April","Malin Head","Hours","82.2"
"Sunshine Duration","1992 April","Claremorris","Hours","74"
"Sunshine Duration","1992 April","Valentia Observatory","Hours","100.5"
"Sunshine Duration","1992 April","Belmullet","Hours","93"
"Sunshine Duration","1992 April","Shannon Airport","Hours","85.2"
"Sunshine Duration","1992 April","Dublin Airport","Hours","104.4"
"Sunshine Duration","1992 April","Mullingar","Hours","85.9"
"Sunshine Duration","1992 April","Cork Airport","Hours","106"
"Sunshine Duration","1992 April","Casement","Hours","102.6"
"Sunshine Duration","1992 April","Phoenix Park","Hours",""
"Sunshine Duration","1992 April","Roches Point","Hours",""
"Sunshine Duration","1992 April","Markree","Hours",""
"Sunshine Duration","1992 May","Malin Head","Hours","194.6"
"Sunshine Duration","1992 May","Claremorris","Hours","171"
"Sunshine Duration","1992 May","Valentia Observatory","Hours","180.4"
"Sunshine Duration","1992 May","Belmullet","Hours","183.8"
"Sunshine Duration","1992 May","Shannon Airport","Hours","185.1"
"Sunshine Duration","1992 May","Dublin Airport","Hours","204"
"Sunshine Duration","1992 May","Mullingar","Hours","193.7"
"Sunshine Duration","1992 May","Cork Airport","Hours","196.2"
"Sunshine Duration","1992 May","Casement","Hours","198.2"
"Sunshine Duration","1992 May","Phoenix Park","Hours",""
"Sunshine Duration","1992 May","Roches Point","Hours",""
"Sunshine Duration","1992 May","Markree","Hours",""
"Sunshine Duration","1992 June","Malin Head","Hours","150.7"
"Sunshine Duration","1992 June","Claremorris","Hours","122.9"
"Sunshine Duration","1992 June","Valentia Observatory","Hours","168.4"
"Sunshine Duration","1992 June","Belmullet","Hours","113.7"
"Sunshine Duration","1992 June","Shannon Airport","Hours","166.6"
"Sunshine Duration","1992 June","Dublin Airport","Hours","190.6"
"Sunshine Duration","1992 June","Mullingar","Hours","185.3"
"Sunshine Duration","1992 June","Cork Airport","Hours","184.2"
"Sunshine Duration","1992 June","Casement","Hours","179.6"
"Sunshine Duration","1992 June","Phoenix Park","Hours",""
"Sunshine Duration","1992 June","Roches Point","Hours",""
"Sunshine Duration","1992 June","Markree","Hours",""
"Sunshine Duration","1992 July","Malin Head","Hours","119.6"
"Sunshine Duration","1992 July","Claremorris","Hours","113.8"
"Sunshine Duration","1992 July","Valentia Observatory","Hours","129.5"
"Sunshine Duration","1992 July","Belmullet","Hours","157.2"
"Sunshine Duration","1992 July","Shannon Airport","Hours","134.2"
"Sunshine Duration","1992 July","Dublin Airport","Hours","158.9"
"Sunshine Duration","1992 July","Mullingar","Hours","142"
"Sunshine Duration","1992 July","Cork Airport","Hours","145.8"
"Sunshine Duration","1992 July","Casement","Hours","161.3"
"Sunshine Duration","1992 July","Phoenix Park","Hours",""
"Sunshine Duration","1992 July","Roches Point","Hours",""
"Sunshine Duration","1992 July","Markree","Hours",""
"Sunshine Duration","1992 August","Malin Head","Hours","146.1"
"Sunshine Duration","1992 August","Claremorris","Hours","141"
"Sunshine Duration","1992 August","Valentia Observatory","Hours","148.9"
"Sunshine Duration","1992 August","Belmullet","Hours","187.1"
"Sunshine Duration","1992 August","Shannon Airport","Hours","148.3"
"Sunshine Duration","1992 August","Dublin Airport","Hours","167.5"
"Sunshine Duration","1992 August","Mullingar","Hours","169.5"
"Sunshine Duration","1992 August","Cork Airport","Hours","162.9"
"Sunshine Duration","1992 August","Casement","Hours","166.5"
"Sunshine Duration","1992 August","Phoenix Park","Hours",""
"Sunshine Duration","1992 August","Roches Point","Hours",""
"Sunshine Duration","1992 August","Markree","Hours",""
"Sunshine Duration","1992 September","Malin Head","Hours","101.9"
"Sunshine Duration","1992 September","Claremorris","Hours","102"
"Sunshine Duration","1992 September","Valentia Observatory","Hours","109.6"
"Sunshine Duration","1992 September","Belmullet","Hours","130.2"
"Sunshine Duration","1992 September","Shannon Airport","Hours","92.3"
"Sunshine Duration","1992 September","Dublin Airport","Hours","98"
"Sunshine Duration","1992 September","Mullingar","Hours","104.9"
"Sunshine Duration","1992 September","Cork Airport","Hours","119.5"
"Sunshine Duration","1992 September","Casement","Hours","95.3"
"Sunshine Duration","1992 September","Phoenix Park","Hours",""
"Sunshine Duration","1992 September","Roches Point","Hours",""
"Sunshine Duration","1992 September","Markree","Hours",""
"Sunshine Duration","1992 October","Malin Head","Hours","64.3"
"Sunshine Duration","1992 October","Claremorris","Hours","78.4"
"Sunshine Duration","1992 October","Valentia Observatory","Hours","86.1"
"Sunshine Duration","1992 October","Belmullet","Hours","63.3"
"Sunshine Duration","1992 October","Shannon Airport","Hours","93.1"
"Sunshine Duration","1992 October","Dublin Airport","Hours","99.8"
"Sunshine Duration","1992 October","Mullingar","Hours","109.8"
"Sunshine Duration","1992 October","Cork Airport","Hours","110.1"
"Sunshine Duration","1992 October","Casement","Hours","95.8"
"Sunshine Duration","1992 October","Phoenix Park","Hours",""
"Sunshine Duration","1992 October","Roches Point","Hours",""
"Sunshine Duration","1992 October","Markree","Hours",""
"Sunshine Duration","1992 November","Malin Head","Hours","34"
"Sunshine Duration","1992 November","Claremorris","Hours","41.9"
"Sunshine Duration","1992 November","Valentia Observatory","Hours","39.4"
"Sunshine Duration","1992 November","Belmullet","Hours","31.2"
"Sunshine Duration","1992 November","Shannon Airport","Hours","51.6"
"Sunshine Duration","1992 November","Dublin Airport","Hours","62.4"
"Sunshine Duration","1992 November","Mullingar","Hours","54.9"
"Sunshine Duration","1992 November","Cork Airport","Hours","52.6"
"Sunshine Duration","1992 November","Casement","Hours","51.1"
"Sunshine Duration","1992 November","Phoenix Park","Hours",""
"Sunshine Duration","1992 November","Roches Point","Hours",""
"Sunshine Duration","1992 November","Markree","Hours",""
"Sunshine Duration","1992 December","Malin Head","Hours","35.5"
"Sunshine Duration","1992 December","Claremorris","Hours","24.4"
"Sunshine Duration","1992 December","Valentia Observatory","Hours","23.9"
"Sunshine Duration","1992 December","Belmullet","Hours","25.2"
"Sunshine Duration","1992 December","Shannon Airport","Hours","31.5"
"Sunshine Duration","1992 December","Dublin Airport","Hours","63.1"
"Sunshine Duration","1992 December","Mullingar","Hours","53.7"
"Sunshine Duration","1992 December","Cork Airport","Hours","41.7"
"Sunshine Duration","1992 December","Casement","Hours","61"
"Sunshine Duration","1992 December","Phoenix Park","Hours",""
"Sunshine Duration","1992 December","Roches Point","Hours",""
"Sunshine Duration","1992 December","Markree","Hours",""
"Sunshine Duration","1993 January","Malin Head","Hours","16.3"
"Sunshine Duration","1993 January","Claremorris","Hours","26.6"
"Sunshine Duration","1993 January","Valentia Observatory","Hours","25"
"Sunshine Duration","1993 January","Belmullet","Hours","22.3"
"Sunshine Duration","1993 January","Shannon Airport","Hours","27.5"
"Sunshine Duration","1993 January","Dublin Airport","Hours","37.6"
"Sunshine Duration","1993 January","Mullingar","Hours","35.5"
"Sunshine Duration","1993 January","Cork Airport","Hours","35.8"
"Sunshine Duration","1993 January","Casement","Hours","35.2"
"Sunshine Duration","1993 January","Phoenix Park","Hours",""
"Sunshine Duration","1993 January","Roches Point","Hours",""
"Sunshine Duration","1993 January","Markree","Hours",""
"Sunshine Duration","1993 February","Malin Head","Hours","25"
"Sunshine Duration","1993 February","Claremorris","Hours","28.2"
"Sunshine Duration","1993 February","Valentia Observatory","Hours","29.8"
"Sunshine Duration","1993 February","Belmullet","Hours","26"
"Sunshine Duration","1993 February","Shannon Airport","Hours","43.2"
"Sunshine Duration","1993 February","Dublin Airport","Hours","55.6"
"Sunshine Duration","1993 February","Mullingar","Hours","35.5"
"Sunshine Duration","1993 February","Cork Airport","Hours","50.6"
"Sunshine Duration","1993 February","Casement","Hours","54.1"
"Sunshine Duration","1993 February","Phoenix Park","Hours",""
"Sunshine Duration","1993 February","Roches Point","Hours",""
"Sunshine Duration","1993 February","Markree","Hours",""
"Sunshine Duration","1993 March","Malin Head","Hours","81.7"
"Sunshine Duration","1993 March","Claremorris","Hours","71.1"
"Sunshine Duration","1993 March","Valentia Observatory","Hours","92.7"
"Sunshine Duration","1993 March","Belmullet","Hours","85.5"
"Sunshine Duration","1993 March","Shannon Airport","Hours","80.9"
"Sunshine Duration","1993 March","Dublin Airport","Hours","83.4"
"Sunshine Duration","1993 March","Mullingar","Hours","78.7"
"Sunshine Duration","1993 March","Cork Airport","Hours","78.6"
"Sunshine Duration","1993 March","Casement","Hours","81.3"
"Sunshine Duration","1993 March","Phoenix Park","Hours",""
"Sunshine Duration","1993 March","Roches Point","Hours",""
"Sunshine Duration","1993 March","Markree","Hours",""
"Sunshine Duration","1993 April","Malin Head","Hours","104.9"
"Sunshine Duration","1993 April","Claremorris","Hours","109.7"
"Sunshine Duration","1993 April","Valentia Observatory","Hours","112.7"
"Sunshine Duration","1993 April","Belmullet","Hours","121.6"
"Sunshine Duration","1993 April","Shannon Airport","Hours","99.5"
"Sunshine Duration","1993 April","Dublin Airport","Hours","129.6"
"Sunshine Duration","1993 April","Mullingar","Hours","109.2"
"Sunshine Duration","1993 April","Cork Airport","Hours","138.4"
"Sunshine Duration","1993 April","Casement","Hours","123"
"Sunshine Duration","1993 April","Phoenix Park","Hours",""
"Sunshine Duration","1993 April","Roches Point","Hours",""
"Sunshine Duration","1993 April","Markree","Hours",""
"Sunshine Duration","1993 May","Malin Head","Hours","164.6"
"Sunshine Duration","1993 May","Claremorris","Hours","161.4"
"Sunshine Duration","1993 May","Valentia Observatory","Hours","205"
"Sunshine Duration","1993 May","Belmullet","Hours","210.5"
"Sunshine Duration","1993 May","Shannon Airport","Hours","182.4"
"Sunshine Duration","1993 May","Dublin Airport","Hours","166.8"
"Sunshine Duration","1993 May","Mullingar","Hours","178.4"
"Sunshine Duration","1993 May","Cork Airport","Hours","190.5"
"Sunshine Duration","1993 May","Casement","Hours","168.6"
"Sunshine Duration","1993 May","Phoenix Park","Hours",""
"Sunshine Duration","1993 May","Roches Point","Hours",""
"Sunshine Duration","1993 May","Markree","Hours",""
"Sunshine Duration","1993 June","Malin Head","Hours","119.7"
"Sunshine Duration","1993 June","Claremorris","Hours","84.2"
"Sunshine Duration","1993 June","Valentia Observatory","Hours","120.4"
"Sunshine Duration","1993 June","Belmullet","Hours","104.2"
"Sunshine Duration","1993 June","Shannon Airport","Hours","91.1"
"Sunshine Duration","1993 June","Dublin Airport","Hours","127.8"
"Sunshine Duration","1993 June","Mullingar","Hours","102.5"
"Sunshine Duration","1993 June","Cork Airport","Hours","116.6"
"Sunshine Duration","1993 June","Casement","Hours","123.8"
"Sunshine Duration","1993 June","Phoenix Park","Hours",""
"Sunshine Duration","1993 June","Roches Point","Hours",""
"Sunshine Duration","1993 June","Markree","Hours",""
"Sunshine Duration","1993 July","Malin Head","Hours","117.1"
"Sunshine Duration","1993 July","Claremorris","Hours","84.6"
"Sunshine Duration","1993 July","Valentia Observatory","Hours","90.6"
"Sunshine Duration","1993 July","Belmullet","Hours","108.6"
"Sunshine Duration","1993 July","Shannon Airport","Hours","121.2"
"Sunshine Duration","1993 July","Dublin Airport","Hours","140.4"
"Sunshine Duration","1993 July","Mullingar","Hours","111.8"
"Sunshine Duration","1993 July","Cork Airport","Hours","170.5"
"Sunshine Duration","1993 July","Casement","Hours","142.2"
"Sunshine Duration","1993 July","Phoenix Park","Hours",""
"Sunshine Duration","1993 July","Roches Point","Hours",""
"Sunshine Duration","1993 July","Markree","Hours",""
"Sunshine Duration","1993 August","Malin Head","Hours","141.3"
"Sunshine Duration","1993 August","Claremorris","Hours","103.7"
"Sunshine Duration","1993 August","Valentia Observatory","Hours","132.4"
"Sunshine Duration","1993 August","Belmullet","Hours","123.6"
"Sunshine Duration","1993 August","Shannon Airport","Hours","132.4"
"Sunshine Duration","1993 August","Dublin Airport","Hours","194.7"
"Sunshine Duration","1993 August","Mullingar","Hours","158.9"
"Sunshine Duration","1993 August","Cork Airport","Hours","157.5"
"Sunshine Duration","1993 August","Casement","Hours","169.3"
"Sunshine Duration","1993 August","Phoenix Park","Hours",""
"Sunshine Duration","1993 August","Roches Point","Hours",""
"Sunshine Duration","1993 August","Markree","Hours",""
"Sunshine Duration","1993 September","Malin Head","Hours","136.1"
"Sunshine Duration","1993 September","Claremorris","Hours","101.6"
"Sunshine Duration","1993 September","Valentia Observatory","Hours","116.1"
"Sunshine Duration","1993 September","Belmullet","Hours","136.8"
"Sunshine Duration","1993 September","Shannon Airport","Hours","109"
"Sunshine Duration","1993 September","Dublin Airport","Hours","100.6"
"Sunshine Duration","1993 September","Mullingar","Hours","101.4"
"Sunshine Duration","1993 September","Cork Airport","Hours","120.7"
"Sunshine Duration","1993 September","Casement","Hours","101.1"
"Sunshine Duration","1993 September","Phoenix Park","Hours",""
"Sunshine Duration","1993 September","Roches Point","Hours",""
"Sunshine Duration","1993 September","Markree","Hours",""
"Sunshine Duration","1993 October","Malin Head","Hours","97.7"
"Sunshine Duration","1993 October","Claremorris","Hours","101.3"
"Sunshine Duration","1993 October","Valentia Observatory","Hours","126"
"Sunshine Duration","1993 October","Belmullet","Hours","104.4"
"Sunshine Duration","1993 October","Shannon Airport","Hours","112.6"
"Sunshine Duration","1993 October","Dublin Airport","Hours","97.3"
"Sunshine Duration","1993 October","Mullingar","Hours","109"
"Sunshine Duration","1993 October","Cork Airport","Hours","101.6"
"Sunshine Duration","1993 October","Casement","Hours","93.3"
"Sunshine Duration","1993 October","Phoenix Park","Hours",""
"Sunshine Duration","1993 October","Roches Point","Hours",""
"Sunshine Duration","1993 October","Markree","Hours",""
"Sunshine Duration","1993 November","Malin Head","Hours","64.4"
"Sunshine Duration","1993 November","Claremorris","Hours","53.5"
"Sunshine Duration","1993 November","Valentia Observatory","Hours","46.4"
"Sunshine Duration","1993 November","Belmullet","Hours","48.1"
"Sunshine Duration","1993 November","Shannon Airport","Hours","46.1"
"Sunshine Duration","1993 November","Dublin Airport","Hours","70.3"
"Sunshine Duration","1993 November","Mullingar","Hours","71"
"Sunshine Duration","1993 November","Cork Airport","Hours","41.9"
"Sunshine Duration","1993 November","Casement","Hours","71.2"
"Sunshine Duration","1993 November","Phoenix Park","Hours",""
"Sunshine Duration","1993 November","Roches Point","Hours",""
"Sunshine Duration","1993 November","Markree","Hours",""
"Sunshine Duration","1993 December","Malin Head","Hours","21.6"
"Sunshine Duration","1993 December","Claremorris","Hours","23.8"
"Sunshine Duration","1993 December","Valentia Observatory","Hours","16.1"
"Sunshine Duration","1993 December","Belmullet","Hours","15"
"Sunshine Duration","1993 December","Shannon Airport","Hours","27.2"
"Sunshine Duration","1993 December","Dublin Airport","Hours","47.3"
"Sunshine Duration","1993 December","Mullingar","Hours","36.7"
"Sunshine Duration","1993 December","Cork Airport","Hours","50.2"
"Sunshine Duration","1993 December","Casement","Hours","31.8"
"Sunshine Duration","1993 December","Phoenix Park","Hours",""
"Sunshine Duration","1993 December","Roches Point","Hours",""
"Sunshine Duration","1993 December","Markree","Hours",""
"Sunshine Duration","1994 January","Malin Head","Hours","38.4"
"Sunshine Duration","1994 January","Claremorris","Hours","34.9"
"Sunshine Duration","1994 January","Valentia Observatory","Hours","40.2"
"Sunshine Duration","1994 January","Belmullet","Hours","24.8"
"Sunshine Duration","1994 January","Shannon Airport","Hours","48.1"
"Sunshine Duration","1994 January","Dublin Airport","Hours","54.8"
"Sunshine Duration","1994 January","Mullingar","Hours","53.1"
"Sunshine Duration","1994 January","Cork Airport","Hours","72.7"
"Sunshine Duration","1994 January","Casement","Hours","51.6"
"Sunshine Duration","1994 January","Phoenix Park","Hours",""
"Sunshine Duration","1994 January","Roches Point","Hours",""
"Sunshine Duration","1994 January","Markree","Hours",""
"Sunshine Duration","1994 February","Malin Head","Hours","46.7"
"Sunshine Duration","1994 February","Claremorris","Hours","43.4"
"Sunshine Duration","1994 February","Valentia Observatory","Hours","68"
"Sunshine Duration","1994 February","Belmullet","Hours","57.7"
"Sunshine Duration","1994 February","Shannon Airport","Hours","53.1"
"Sunshine Duration","1994 February","Dublin Airport","Hours","42.2"
"Sunshine Duration","1994 February","Mullingar","Hours","40.5"
"Sunshine Duration","1994 February","Cork Airport","Hours","42.6"
"Sunshine Duration","1994 February","Casement","Hours","44.6"
"Sunshine Duration","1994 February","Phoenix Park","Hours",""
"Sunshine Duration","1994 February","Roches Point","Hours",""
"Sunshine Duration","1994 February","Markree","Hours",""
"Sunshine Duration","1994 March","Malin Head","Hours","75.7"
"Sunshine Duration","1994 March","Claremorris","Hours","71.8"
"Sunshine Duration","1994 March","Valentia Observatory","Hours","64"
"Sunshine Duration","1994 March","Belmullet","Hours","78.7"
"Sunshine Duration","1994 March","Shannon Airport","Hours","85.2"
"Sunshine Duration","1994 March","Dublin Airport","Hours","102.9"
"Sunshine Duration","1994 March","Mullingar","Hours","98"
"Sunshine Duration","1994 March","Cork Airport","Hours","94.4"
"Sunshine Duration","1994 March","Casement","Hours","107.6"
"Sunshine Duration","1994 March","Phoenix Park","Hours",""
"Sunshine Duration","1994 March","Roches Point","Hours",""
"Sunshine Duration","1994 March","Markree","Hours",""
"Sunshine Duration","1994 April","Malin Head","Hours","157.1"
"Sunshine Duration","1994 April","Claremorris","Hours","142.6"
"Sunshine Duration","1994 April","Valentia Observatory","Hours","150.3"
"Sunshine Duration","1994 April","Belmullet","Hours","165.1"
"Sunshine Duration","1994 April","Shannon Airport","Hours","160.4"
"Sunshine Duration","1994 April","Dublin Airport","Hours","176.2"
"Sunshine Duration","1994 April","Mullingar","Hours","167"
"Sunshine Duration","1994 April","Cork Airport","Hours","155.6"
"Sunshine Duration","1994 April","Casement","Hours","174"
"Sunshine Duration","1994 April","Phoenix Park","Hours",""
"Sunshine Duration","1994 April","Roches Point","Hours",""
"Sunshine Duration","1994 April","Markree","Hours",""
"Sunshine Duration","1994 May","Malin Head","Hours","197.2"
"Sunshine Duration","1994 May","Claremorris","Hours","112.2"
"Sunshine Duration","1994 May","Valentia Observatory","Hours","176.4"
"Sunshine Duration","1994 May","Belmullet","Hours","177.8"
"Sunshine Duration","1994 May","Shannon Airport","Hours","162.5"
"Sunshine Duration","1994 May","Dublin Airport","Hours","161.6"
"Sunshine Duration","1994 May","Mullingar","Hours","141.7"
"Sunshine Duration","1994 May","Cork Airport","Hours","145"
"Sunshine Duration","1994 May","Casement","Hours","158.5"
"Sunshine Duration","1994 May","Phoenix Park","Hours",""
"Sunshine Duration","1994 May","Roches Point","Hours",""
"Sunshine Duration","1994 May","Markree","Hours",""
"Sunshine Duration","1994 June","Malin Head","Hours","104.1"
"Sunshine Duration","1994 June","Claremorris","Hours","123.5"
"Sunshine Duration","1994 June","Valentia Observatory","Hours","131.8"
"Sunshine Duration","1994 June","Belmullet","Hours","100.8"
"Sunshine Duration","1994 June","Shannon Airport","Hours","105.2"
"Sunshine Duration","1994 June","Dublin Airport","Hours","140.7"
"Sunshine Duration","1994 June","Mullingar","Hours","128"
"Sunshine Duration","1994 June","Cork Airport","Hours","150.5"
"Sunshine Duration","1994 June","Casement","Hours","135.6"
"Sunshine Duration","1994 June","Phoenix Park","Hours",""
"Sunshine Duration","1994 June","Roches Point","Hours",""
"Sunshine Duration","1994 June","Markree","Hours",""
"Sunshine Duration","1994 July","Malin Head","Hours","130.7"
"Sunshine Duration","1994 July","Claremorris","Hours","100.1"
"Sunshine Duration","1994 July","Valentia Observatory","Hours","119.7"
"Sunshine Duration","1994 July","Belmullet","Hours","128.8"
"Sunshine Duration","1994 July","Shannon Airport","Hours","98"
"Sunshine Duration","1994 July","Dublin Airport","Hours","139.8"
"Sunshine Duration","1994 July","Mullingar","Hours","113.1"
"Sunshine Duration","1994 July","Cork Airport","Hours","109.1"
"Sunshine Duration","1994 July","Casement","Hours","119.2"
"Sunshine Duration","1994 July","Phoenix Park","Hours",""
"Sunshine Duration","1994 July","Roches Point","Hours",""
"Sunshine Duration","1994 July","Markree","Hours",""
"Sunshine Duration","1994 August","Malin Head","Hours","145.1"
"Sunshine Duration","1994 August","Claremorris","Hours","105.7"
"Sunshine Duration","1994 August","Valentia Observatory","Hours","100.2"
"Sunshine Duration","1994 August","Belmullet","Hours","93.8"
"Sunshine Duration","1994 August","Shannon Airport","Hours","108.4"
"Sunshine Duration","1994 August","Dublin Airport","Hours","131.1"
"Sunshine Duration","1994 August","Mullingar","Hours","119.7"
"Sunshine Duration","1994 August","Cork Airport","Hours","119.5"
"Sunshine Duration","1994 August","Casement","Hours","139.6"
"Sunshine Duration","1994 August","Phoenix Park","Hours",""
"Sunshine Duration","1994 August","Roches Point","Hours",""
"Sunshine Duration","1994 August","Markree","Hours",""
"Sunshine Duration","1994 September","Malin Head","Hours","109"
"Sunshine Duration","1994 September","Claremorris","Hours","101.1"
"Sunshine Duration","1994 September","Valentia Observatory","Hours","117.8"
"Sunshine Duration","1994 September","Belmullet","Hours","116.5"
"Sunshine Duration","1994 September","Shannon Airport","Hours","104.7"
"Sunshine Duration","1994 September","Dublin Airport","Hours","110.5"
"Sunshine Duration","1994 September","Mullingar","Hours","104.9"
"Sunshine Duration","1994 September","Cork Airport","Hours","135.4"
"Sunshine Duration","1994 September","Casement","Hours","102.8"
"Sunshine Duration","1994 September","Phoenix Park","Hours",""
"Sunshine Duration","1994 September","Roches Point","Hours",""
"Sunshine Duration","1994 September","Markree","Hours",""
"Sunshine Duration","1994 October","Malin Head","Hours","84"
"Sunshine Duration","1994 October","Claremorris","Hours","84.4"
"Sunshine Duration","1994 October","Valentia Observatory","Hours","112.2"
"Sunshine Duration","1994 October","Belmullet","Hours","96.3"
"Sunshine Duration","1994 October","Shannon Airport","Hours","114.8"
"Sunshine Duration","1994 October","Dublin Airport","Hours","128.7"
"Sunshine Duration","1994 October","Mullingar","Hours","124.5"
"Sunshine Duration","1994 October","Cork Airport","Hours","119.8"
"Sunshine Duration","1994 October","Casement","Hours","130"
"Sunshine Duration","1994 October","Phoenix Park","Hours",""
"Sunshine Duration","1994 October","Roches Point","Hours",""
"Sunshine Duration","1994 October","Markree","Hours",""
"Sunshine Duration","1994 November","Malin Head","Hours","64.6"
"Sunshine Duration","1994 November","Claremorris","Hours","36.2"
"Sunshine Duration","1994 November","Valentia Observatory","Hours","31"
"Sunshine Duration","1994 November","Belmullet","Hours","47"
"Sunshine Duration","1994 November","Shannon Airport","Hours","44.4"
"Sunshine Duration","1994 November","Dublin Airport","Hours","52.6"
"Sunshine Duration","1994 November","Mullingar","Hours","45.2"
"Sunshine Duration","1994 November","Cork Airport","Hours","39.2"
"Sunshine Duration","1994 November","Casement","Hours","59.7"
"Sunshine Duration","1994 November","Phoenix Park","Hours",""
"Sunshine Duration","1994 November","Roches Point","Hours",""
"Sunshine Duration","1994 November","Markree","Hours",""
"Sunshine Duration","1994 December","Malin Head","Hours","35.3"
"Sunshine Duration","1994 December","Claremorris","Hours","30.7"
"Sunshine Duration","1994 December","Valentia Observatory","Hours","30.9"
"Sunshine Duration","1994 December","Belmullet","Hours","28.8"
"Sunshine Duration","1994 December","Shannon Airport","Hours","30.4"
"Sunshine Duration","1994 December","Dublin Airport","Hours","58.1"
"Sunshine Duration","1994 December","Mullingar","Hours","52.1"
"Sunshine Duration","1994 December","Cork Airport","Hours","53"
"Sunshine Duration","1994 December","Casement","Hours","52.6"
"Sunshine Duration","1994 December","Phoenix Park","Hours",""
"Sunshine Duration","1994 December","Roches Point","Hours",""
"Sunshine Duration","1994 December","Markree","Hours",""
"Sunshine Duration","1995 January","Malin Head","Hours","27.3"
"Sunshine Duration","1995 January","Claremorris","Hours","33.4"
"Sunshine Duration","1995 January","Valentia Observatory","Hours","28.3"
"Sunshine Duration","1995 January","Belmullet","Hours","23.1"
"Sunshine Duration","1995 January","Shannon Airport","Hours","32.1"
"Sunshine Duration","1995 January","Dublin Airport","Hours","41.5"
"Sunshine Duration","1995 January","Mullingar","Hours","33.4"
"Sunshine Duration","1995 January","Cork Airport","Hours","50.1"
"Sunshine Duration","1995 January","Casement","Hours","33.3"
"Sunshine Duration","1995 January","Phoenix Park","Hours",""
"Sunshine Duration","1995 January","Roches Point","Hours",""
"Sunshine Duration","1995 January","Markree","Hours",""
"Sunshine Duration","1995 February","Malin Head","Hours","46"
"Sunshine Duration","1995 February","Claremorris","Hours","37.5"
"Sunshine Duration","1995 February","Valentia Observatory","Hours","41.4"
"Sunshine Duration","1995 February","Belmullet","Hours","33.6"
"Sunshine Duration","1995 February","Shannon Airport","Hours","50.8"
"Sunshine Duration","1995 February","Dublin Airport","Hours","63.2"
"Sunshine Duration","1995 February","Mullingar","Hours","48.1"
"Sunshine Duration","1995 February","Cork Airport","Hours","71.6"
"Sunshine Duration","1995 February","Casement","Hours","51.2"
"Sunshine Duration","1995 February","Phoenix Park","Hours",""
"Sunshine Duration","1995 February","Roches Point","Hours",""
"Sunshine Duration","1995 February","Markree","Hours",""
"Sunshine Duration","1995 March","Malin Head","Hours","69.2"
"Sunshine Duration","1995 March","Claremorris","Hours","89.3"
"Sunshine Duration","1995 March","Valentia Observatory","Hours","78"
"Sunshine Duration","1995 March","Belmullet","Hours","74.5"
"Sunshine Duration","1995 March","Shannon Airport","Hours","82.7"
"Sunshine Duration","1995 March","Dublin Airport","Hours","122.7"
"Sunshine Duration","1995 March","Mullingar","Hours","106"
"Sunshine Duration","1995 March","Cork Airport","Hours","123.5"
"Sunshine Duration","1995 March","Casement","Hours","121.2"
"Sunshine Duration","1995 March","Phoenix Park","Hours",""
"Sunshine Duration","1995 March","Roches Point","Hours",""
"Sunshine Duration","1995 March","Markree","Hours",""
"Sunshine Duration","1995 April","Malin Head","Hours","140.4"
"Sunshine Duration","1995 April","Claremorris","Hours","145.4"
"Sunshine Duration","1995 April","Valentia Observatory","Hours","154.3"
"Sunshine Duration","1995 April","Belmullet","Hours","147.9"
"Sunshine Duration","1995 April","Shannon Airport","Hours","164.1"
"Sunshine Duration","1995 April","Dublin Airport","Hours","170.3"
"Sunshine Duration","1995 April","Mullingar","Hours","173.5"
"Sunshine Duration","1995 April","Cork Airport","Hours","178.1"
"Sunshine Duration","1995 April","Casement","Hours","156"
"Sunshine Duration","1995 April","Phoenix Park","Hours",""
"Sunshine Duration","1995 April","Roches Point","Hours",""
"Sunshine Duration","1995 April","Markree","Hours",""
"Sunshine Duration","1995 May","Malin Head","Hours","192.9"
"Sunshine Duration","1995 May","Claremorris","Hours","141.6"
"Sunshine Duration","1995 May","Valentia Observatory","Hours","139.4"
"Sunshine Duration","1995 May","Belmullet","Hours","121.4"
"Sunshine Duration","1995 May","Shannon Airport","Hours","140.2"
"Sunshine Duration","1995 May","Dublin Airport","Hours","159.5"
"Sunshine Duration","1995 May","Mullingar","Hours","158.7"
"Sunshine Duration","1995 May","Cork Airport","Hours","163.9"
"Sunshine Duration","1995 May","Casement","Hours","154"
"Sunshine Duration","1995 May","Phoenix Park","Hours",""
"Sunshine Duration","1995 May","Roches Point","Hours",""
"Sunshine Duration","1995 May","Markree","Hours",""
"Sunshine Duration","1995 June","Malin Head","Hours","209.7"
"Sunshine Duration","1995 June","Claremorris","Hours","244.3"
"Sunshine Duration","1995 June","Valentia Observatory","Hours","229.5"
"Sunshine Duration","1995 June","Belmullet","Hours","223.4"
"Sunshine Duration","1995 June","Shannon Airport","Hours","221.2"
"Sunshine Duration","1995 June","Dublin Airport","Hours","240.5"
"Sunshine Duration","1995 June","Mullingar","Hours","259.3"
"Sunshine Duration","1995 June","Cork Airport","Hours","232.7"
"Sunshine Duration","1995 June","Casement","Hours","220.1"
"Sunshine Duration","1995 June","Phoenix Park","Hours",""
"Sunshine Duration","1995 June","Roches Point","Hours",""
"Sunshine Duration","1995 June","Markree","Hours",""
"Sunshine Duration","1995 July","Malin Head","Hours","146.1"
"Sunshine Duration","1995 July","Claremorris","Hours","120.2"
"Sunshine Duration","1995 July","Valentia Observatory","Hours","105.3"
"Sunshine Duration","1995 July","Belmullet","Hours","132.4"
"Sunshine Duration","1995 July","Shannon Airport","Hours","101.7"
"Sunshine Duration","1995 July","Dublin Airport","Hours","165.4"
"Sunshine Duration","1995 July","Mullingar","Hours","111.4"
"Sunshine Duration","1995 July","Cork Airport","Hours","131.5"
"Sunshine Duration","1995 July","Casement","Hours","156.6"
"Sunshine Duration","1995 July","Phoenix Park","Hours",""
"Sunshine Duration","1995 July","Roches Point","Hours",""
"Sunshine Duration","1995 July","Markree","Hours",""
"Sunshine Duration","1995 August","Malin Head","Hours","228.1"
"Sunshine Duration","1995 August","Claremorris","Hours","246"
"Sunshine Duration","1995 August","Valentia Observatory","Hours","198"
"Sunshine Duration","1995 August","Belmullet","Hours","197.3"
"Sunshine Duration","1995 August","Shannon Airport","Hours","245.5"
"Sunshine Duration","1995 August","Dublin Airport","Hours","274.3"
"Sunshine Duration","1995 August","Mullingar","Hours","271.7"
"Sunshine Duration","1995 August","Cork Airport","Hours","253"
"Sunshine Duration","1995 August","Casement","Hours","252.7"
"Sunshine Duration","1995 August","Phoenix Park","Hours",""
"Sunshine Duration","1995 August","Roches Point","Hours",""
"Sunshine Duration","1995 August","Markree","Hours",""
"Sunshine Duration","1995 September","Malin Head","Hours","132.6"
"Sunshine Duration","1995 September","Claremorris","Hours","134.6"
"Sunshine Duration","1995 September","Valentia Observatory","Hours","163.9"
"Sunshine Duration","1995 September","Belmullet","Hours","155.1"
"Sunshine Duration","1995 September","Shannon Airport","Hours","153"
"Sunshine Duration","1995 September","Dublin Airport","Hours","136.4"
"Sunshine Duration","1995 September","Mullingar","Hours","130"
"Sunshine Duration","1995 September","Cork Airport","Hours","157.3"
"Sunshine Duration","1995 September","Casement","Hours","129.3"
"Sunshine Duration","1995 September","Phoenix Park","Hours",""
"Sunshine Duration","1995 September","Roches Point","Hours",""
"Sunshine Duration","1995 September","Markree","Hours",""
"Sunshine Duration","1995 October","Malin Head","Hours","78.1"
"Sunshine Duration","1995 October","Claremorris","Hours","76.8"
"Sunshine Duration","1995 October","Valentia Observatory","Hours","69.7"
"Sunshine Duration","1995 October","Belmullet","Hours","57.3"
"Sunshine Duration","1995 October","Shannon Airport","Hours","91.8"
"Sunshine Duration","1995 October","Dublin Airport","Hours","110.4"
"Sunshine Duration","1995 October","Mullingar","Hours","100.2"
"Sunshine Duration","1995 October","Cork Airport","Hours","93.1"
"Sunshine Duration","1995 October","Casement","Hours","121.8"
"Sunshine Duration","1995 October","Phoenix Park","Hours",""
"Sunshine Duration","1995 October","Roches Point","Hours",""
"Sunshine Duration","1995 October","Markree","Hours",""
"Sunshine Duration","1995 November","Malin Head","Hours","45.2"
"Sunshine Duration","1995 November","Claremorris","Hours","55.9"
"Sunshine Duration","1995 November","Valentia Observatory","Hours","70.1"
"Sunshine Duration","1995 November","Belmullet","Hours","46.3"
"Sunshine Duration","1995 November","Shannon Airport","Hours","68.5"
"Sunshine Duration","1995 November","Dublin Airport","Hours","67.8"
"Sunshine Duration","1995 November","Mullingar","Hours","66.9"
"Sunshine Duration","1995 November","Cork Airport","Hours","73.4"
"Sunshine Duration","1995 November","Casement","Hours","76.1"
"Sunshine Duration","1995 November","Phoenix Park","Hours",""
"Sunshine Duration","1995 November","Roches Point","Hours",""
"Sunshine Duration","1995 November","Markree","Hours",""
"Sunshine Duration","1995 December","Malin Head","Hours","48.5"
"Sunshine Duration","1995 December","Claremorris","Hours","57"
"Sunshine Duration","1995 December","Valentia Observatory","Hours","58.7"
"Sunshine Duration","1995 December","Belmullet","Hours","61.1"
"Sunshine Duration","1995 December","Shannon Airport","Hours","56"
"Sunshine Duration","1995 December","Dublin Airport","Hours","57.8"
"Sunshine Duration","1995 December","Mullingar","Hours","59.2"
"Sunshine Duration","1995 December","Cork Airport","Hours","53.4"
"Sunshine Duration","1995 December","Casement","Hours","48.3"
"Sunshine Duration","1995 December","Phoenix Park","Hours",""
"Sunshine Duration","1995 December","Roches Point","Hours",""
"Sunshine Duration","1995 December","Markree","Hours",""
"Sunshine Duration","1996 January","Malin Head","Hours","24.3"
"Sunshine Duration","1996 January","Claremorris","Hours",""
"Sunshine Duration","1996 January","Valentia Observatory","Hours","31.2"
"Sunshine Duration","1996 January","Belmullet","Hours","36.1"
"Sunshine Duration","1996 January","Shannon Airport","Hours","39.2"
"Sunshine Duration","1996 January","Dublin Airport","Hours","16.4"
"Sunshine Duration","1996 January","Mullingar","Hours","19.8"
"Sunshine Duration","1996 January","Cork Airport","Hours","28.4"
"Sunshine Duration","1996 January","Casement","Hours","28"
"Sunshine Duration","1996 January","Phoenix Park","Hours",""
"Sunshine Duration","1996 January","Roches Point","Hours",""
"Sunshine Duration","1996 January","Markree","Hours",""
"Sunshine Duration","1996 February","Malin Head","Hours","103.8"
"Sunshine Duration","1996 February","Claremorris","Hours",""
"Sunshine Duration","1996 February","Valentia Observatory","Hours","95.6"
"Sunshine Duration","1996 February","Belmullet","Hours","100.8"
"Sunshine Duration","1996 February","Shannon Airport","Hours","103.5"
"Sunshine Duration","1996 February","Dublin Airport","Hours","93.1"
"Sunshine Duration","1996 February","Mullingar","Hours","96.4"
"Sunshine Duration","1996 February","Cork Airport","Hours","109.6"
"Sunshine Duration","1996 February","Casement","Hours","88.3"
"Sunshine Duration","1996 February","Phoenix Park","Hours",""
"Sunshine Duration","1996 February","Roches Point","Hours",""
"Sunshine Duration","1996 February","Markree","Hours",""
"Sunshine Duration","1996 March","Malin Head","Hours","67.5"
"Sunshine Duration","1996 March","Claremorris","Hours","46.3"
"Sunshine Duration","1996 March","Valentia Observatory","Hours","64.1"
"Sunshine Duration","1996 March","Belmullet","Hours","66.7"
"Sunshine Duration","1996 March","Shannon Airport","Hours","57.3"
"Sunshine Duration","1996 March","Dublin Airport","Hours","46.4"
"Sunshine Duration","1996 March","Mullingar","Hours","45.7"
"Sunshine Duration","1996 March","Cork Airport","Hours","55.1"
"Sunshine Duration","1996 March","Casement","Hours","51.1"
"Sunshine Duration","1996 March","Phoenix Park","Hours",""
"Sunshine Duration","1996 March","Roches Point","Hours",""
"Sunshine Duration","1996 March","Markree","Hours",""
"Sunshine Duration","1996 April","Malin Head","Hours","148.4"
"Sunshine Duration","1996 April","Claremorris","Hours",""
"Sunshine Duration","1996 April","Valentia Observatory","Hours","115.1"
"Sunshine Duration","1996 April","Belmullet","Hours","140.9"
"Sunshine Duration","1996 April","Shannon Airport","Hours","117.6"
"Sunshine Duration","1996 April","Dublin Airport","Hours","110.1"
"Sunshine Duration","1996 April","Mullingar","Hours","120.7"
"Sunshine Duration","1996 April","Cork Airport","Hours","129.6"
"Sunshine Duration","1996 April","Casement","Hours","127.1"
"Sunshine Duration","1996 April","Phoenix Park","Hours",""
"Sunshine Duration","1996 April","Roches Point","Hours",""
"Sunshine Duration","1996 April","Markree","Hours",""
"Sunshine Duration","1996 May","Malin Head","Hours","244.8"
"Sunshine Duration","1996 May","Claremorris","Hours",""
"Sunshine Duration","1996 May","Valentia Observatory","Hours","208.4"
"Sunshine Duration","1996 May","Belmullet","Hours","262.5"
"Sunshine Duration","1996 May","Shannon Airport","Hours","185.9"
"Sunshine Duration","1996 May","Dublin Airport","Hours","207.4"
"Sunshine Duration","1996 May","Mullingar","Hours","178.8"
"Sunshine Duration","1996 May","Cork Airport","Hours","200.1"
"Sunshine Duration","1996 May","Casement","Hours","200.6"
"Sunshine Duration","1996 May","Phoenix Park","Hours",""
"Sunshine Duration","1996 May","Roches Point","Hours",""
"Sunshine Duration","1996 May","Markree","Hours",""
"Sunshine Duration","1996 June","Malin Head","Hours","204.2"
"Sunshine Duration","1996 June","Claremorris","Hours",""
"Sunshine Duration","1996 June","Valentia Observatory","Hours","211.2"
"Sunshine Duration","1996 June","Belmullet","Hours","219.7"
"Sunshine Duration","1996 June","Shannon Airport","Hours","220.2"
"Sunshine Duration","1996 June","Dublin Airport","Hours","224.2"
"Sunshine Duration","1996 June","Mullingar","Hours","220.6"
"Sunshine Duration","1996 June","Cork Airport","Hours","252.6"
"Sunshine Duration","1996 June","Casement","Hours","237.1"
"Sunshine Duration","1996 June","Phoenix Park","Hours",""
"Sunshine Duration","1996 June","Roches Point","Hours",""
"Sunshine Duration","1996 June","Markree","Hours",""
"Sunshine Duration","1996 July","Malin Head","Hours","134.5"
"Sunshine Duration","1996 July","Claremorris","Hours",""
"Sunshine Duration","1996 July","Valentia Observatory","Hours","129.8"
"Sunshine Duration","1996 July","Belmullet","Hours","120.1"
"Sunshine Duration","1996 July","Shannon Airport","Hours","123.8"
"Sunshine Duration","1996 July","Dublin Airport","Hours","168.9"
"Sunshine Duration","1996 July","Mullingar","Hours","151.6"
"Sunshine Duration","1996 July","Cork Airport","Hours","175.6"
"Sunshine Duration","1996 July","Casement","Hours","161.4"
"Sunshine Duration","1996 July","Phoenix Park","Hours",""
"Sunshine Duration","1996 July","Roches Point","Hours",""
"Sunshine Duration","1996 July","Markree","Hours",""
"Sunshine Duration","1996 August","Malin Head","Hours","101.8"
"Sunshine Duration","1996 August","Claremorris","Hours",""
"Sunshine Duration","1996 August","Valentia Observatory","Hours","137.4"
"Sunshine Duration","1996 August","Belmullet","Hours","127"
"Sunshine Duration","1996 August","Shannon Airport","Hours","128"
"Sunshine Duration","1996 August","Dublin Airport","Hours","130.7"
"Sunshine Duration","1996 August","Mullingar","Hours","107.2"
"Sunshine Duration","1996 August","Cork Airport","Hours","161.8"
"Sunshine Duration","1996 August","Casement","Hours","117.5"
"Sunshine Duration","1996 August","Phoenix Park","Hours",""
"Sunshine Duration","1996 August","Roches Point","Hours",""
"Sunshine Duration","1996 August","Markree","Hours",""
"Sunshine Duration","1996 September","Malin Head","Hours","160.8"
"Sunshine Duration","1996 September","Claremorris","Hours",""
"Sunshine Duration","1996 September","Valentia Observatory","Hours","151.9"
"Sunshine Duration","1996 September","Belmullet","Hours","143.8"
"Sunshine Duration","1996 September","Shannon Airport","Hours","158.1"
"Sunshine Duration","1996 September","Dublin Airport","Hours","159.2"
"Sunshine Duration","1996 September","Mullingar","Hours","148.7"
"Sunshine Duration","1996 September","Cork Airport","Hours","161.4"
"Sunshine Duration","1996 September","Casement","Hours","155.7"
"Sunshine Duration","1996 September","Phoenix Park","Hours",""
"Sunshine Duration","1996 September","Roches Point","Hours",""
"Sunshine Duration","1996 September","Markree","Hours",""
"Sunshine Duration","1996 October","Malin Head","Hours","64.3"
"Sunshine Duration","1996 October","Claremorris","Hours",""
"Sunshine Duration","1996 October","Valentia Observatory","Hours","49.5"
"Sunshine Duration","1996 October","Belmullet","Hours","59.6"
"Sunshine Duration","1996 October","Shannon Airport","Hours","50.4"
"Sunshine Duration","1996 October","Dublin Airport","Hours","73.5"
"Sunshine Duration","1996 October","Mullingar","Hours","61.6"
"Sunshine Duration","1996 October","Cork Airport","Hours","69.7"
"Sunshine Duration","1996 October","Casement","Hours","82.8"
"Sunshine Duration","1996 October","Phoenix Park","Hours",""
"Sunshine Duration","1996 October","Roches Point","Hours",""
"Sunshine Duration","1996 October","Markree","Hours",""
"Sunshine Duration","1996 November","Malin Head","Hours","63.8"
"Sunshine Duration","1996 November","Claremorris","Hours",""
"Sunshine Duration","1996 November","Valentia Observatory","Hours","57.9"
"Sunshine Duration","1996 November","Belmullet","Hours","56.8"
"Sunshine Duration","1996 November","Shannon Airport","Hours","77"
"Sunshine Duration","1996 November","Dublin Airport","Hours","88.9"
"Sunshine Duration","1996 November","Mullingar","Hours","74.7"
"Sunshine Duration","1996 November","Cork Airport","Hours","91.6"
"Sunshine Duration","1996 November","Casement","Hours","78.3"
"Sunshine Duration","1996 November","Phoenix Park","Hours",""
"Sunshine Duration","1996 November","Roches Point","Hours",""
"Sunshine Duration","1996 November","Markree","Hours",""
"Sunshine Duration","1996 December","Malin Head","Hours","52.9"
"Sunshine Duration","1996 December","Claremorris","Hours",""
"Sunshine Duration","1996 December","Valentia Observatory","Hours","59.2"
"Sunshine Duration","1996 December","Belmullet","Hours","59.5"
"Sunshine Duration","1996 December","Shannon Airport","Hours","52.6"
"Sunshine Duration","1996 December","Dublin Airport","Hours","39.4"
"Sunshine Duration","1996 December","Mullingar","Hours","54.1"
"Sunshine Duration","1996 December","Cork Airport","Hours","51.5"
"Sunshine Duration","1996 December","Casement","Hours","29.4"
"Sunshine Duration","1996 December","Phoenix Park","Hours",""
"Sunshine Duration","1996 December","Roches Point","Hours",""
"Sunshine Duration","1996 December","Markree","Hours",""
"Sunshine Duration","1997 January","Malin Head","Hours","27.8"
"Sunshine Duration","1997 January","Claremorris","Hours",""
"Sunshine Duration","1997 January","Valentia Observatory","Hours","45.5"
"Sunshine Duration","1997 January","Belmullet","Hours","43.3"
"Sunshine Duration","1997 January","Shannon Airport","Hours","38.8"
"Sunshine Duration","1997 January","Dublin Airport","Hours","37.9"
"Sunshine Duration","1997 January","Mullingar","Hours","34.4"
"Sunshine Duration","1997 January","Cork Airport","Hours","31.2"
"Sunshine Duration","1997 January","Casement","Hours","48.9"
"Sunshine Duration","1997 January","Phoenix Park","Hours",""
"Sunshine Duration","1997 January","Roches Point","Hours",""
"Sunshine Duration","1997 January","Markree","Hours",""
"Sunshine Duration","1997 February","Malin Head","Hours","62.5"
"Sunshine Duration","1997 February","Claremorris","Hours",""
"Sunshine Duration","1997 February","Valentia Observatory","Hours","62.8"
"Sunshine Duration","1997 February","Belmullet","Hours","48.4"
"Sunshine Duration","1997 February","Shannon Airport","Hours","70.7"
"Sunshine Duration","1997 February","Dublin Airport","Hours","89.9"
"Sunshine Duration","1997 February","Mullingar","Hours","78.5"
"Sunshine Duration","1997 February","Cork Airport","Hours","74.7"
"Sunshine Duration","1997 February","Casement","Hours","92.7"
"Sunshine Duration","1997 February","Phoenix Park","Hours",""
"Sunshine Duration","1997 February","Roches Point","Hours",""
"Sunshine Duration","1997 February","Markree","Hours",""
"Sunshine Duration","1997 March","Malin Head","Hours","93.3"
"Sunshine Duration","1997 March","Claremorris","Hours",""
"Sunshine Duration","1997 March","Valentia Observatory","Hours","95.3"
"Sunshine Duration","1997 March","Belmullet","Hours","87.6"
"Sunshine Duration","1997 March","Shannon Airport","Hours","107.2"
"Sunshine Duration","1997 March","Dublin Airport","Hours","120.3"
"Sunshine Duration","1997 March","Mullingar","Hours","98.3"
"Sunshine Duration","1997 March","Cork Airport","Hours","112.9"
"Sunshine Duration","1997 March","Casement","Hours","108.7"
"Sunshine Duration","1997 March","Phoenix Park","Hours",""
"Sunshine Duration","1997 March","Roches Point","Hours",""
"Sunshine Duration","1997 March","Markree","Hours",""
"Sunshine Duration","1997 April","Malin Head","Hours","92.2"
"Sunshine Duration","1997 April","Claremorris","Hours",""
"Sunshine Duration","1997 April","Valentia Observatory","Hours","146"
"Sunshine Duration","1997 April","Belmullet","Hours","111.5"
"Sunshine Duration","1997 April","Shannon Airport","Hours","130.4"
"Sunshine Duration","1997 April","Dublin Airport","Hours","125.7"
"Sunshine Duration","1997 April","Mullingar","Hours","108.4"
"Sunshine Duration","1997 April","Cork Airport","Hours","164.1"
"Sunshine Duration","1997 April","Casement","Hours","132.6"
"Sunshine Duration","1997 April","Phoenix Park","Hours",""
"Sunshine Duration","1997 April","Roches Point","Hours",""
"Sunshine Duration","1997 April","Markree","Hours",""
"Sunshine Duration","1997 May","Malin Head","Hours","225.2"
"Sunshine Duration","1997 May","Claremorris","Hours",""
"Sunshine Duration","1997 May","Valentia Observatory","Hours","246.3"
"Sunshine Duration","1997 May","Belmullet","Hours","215.5"
"Sunshine Duration","1997 May","Shannon Airport","Hours","229.1"
"Sunshine Duration","1997 May","Dublin Airport","Hours","207"
"Sunshine Duration","1997 May","Mullingar","Hours","211.5"
"Sunshine Duration","1997 May","Cork Airport","Hours","235.9"
"Sunshine Duration","1997 May","Casement","Hours","196.7"
"Sunshine Duration","1997 May","Phoenix Park","Hours",""
"Sunshine Duration","1997 May","Roches Point","Hours",""
"Sunshine Duration","1997 May","Markree","Hours",""
"Sunshine Duration","1997 June","Malin Head","Hours","187.2"
"Sunshine Duration","1997 June","Claremorris","Hours",""
"Sunshine Duration","1997 June","Valentia Observatory","Hours","137.6"
"Sunshine Duration","1997 June","Belmullet","Hours","158.2"
"Sunshine Duration","1997 June","Shannon Airport","Hours","125.9"
"Sunshine Duration","1997 June","Dublin Airport","Hours","139.2"
"Sunshine Duration","1997 June","Mullingar","Hours","142.1"
"Sunshine Duration","1997 June","Cork Airport","Hours","150.1"
"Sunshine Duration","1997 June","Casement","Hours","107.5"
"Sunshine Duration","1997 June","Phoenix Park","Hours",""
"Sunshine Duration","1997 June","Roches Point","Hours",""
"Sunshine Duration","1997 June","Markree","Hours",""
"Sunshine Duration","1997 July","Malin Head","Hours","157.7"
"Sunshine Duration","1997 July","Claremorris","Hours",""
"Sunshine Duration","1997 July","Valentia Observatory","Hours","157.9"
"Sunshine Duration","1997 July","Belmullet","Hours","136.1"
"Sunshine Duration","1997 July","Shannon Airport","Hours","145.2"
"Sunshine Duration","1997 July","Dublin Airport","Hours","169.3"
"Sunshine Duration","1997 July","Mullingar","Hours","139.7"
"Sunshine Duration","1997 July","Cork Airport","Hours","199"
"Sunshine Duration","1997 July","Casement","Hours","150.9"
"Sunshine Duration","1997 July","Phoenix Park","Hours",""
"Sunshine Duration","1997 July","Roches Point","Hours",""
"Sunshine Duration","1997 July","Markree","Hours",""
"Sunshine Duration","1997 August","Malin Head","Hours","205.5"
"Sunshine Duration","1997 August","Claremorris","Hours",""
"Sunshine Duration","1997 August","Valentia Observatory","Hours","113.5"
"Sunshine Duration","1997 August","Belmullet","Hours","139.6"
"Sunshine Duration","1997 August","Shannon Airport","Hours","112.3"
"Sunshine Duration","1997 August","Dublin Airport","Hours","154"
"Sunshine Duration","1997 August","Mullingar","Hours","138"
"Sunshine Duration","1997 August","Cork Airport","Hours","105.1"
"Sunshine Duration","1997 August","Casement","Hours","162.5"
"Sunshine Duration","1997 August","Phoenix Park","Hours",""
"Sunshine Duration","1997 August","Roches Point","Hours",""
"Sunshine Duration","1997 August","Markree","Hours",""
"Sunshine Duration","1997 September","Malin Head","Hours","151.9"
"Sunshine Duration","1997 September","Claremorris","Hours",""
"Sunshine Duration","1997 September","Valentia Observatory","Hours","83.9"
"Sunshine Duration","1997 September","Belmullet","Hours","104"
"Sunshine Duration","1997 September","Shannon Airport","Hours","78.3"
"Sunshine Duration","1997 September","Dublin Airport","Hours","142.5"
"Sunshine Duration","1997 September","Mullingar","Hours","123.7"
"Sunshine Duration","1997 September","Cork Airport","Hours","102.3"
"Sunshine Duration","1997 September","Casement","Hours","142.1"
"Sunshine Duration","1997 September","Phoenix Park","Hours",""
"Sunshine Duration","1997 September","Roches Point","Hours",""
"Sunshine Duration","1997 September","Markree","Hours",""
"Sunshine Duration","1997 October","Malin Head","Hours","79.2"
"Sunshine Duration","1997 October","Claremorris","Hours",""
"Sunshine Duration","1997 October","Valentia Observatory","Hours","58.4"
"Sunshine Duration","1997 October","Belmullet","Hours","91"
"Sunshine Duration","1997 October","Shannon Airport","Hours","69.5"
"Sunshine Duration","1997 October","Dublin Airport","Hours","94.9"
"Sunshine Duration","1997 October","Mullingar","Hours","97.6"
"Sunshine Duration","1997 October","Cork Airport","Hours","72.9"
"Sunshine Duration","1997 October","Casement","Hours","77.9"
"Sunshine Duration","1997 October","Phoenix Park","Hours",""
"Sunshine Duration","1997 October","Roches Point","Hours",""
"Sunshine Duration","1997 October","Markree","Hours",""
"Sunshine Duration","1997 November","Malin Head","Hours","35.1"
"Sunshine Duration","1997 November","Claremorris","Hours",""
"Sunshine Duration","1997 November","Valentia Observatory","Hours","47.3"
"Sunshine Duration","1997 November","Belmullet","Hours","33.7"
"Sunshine Duration","1997 November","Shannon Airport","Hours","47.5"
"Sunshine Duration","1997 November","Dublin Airport","Hours","50.2"
"Sunshine Duration","1997 November","Mullingar","Hours","43.9"
"Sunshine Duration","1997 November","Cork Airport","Hours","68.6"
"Sunshine Duration","1997 November","Casement","Hours","51.3"
"Sunshine Duration","1997 November","Phoenix Park","Hours",""
"Sunshine Duration","1997 November","Roches Point","Hours",""
"Sunshine Duration","1997 November","Markree","Hours",""
"Sunshine Duration","1997 December","Malin Head","Hours","36"
"Sunshine Duration","1997 December","Claremorris","Hours",""
"Sunshine Duration","1997 December","Valentia Observatory","Hours","55"
"Sunshine Duration","1997 December","Belmullet","Hours","43.9"
"Sunshine Duration","1997 December","Shannon Airport","Hours","45.9"
"Sunshine Duration","1997 December","Dublin Airport","Hours","46.7"
"Sunshine Duration","1997 December","Mullingar","Hours","52.4"
"Sunshine Duration","1997 December","Cork Airport","Hours","66.6"
"Sunshine Duration","1997 December","Casement","Hours","43.1"
"Sunshine Duration","1997 December","Phoenix Park","Hours",""
"Sunshine Duration","1997 December","Roches Point","Hours",""
"Sunshine Duration","1997 December","Markree","Hours",""
"Sunshine Duration","1998 January","Malin Head","Hours","57.2"
"Sunshine Duration","1998 January","Claremorris","Hours",""
"Sunshine Duration","1998 January","Valentia Observatory","Hours","40.3"
"Sunshine Duration","1998 January","Belmullet","Hours","48.3"
"Sunshine Duration","1998 January","Shannon Airport","Hours","57.4"
"Sunshine Duration","1998 January","Dublin Airport","Hours","47.6"
"Sunshine Duration","1998 January","Mullingar","Hours","50.8"
"Sunshine Duration","1998 January","Cork Airport","Hours","38.8"
"Sunshine Duration","1998 January","Casement","Hours","44.4"
"Sunshine Duration","1998 January","Phoenix Park","Hours",""
"Sunshine Duration","1998 January","Roches Point","Hours",""
"Sunshine Duration","1998 January","Markree","Hours",""
"Sunshine Duration","1998 February","Malin Head","Hours","39.6"
"Sunshine Duration","1998 February","Claremorris","Hours",""
"Sunshine Duration","1998 February","Valentia Observatory","Hours","38.9"
"Sunshine Duration","1998 February","Belmullet","Hours","41.2"
"Sunshine Duration","1998 February","Shannon Airport","Hours","44.9"
"Sunshine Duration","1998 February","Dublin Airport","Hours","77"
"Sunshine Duration","1998 February","Mullingar","Hours","61.4"
"Sunshine Duration","1998 February","Cork Airport","Hours","54.4"
"Sunshine Duration","1998 February","Casement","Hours","67.3"
"Sunshine Duration","1998 February","Phoenix Park","Hours",""
"Sunshine Duration","1998 February","Roches Point","Hours",""
"Sunshine Duration","1998 February","Markree","Hours",""
"Sunshine Duration","1998 March","Malin Head","Hours","52.2"
"Sunshine Duration","1998 March","Claremorris","Hours",""
"Sunshine Duration","1998 March","Valentia Observatory","Hours","63.4"
"Sunshine Duration","1998 March","Belmullet","Hours","57.3"
"Sunshine Duration","1998 March","Shannon Airport","Hours","61.9"
"Sunshine Duration","1998 March","Dublin Airport","Hours","72"
"Sunshine Duration","1998 March","Mullingar","Hours","61"
"Sunshine Duration","1998 March","Cork Airport","Hours","79.1"
"Sunshine Duration","1998 March","Casement","Hours","71"
"Sunshine Duration","1998 March","Phoenix Park","Hours",""
"Sunshine Duration","1998 March","Roches Point","Hours",""
"Sunshine Duration","1998 March","Markree","Hours",""
"Sunshine Duration","1998 April","Malin Head","Hours","152.3"
"Sunshine Duration","1998 April","Claremorris","Hours",""
"Sunshine Duration","1998 April","Valentia Observatory","Hours","172.3"
"Sunshine Duration","1998 April","Belmullet","Hours","176.7"
"Sunshine Duration","1998 April","Shannon Airport","Hours","171"
"Sunshine Duration","1998 April","Dublin Airport","Hours","132.1"
"Sunshine Duration","1998 April","Mullingar","Hours","150.1"
"Sunshine Duration","1998 April","Cork Airport","Hours","178.7"
"Sunshine Duration","1998 April","Casement","Hours","117.4"
"Sunshine Duration","1998 April","Phoenix Park","Hours",""
"Sunshine Duration","1998 April","Roches Point","Hours",""
"Sunshine Duration","1998 April","Markree","Hours",""
"Sunshine Duration","1998 May","Malin Head","Hours","173"
"Sunshine Duration","1998 May","Claremorris","Hours",""
"Sunshine Duration","1998 May","Valentia Observatory","Hours","172.2"
"Sunshine Duration","1998 May","Belmullet","Hours","163.1"
"Sunshine Duration","1998 May","Shannon Airport","Hours","142.6"
"Sunshine Duration","1998 May","Dublin Airport","Hours","196.2"
"Sunshine Duration","1998 May","Mullingar","Hours","159.1"
"Sunshine Duration","1998 May","Cork Airport","Hours","186.5"
"Sunshine Duration","1998 May","Casement","Hours","167.9"
"Sunshine Duration","1998 May","Phoenix Park","Hours",""
"Sunshine Duration","1998 May","Roches Point","Hours",""
"Sunshine Duration","1998 May","Markree","Hours",""
"Sunshine Duration","1998 June","Malin Head","Hours","188.4"
"Sunshine Duration","1998 June","Claremorris","Hours",""
"Sunshine Duration","1998 June","Valentia Observatory","Hours","123.8"
"Sunshine Duration","1998 June","Belmullet","Hours","172.9"
"Sunshine Duration","1998 June","Shannon Airport","Hours","139.5"
"Sunshine Duration","1998 June","Dublin Airport","Hours","152.7"
"Sunshine Duration","1998 June","Mullingar","Hours","132.2"
"Sunshine Duration","1998 June","Cork Airport","Hours","148.4"
"Sunshine Duration","1998 June","Casement","Hours","126.9"
"Sunshine Duration","1998 June","Phoenix Park","Hours",""
"Sunshine Duration","1998 June","Roches Point","Hours",""
"Sunshine Duration","1998 June","Markree","Hours",""
"Sunshine Duration","1998 July","Malin Head","Hours","84.2"
"Sunshine Duration","1998 July","Claremorris","Hours",""
"Sunshine Duration","1998 July","Valentia Observatory","Hours","112.8"
"Sunshine Duration","1998 July","Belmullet","Hours","83.4"
"Sunshine Duration","1998 July","Shannon Airport","Hours","105.8"
"Sunshine Duration","1998 July","Dublin Airport","Hours","133.5"
"Sunshine Duration","1998 July","Mullingar","Hours","108"
"Sunshine Duration","1998 July","Cork Airport","Hours","158"
"Sunshine Duration","1998 July","Casement","Hours","108.6"
"Sunshine Duration","1998 July","Phoenix Park","Hours",""
"Sunshine Duration","1998 July","Roches Point","Hours",""
"Sunshine Duration","1998 July","Markree","Hours",""
"Sunshine Duration","1998 August","Malin Head","Hours","117.2"
"Sunshine Duration","1998 August","Claremorris","Hours",""
"Sunshine Duration","1998 August","Valentia Observatory","Hours","138.7"
"Sunshine Duration","1998 August","Belmullet","Hours","116.9"
"Sunshine Duration","1998 August","Shannon Airport","Hours","160.3"
"Sunshine Duration","1998 August","Dublin Airport","Hours","169.2"
"Sunshine Duration","1998 August","Mullingar","Hours","152.3"
"Sunshine Duration","1998 August","Cork Airport","Hours","200.3"
"Sunshine Duration","1998 August","Casement","Hours","148.1"
"Sunshine Duration","1998 August","Phoenix Park","Hours",""
"Sunshine Duration","1998 August","Roches Point","Hours",""
"Sunshine Duration","1998 August","Markree","Hours",""
"Sunshine Duration","1998 September","Malin Head","Hours","123.3"
"Sunshine Duration","1998 September","Claremorris","Hours",""
"Sunshine Duration","1998 September","Valentia Observatory","Hours","103.1"
"Sunshine Duration","1998 September","Belmullet","Hours","121.3"
"Sunshine Duration","1998 September","Shannon Airport","Hours","136.1"
"Sunshine Duration","1998 September","Dublin Airport","Hours","124.4"
"Sunshine Duration","1998 September","Mullingar","Hours","118"
"Sunshine Duration","1998 September","Cork Airport","Hours","137.3"
"Sunshine Duration","1998 September","Casement","Hours","121.5"
"Sunshine Duration","1998 September","Phoenix Park","Hours",""
"Sunshine Duration","1998 September","Roches Point","Hours",""
"Sunshine Duration","1998 September","Markree","Hours",""
"Sunshine Duration","1998 October","Malin Head","Hours","100.7"
"Sunshine Duration","1998 October","Claremorris","Hours",""
"Sunshine Duration","1998 October","Valentia Observatory","Hours","87.7"
"Sunshine Duration","1998 October","Belmullet","Hours","100.6"
"Sunshine Duration","1998 October","Shannon Airport","Hours","90.3"
"Sunshine Duration","1998 October","Dublin Airport","Hours","114.6"
"Sunshine Duration","1998 October","Mullingar","Hours","111"
"Sunshine Duration","1998 October","Cork Airport","Hours","115.8"
"Sunshine Duration","1998 October","Casement","Hours","99"
"Sunshine Duration","1998 October","Phoenix Park","Hours",""
"Sunshine Duration","1998 October","Roches Point","Hours",""
"Sunshine Duration","1998 October","Markree","Hours",""
"Sunshine Duration","1998 November","Malin Head","Hours","51.5"
"Sunshine Duration","1998 November","Claremorris","Hours",""
"Sunshine Duration","1998 November","Valentia Observatory","Hours","60.6"
"Sunshine Duration","1998 November","Belmullet","Hours","45.6"
"Sunshine Duration","1998 November","Shannon Airport","Hours","67.2"
"Sunshine Duration","1998 November","Dublin Airport","Hours","94.4"
"Sunshine Duration","1998 November","Mullingar","Hours","78.3"
"Sunshine Duration","1998 November","Cork Airport","Hours","94.3"
"Sunshine Duration","1998 November","Casement","Hours","84.6"
"Sunshine Duration","1998 November","Phoenix Park","Hours",""
"Sunshine Duration","1998 November","Roches Point","Hours",""
"Sunshine Duration","1998 November","Markree","Hours",""
"Sunshine Duration","1998 December","Malin Head","Hours","30.7"
"Sunshine Duration","1998 December","Claremorris","Hours",""
"Sunshine Duration","1998 December","Valentia Observatory","Hours","37.5"
"Sunshine Duration","1998 December","Belmullet","Hours","31.4"
"Sunshine Duration","1998 December","Shannon Airport","Hours","58"
"Sunshine Duration","1998 December","Dublin Airport","Hours","48"
"Sunshine Duration","1998 December","Mullingar","Hours","49"
"Sunshine Duration","1998 December","Cork Airport","Hours","57.5"
"Sunshine Duration","1998 December","Casement","Hours","45.3"
"Sunshine Duration","1998 December","Phoenix Park","Hours",""
"Sunshine Duration","1998 December","Roches Point","Hours",""
"Sunshine Duration","1998 December","Markree","Hours",""
"Sunshine Duration","1999 January","Malin Head","Hours","39.2"
"Sunshine Duration","1999 January","Claremorris","Hours",""
"Sunshine Duration","1999 January","Valentia Observatory","Hours","51.5"
"Sunshine Duration","1999 January","Belmullet","Hours","40.5"
"Sunshine Duration","1999 January","Shannon Airport","Hours","50"
"Sunshine Duration","1999 January","Dublin Airport","Hours","75.2"
"Sunshine Duration","1999 January","Mullingar","Hours","63.5"
"Sunshine Duration","1999 January","Cork Airport","Hours","74.7"
"Sunshine Duration","1999 January","Casement","Hours","60.8"
"Sunshine Duration","1999 January","Phoenix Park","Hours",""
"Sunshine Duration","1999 January","Roches Point","Hours",""
"Sunshine Duration","1999 January","Markree","Hours",""
"Sunshine Duration","1999 February","Malin Head","Hours","47.7"
"Sunshine Duration","1999 February","Claremorris","Hours",""
"Sunshine Duration","1999 February","Valentia Observatory","Hours","48.1"
"Sunshine Duration","1999 February","Belmullet","Hours","33.1"
"Sunshine Duration","1999 February","Shannon Airport","Hours","44.4"
"Sunshine Duration","1999 February","Dublin Airport","Hours","75.9"
"Sunshine Duration","1999 February","Mullingar","Hours","68.6"
"Sunshine Duration","1999 February","Cork Airport","Hours","61.1"
"Sunshine Duration","1999 February","Casement","Hours","63.3"
"Sunshine Duration","1999 February","Phoenix Park","Hours",""
"Sunshine Duration","1999 February","Roches Point","Hours",""
"Sunshine Duration","1999 February","Markree","Hours",""
"Sunshine Duration","1999 March","Malin Head","Hours","132.5"
"Sunshine Duration","1999 March","Claremorris","Hours",""
"Sunshine Duration","1999 March","Valentia Observatory","Hours","110.6"
"Sunshine Duration","1999 March","Belmullet","Hours","126.3"
"Sunshine Duration","1999 March","Shannon Airport","Hours","123.8"
"Sunshine Duration","1999 March","Dublin Airport","Hours","113.3"
"Sunshine Duration","1999 March","Mullingar","Hours","137"
"Sunshine Duration","1999 March","Cork Airport","Hours","136"
"Sunshine Duration","1999 March","Casement","Hours","97.5"
"Sunshine Duration","1999 March","Phoenix Park","Hours",""
"Sunshine Duration","1999 March","Roches Point","Hours",""
"Sunshine Duration","1999 March","Markree","Hours",""
"Sunshine Duration","1999 April","Malin Head","Hours","144.4"
"Sunshine Duration","1999 April","Claremorris","Hours",""
"Sunshine Duration","1999 April","Valentia Observatory","Hours","140"
"Sunshine Duration","1999 April","Belmullet","Hours","130.3"
"Sunshine Duration","1999 April","Shannon Airport","Hours","148.8"
"Sunshine Duration","1999 April","Dublin Airport","Hours","172.5"
"Sunshine Duration","1999 April","Mullingar","Hours","151.1"
"Sunshine Duration","1999 April","Cork Airport","Hours","159.4"
"Sunshine Duration","1999 April","Casement","Hours","155"
"Sunshine Duration","1999 April","Phoenix Park","Hours",""
"Sunshine Duration","1999 April","Roches Point","Hours",""
"Sunshine Duration","1999 April","Markree","Hours",""
"Sunshine Duration","1999 May","Malin Head","Hours","158"
"Sunshine Duration","1999 May","Claremorris","Hours",""
"Sunshine Duration","1999 May","Valentia Observatory","Hours","131.2"
"Sunshine Duration","1999 May","Belmullet","Hours","142.2"
"Sunshine Duration","1999 May","Shannon Airport","Hours","113.9"
"Sunshine Duration","1999 May","Dublin Airport","Hours","122.4"
"Sunshine Duration","1999 May","Mullingar","Hours","118.9"
"Sunshine Duration","1999 May","Cork Airport","Hours","120.1"
"Sunshine Duration","1999 May","Casement","Hours","125.5"
"Sunshine Duration","1999 May","Phoenix Park","Hours",""
"Sunshine Duration","1999 May","Roches Point","Hours",""
"Sunshine Duration","1999 May","Markree","Hours",""
"Sunshine Duration","1999 June","Malin Head","Hours","154.9"
"Sunshine Duration","1999 June","Claremorris","Hours",""
"Sunshine Duration","1999 June","Valentia Observatory","Hours","128.3"
"Sunshine Duration","1999 June","Belmullet","Hours","142.1"
"Sunshine Duration","1999 June","Shannon Airport","Hours","111.9"
"Sunshine Duration","1999 June","Dublin Airport","Hours","160.8"
"Sunshine Duration","1999 June","Mullingar","Hours","139.9"
"Sunshine Duration","1999 June","Cork Airport","Hours","148.3"
"Sunshine Duration","1999 June","Casement","Hours","153"
"Sunshine Duration","1999 June","Phoenix Park","Hours",""
"Sunshine Duration","1999 June","Roches Point","Hours",""
"Sunshine Duration","1999 June","Markree","Hours",""
"Sunshine Duration","1999 July","Malin Head","Hours","177.1"
"Sunshine Duration","1999 July","Claremorris","Hours",""
"Sunshine Duration","1999 July","Valentia Observatory","Hours","158.2"
"Sunshine Duration","1999 July","Belmullet","Hours","149.2"
"Sunshine Duration","1999 July","Shannon Airport","Hours","151"
"Sunshine Duration","1999 July","Dublin Airport","Hours","189"
"Sunshine Duration","1999 July","Mullingar","Hours","195"
"Sunshine Duration","1999 July","Cork Airport","Hours","176.5"
"Sunshine Duration","1999 July","Casement","Hours","190.8"
"Sunshine Duration","1999 July","Phoenix Park","Hours",""
"Sunshine Duration","1999 July","Roches Point","Hours",""
"Sunshine Duration","1999 July","Markree","Hours",""
"Sunshine Duration","1999 August","Malin Head","Hours","149.4"
"Sunshine Duration","1999 August","Claremorris","Hours",""
"Sunshine Duration","1999 August","Valentia Observatory","Hours","132.8"
"Sunshine Duration","1999 August","Belmullet","Hours","141.6"
"Sunshine Duration","1999 August","Shannon Airport","Hours","116"
"Sunshine Duration","1999 August","Dublin Airport","Hours","154.5"
"Sunshine Duration","1999 August","Mullingar","Hours","127.3"
"Sunshine Duration","1999 August","Cork Airport","Hours","121.8"
"Sunshine Duration","1999 August","Casement","Hours","141.6"
"Sunshine Duration","1999 August","Phoenix Park","Hours",""
"Sunshine Duration","1999 August","Roches Point","Hours",""
"Sunshine Duration","1999 August","Markree","Hours",""
"Sunshine Duration","1999 September","Malin Head","Hours","101.9"
"Sunshine Duration","1999 September","Claremorris","Hours",""
"Sunshine Duration","1999 September","Valentia Observatory","Hours","115"
"Sunshine Duration","1999 September","Belmullet","Hours","105.3"
"Sunshine Duration","1999 September","Shannon Airport","Hours","105.4"
"Sunshine Duration","1999 September","Dublin Airport","Hours","111"
"Sunshine Duration","1999 September","Mullingar","Hours","103.7"
"Sunshine Duration","1999 September","Cork Airport","Hours","119.6"
"Sunshine Duration","1999 September","Casement","Hours","127.4"
"Sunshine Duration","1999 September","Phoenix Park","Hours",""
"Sunshine Duration","1999 September","Roches Point","Hours",""
"Sunshine Duration","1999 September","Markree","Hours",""
"Sunshine Duration","1999 October","Malin Head","Hours","76.6"
"Sunshine Duration","1999 October","Claremorris","Hours",""
"Sunshine Duration","1999 October","Valentia Observatory","Hours","71.9"
"Sunshine Duration","1999 October","Belmullet","Hours","83"
"Sunshine Duration","1999 October","Shannon Airport","Hours","95.1"
"Sunshine Duration","1999 October","Dublin Airport","Hours","108.1"
"Sunshine Duration","1999 October","Mullingar","Hours","115.6"
"Sunshine Duration","1999 October","Cork Airport","Hours","109.8"
"Sunshine Duration","1999 October","Casement","Hours","109.2"
"Sunshine Duration","1999 October","Phoenix Park","Hours",""
"Sunshine Duration","1999 October","Roches Point","Hours",""
"Sunshine Duration","1999 October","Markree","Hours",""
"Sunshine Duration","1999 November","Malin Head","Hours","36"
"Sunshine Duration","1999 November","Claremorris","Hours",""
"Sunshine Duration","1999 November","Valentia Observatory","Hours","61.7"
"Sunshine Duration","1999 November","Belmullet","Hours","40"
"Sunshine Duration","1999 November","Shannon Airport","Hours","54.5"
"Sunshine Duration","1999 November","Dublin Airport","Hours","76.4"
"Sunshine Duration","1999 November","Mullingar","Hours","71.3"
"Sunshine Duration","1999 November","Cork Airport","Hours","69.3"
"Sunshine Duration","1999 November","Casement","Hours","67.7"
"Sunshine Duration","1999 November","Phoenix Park","Hours",""
"Sunshine Duration","1999 November","Roches Point","Hours",""
"Sunshine Duration","1999 November","Markree","Hours",""
"Sunshine Duration","1999 December","Malin Head","Hours","28.7"
"Sunshine Duration","1999 December","Claremorris","Hours",""
"Sunshine Duration","1999 December","Valentia Observatory","Hours","36.7"
"Sunshine Duration","1999 December","Belmullet","Hours","17.7"
"Sunshine Duration","1999 December","Shannon Airport","Hours","49.6"
"Sunshine Duration","1999 December","Dublin Airport","Hours","53.3"
"Sunshine Duration","1999 December","Mullingar","Hours","55.5"
"Sunshine Duration","1999 December","Cork Airport","Hours","72.4"
"Sunshine Duration","1999 December","Casement","Hours","42.8"
"Sunshine Duration","1999 December","Phoenix Park","Hours",""
"Sunshine Duration","1999 December","Roches Point","Hours",""
"Sunshine Duration","1999 December","Markree","Hours",""
"Sunshine Duration","2000 January","Malin Head","Hours","26"
"Sunshine Duration","2000 January","Claremorris","Hours",""
"Sunshine Duration","2000 January","Valentia Observatory","Hours","58.8"
"Sunshine Duration","2000 January","Belmullet","Hours","33.6"
"Sunshine Duration","2000 January","Shannon Airport","Hours","51.7"
"Sunshine Duration","2000 January","Dublin Airport","Hours","56.6"
"Sunshine Duration","2000 January","Mullingar","Hours","54.8"
"Sunshine Duration","2000 January","Cork Airport","Hours","77.1"
"Sunshine Duration","2000 January","Casement","Hours","38.6"
"Sunshine Duration","2000 January","Phoenix Park","Hours",""
"Sunshine Duration","2000 January","Roches Point","Hours",""
"Sunshine Duration","2000 January","Markree","Hours",""
"Sunshine Duration","2000 February","Malin Head","Hours","57.7"
"Sunshine Duration","2000 February","Claremorris","Hours",""
"Sunshine Duration","2000 February","Valentia Observatory","Hours","47.5"
"Sunshine Duration","2000 February","Belmullet","Hours","50.4"
"Sunshine Duration","2000 February","Shannon Airport","Hours","69"
"Sunshine Duration","2000 February","Dublin Airport","Hours","90.6"
"Sunshine Duration","2000 February","Mullingar","Hours","81.8"
"Sunshine Duration","2000 February","Cork Airport","Hours","85.6"
"Sunshine Duration","2000 February","Casement","Hours","89.1"
"Sunshine Duration","2000 February","Phoenix Park","Hours",""
"Sunshine Duration","2000 February","Roches Point","Hours",""
"Sunshine Duration","2000 February","Markree","Hours",""
"Sunshine Duration","2000 March","Malin Head","Hours","74.6"
"Sunshine Duration","2000 March","Claremorris","Hours",""
"Sunshine Duration","2000 March","Valentia Observatory","Hours","106.1"
"Sunshine Duration","2000 March","Belmullet","Hours","72.9"
"Sunshine Duration","2000 March","Shannon Airport","Hours","93.4"
"Sunshine Duration","2000 March","Dublin Airport","Hours","102.9"
"Sunshine Duration","2000 March","Mullingar","Hours","89.1"
"Sunshine Duration","2000 March","Cork Airport","Hours","122.3"
"Sunshine Duration","2000 March","Casement","Hours","84.9"
"Sunshine Duration","2000 March","Phoenix Park","Hours",""
"Sunshine Duration","2000 March","Roches Point","Hours",""
"Sunshine Duration","2000 March","Markree","Hours",""
"Sunshine Duration","2000 April","Malin Head","Hours","149.1"
"Sunshine Duration","2000 April","Claremorris","Hours",""
"Sunshine Duration","2000 April","Valentia Observatory","Hours","181.4"
"Sunshine Duration","2000 April","Belmullet","Hours","148.2"
"Sunshine Duration","2000 April","Shannon Airport","Hours","153"
"Sunshine Duration","2000 April","Dublin Airport","Hours","154.5"
"Sunshine Duration","2000 April","Mullingar","Hours","142.1"
"Sunshine Duration","2000 April","Cork Airport","Hours","147"
"Sunshine Duration","2000 April","Casement","Hours","149.7"
"Sunshine Duration","2000 April","Phoenix Park","Hours",""
"Sunshine Duration","2000 April","Roches Point","Hours",""
"Sunshine Duration","2000 April","Markree","Hours",""
"Sunshine Duration","2000 May","Malin Head","Hours","278.7"
"Sunshine Duration","2000 May","Claremorris","Hours",""
"Sunshine Duration","2000 May","Valentia Observatory","Hours","185.6"
"Sunshine Duration","2000 May","Belmullet","Hours","232.2"
"Sunshine Duration","2000 May","Shannon Airport","Hours","239.2"
"Sunshine Duration","2000 May","Dublin Airport","Hours","261.8"
"Sunshine Duration","2000 May","Mullingar","Hours","249.9"
"Sunshine Duration","2000 May","Cork Airport","Hours","237.8"
"Sunshine Duration","2000 May","Casement","Hours","249"
"Sunshine Duration","2000 May","Phoenix Park","Hours",""
"Sunshine Duration","2000 May","Roches Point","Hours",""
"Sunshine Duration","2000 May","Markree","Hours",""
"Sunshine Duration","2000 June","Malin Head","Hours","155"
"Sunshine Duration","2000 June","Claremorris","Hours",""
"Sunshine Duration","2000 June","Valentia Observatory","Hours","153.6"
"Sunshine Duration","2000 June","Belmullet","Hours","126.5"
"Sunshine Duration","2000 June","Shannon Airport","Hours","149.5"
"Sunshine Duration","2000 June","Dublin Airport","Hours","165.5"
"Sunshine Duration","2000 June","Mullingar","Hours","143.5"
"Sunshine Duration","2000 June","Cork Airport","Hours","130.4"
"Sunshine Duration","2000 June","Casement","Hours","170.1"
"Sunshine Duration","2000 June","Phoenix Park","Hours",""
"Sunshine Duration","2000 June","Roches Point","Hours",""
"Sunshine Duration","2000 June","Markree","Hours",""
"Sunshine Duration","2000 July","Malin Head","Hours","180.1"
"Sunshine Duration","2000 July","Claremorris","Hours",""
"Sunshine Duration","2000 July","Valentia Observatory","Hours","168.6"
"Sunshine Duration","2000 July","Belmullet","Hours","141.4"
"Sunshine Duration","2000 July","Shannon Airport","Hours","155.1"
"Sunshine Duration","2000 July","Dublin Airport","Hours","162.7"
"Sunshine Duration","2000 July","Mullingar","Hours","145.8"
"Sunshine Duration","2000 July","Cork Airport","Hours","165.9"
"Sunshine Duration","2000 July","Casement","Hours","152.2"
"Sunshine Duration","2000 July","Phoenix Park","Hours",""
"Sunshine Duration","2000 July","Roches Point","Hours",""
"Sunshine Duration","2000 July","Markree","Hours",""
"Sunshine Duration","2000 August","Malin Head","Hours","197.5"
"Sunshine Duration","2000 August","Claremorris","Hours",""
"Sunshine Duration","2000 August","Valentia Observatory","Hours","151.5"
"Sunshine Duration","2000 August","Belmullet","Hours","176.7"
"Sunshine Duration","2000 August","Shannon Airport","Hours","194.9"
"Sunshine Duration","2000 August","Dublin Airport","Hours","172.4"
"Sunshine Duration","2000 August","Mullingar","Hours","187.4"
"Sunshine Duration","2000 August","Cork Airport","Hours","174.9"
"Sunshine Duration","2000 August","Casement","Hours","175.1"
"Sunshine Duration","2000 August","Phoenix Park","Hours",""
"Sunshine Duration","2000 August","Roches Point","Hours",""
"Sunshine Duration","2000 August","Markree","Hours",""
"Sunshine Duration","2000 September","Malin Head","Hours","109.6"
"Sunshine Duration","2000 September","Claremorris","Hours",""
"Sunshine Duration","2000 September","Valentia Observatory","Hours","111.5"
"Sunshine Duration","2000 September","Belmullet","Hours","124.7"
"Sunshine Duration","2000 September","Shannon Airport","Hours","115.1"
"Sunshine Duration","2000 September","Dublin Airport","Hours","104.4"
"Sunshine Duration","2000 September","Mullingar","Hours","109.2"
"Sunshine Duration","2000 September","Cork Airport","Hours","105.6"
"Sunshine Duration","2000 September","Casement","Hours","106.2"
"Sunshine Duration","2000 September","Phoenix Park","Hours",""
"Sunshine Duration","2000 September","Roches Point","Hours",""
"Sunshine Duration","2000 September","Markree","Hours",""
"Sunshine Duration","2000 October","Malin Head","Hours","78.8"
"Sunshine Duration","2000 October","Claremorris","Hours",""
"Sunshine Duration","2000 October","Valentia Observatory","Hours","82"
"Sunshine Duration","2000 October","Belmullet","Hours","101.9"
"Sunshine Duration","2000 October","Shannon Airport","Hours","103.1"
"Sunshine Duration","2000 October","Dublin Airport","Hours","123"
"Sunshine Duration","2000 October","Mullingar","Hours","120"
"Sunshine Duration","2000 October","Cork Airport","Hours","122.5"
"Sunshine Duration","2000 October","Casement","Hours","117.2"
"Sunshine Duration","2000 October","Phoenix Park","Hours",""
"Sunshine Duration","2000 October","Roches Point","Hours",""
"Sunshine Duration","2000 October","Markree","Hours",""
"Sunshine Duration","2000 November","Malin Head","Hours","33.3"
"Sunshine Duration","2000 November","Claremorris","Hours",""
"Sunshine Duration","2000 November","Valentia Observatory","Hours","61.4"
"Sunshine Duration","2000 November","Belmullet","Hours","46.8"
"Sunshine Duration","2000 November","Shannon Airport","Hours","60.7"
"Sunshine Duration","2000 November","Dublin Airport","Hours","65.4"
"Sunshine Duration","2000 November","Mullingar","Hours","71"
"Sunshine Duration","2000 November","Cork Airport","Hours","77.4"
"Sunshine Duration","2000 November","Casement","Hours","48.9"
"Sunshine Duration","2000 November","Phoenix Park","Hours",""
"Sunshine Duration","2000 November","Roches Point","Hours",""
"Sunshine Duration","2000 November","Markree","Hours",""
"Sunshine Duration","2000 December","Malin Head","Hours","42.9"
"Sunshine Duration","2000 December","Claremorris","Hours",""
"Sunshine Duration","2000 December","Valentia Observatory","Hours","39.5"
"Sunshine Duration","2000 December","Belmullet","Hours","51.3"
"Sunshine Duration","2000 December","Shannon Airport","Hours","53.8"
"Sunshine Duration","2000 December","Dublin Airport","Hours","34.2"
"Sunshine Duration","2000 December","Mullingar","Hours","37.6"
"Sunshine Duration","2000 December","Cork Airport","Hours","60"
"Sunshine Duration","2000 December","Casement","Hours","41.8"
"Sunshine Duration","2000 December","Phoenix Park","Hours",""
"Sunshine Duration","2000 December","Roches Point","Hours",""
"Sunshine Duration","2000 December","Markree","Hours",""
"Sunshine Duration","2001 January","Malin Head","Hours","77.7"
"Sunshine Duration","2001 January","Claremorris","Hours",""
"Sunshine Duration","2001 January","Valentia Observatory","Hours","63.9"
"Sunshine Duration","2001 January","Belmullet","Hours","85.8"
"Sunshine Duration","2001 January","Shannon Airport","Hours","64.8"
"Sunshine Duration","2001 January","Dublin Airport","Hours","68.8"
"Sunshine Duration","2001 January","Mullingar","Hours","79.5"
"Sunshine Duration","2001 January","Cork Airport","Hours","69.5"
"Sunshine Duration","2001 January","Casement","Hours","79"
"Sunshine Duration","2001 January","Phoenix Park","Hours",""
"Sunshine Duration","2001 January","Roches Point","Hours",""
"Sunshine Duration","2001 January","Markree","Hours",""
"Sunshine Duration","2001 February","Malin Head","Hours","88.7"
"Sunshine Duration","2001 February","Claremorris","Hours",""
"Sunshine Duration","2001 February","Valentia Observatory","Hours","82.8"
"Sunshine Duration","2001 February","Belmullet","Hours","84.7"
"Sunshine Duration","2001 February","Shannon Airport","Hours","89.5"
"Sunshine Duration","2001 February","Dublin Airport","Hours","98.3"
"Sunshine Duration","2001 February","Mullingar","Hours","98.5"
"Sunshine Duration","2001 February","Cork Airport","Hours","89"
"Sunshine Duration","2001 February","Casement","Hours","83.1"
"Sunshine Duration","2001 February","Phoenix Park","Hours",""
"Sunshine Duration","2001 February","Roches Point","Hours",""
"Sunshine Duration","2001 February","Markree","Hours",""
"Sunshine Duration","2001 March","Malin Head","Hours","125"
"Sunshine Duration","2001 March","Claremorris","Hours",""
"Sunshine Duration","2001 March","Valentia Observatory","Hours","113.7"
"Sunshine Duration","2001 March","Belmullet","Hours","107.9"
"Sunshine Duration","2001 March","Shannon Airport","Hours","109.9"
"Sunshine Duration","2001 March","Dublin Airport","Hours","122.2"
"Sunshine Duration","2001 March","Mullingar","Hours","110.8"
"Sunshine Duration","2001 March","Cork Airport","Hours","109.1"
"Sunshine Duration","2001 March","Casement","Hours","119.7"
"Sunshine Duration","2001 March","Phoenix Park","Hours",""
"Sunshine Duration","2001 March","Roches Point","Hours",""
"Sunshine Duration","2001 March","Markree","Hours",""
"Sunshine Duration","2001 April","Malin Head","Hours","152"
"Sunshine Duration","2001 April","Claremorris","Hours",""
"Sunshine Duration","2001 April","Valentia Observatory","Hours","136.3"
"Sunshine Duration","2001 April","Belmullet","Hours","128.1"
"Sunshine Duration","2001 April","Shannon Airport","Hours","144.5"
"Sunshine Duration","2001 April","Dublin Airport","Hours","145.9"
"Sunshine Duration","2001 April","Mullingar","Hours","146.7"
"Sunshine Duration","2001 April","Cork Airport","Hours","169"
"Sunshine Duration","2001 April","Casement","Hours","145.2"
"Sunshine Duration","2001 April","Phoenix Park","Hours",""
"Sunshine Duration","2001 April","Roches Point","Hours",""
"Sunshine Duration","2001 April","Markree","Hours",""
"Sunshine Duration","2001 May","Malin Head","Hours","221.9"
"Sunshine Duration","2001 May","Claremorris","Hours",""
"Sunshine Duration","2001 May","Valentia Observatory","Hours","223.9"
"Sunshine Duration","2001 May","Belmullet","Hours","232.6"
"Sunshine Duration","2001 May","Shannon Airport","Hours","199.2"
"Sunshine Duration","2001 May","Dublin Airport","Hours","239.8"
"Sunshine Duration","2001 May","Mullingar","Hours","233.3"
"Sunshine Duration","2001 May","Cork Airport","Hours","256.5"
"Sunshine Duration","2001 May","Casement","Hours","224.6"
"Sunshine Duration","2001 May","Phoenix Park","Hours",""
"Sunshine Duration","2001 May","Roches Point","Hours",""
"Sunshine Duration","2001 May","Markree","Hours",""
"Sunshine Duration","2001 June","Malin Head","Hours","135.8"
"Sunshine Duration","2001 June","Claremorris","Hours",""
"Sunshine Duration","2001 June","Valentia Observatory","Hours","169.3"
"Sunshine Duration","2001 June","Belmullet","Hours","141.3"
"Sunshine Duration","2001 June","Shannon Airport","Hours","147.3"
"Sunshine Duration","2001 June","Dublin Airport","Hours","166.1"
"Sunshine Duration","2001 June","Mullingar","Hours","138.8"
"Sunshine Duration","2001 June","Cork Airport","Hours","196.3"
"Sunshine Duration","2001 June","Casement","Hours","148.4"
"Sunshine Duration","2001 June","Phoenix Park","Hours",""
"Sunshine Duration","2001 June","Roches Point","Hours",""
"Sunshine Duration","2001 June","Markree","Hours",""
"Sunshine Duration","2001 July","Malin Head","Hours","137.6"
"Sunshine Duration","2001 July","Claremorris","Hours",""
"Sunshine Duration","2001 July","Valentia Observatory","Hours","176.8"
"Sunshine Duration","2001 July","Belmullet","Hours","148.4"
"Sunshine Duration","2001 July","Shannon Airport","Hours","151.3"
"Sunshine Duration","2001 July","Dublin Airport","Hours","143.3"
"Sunshine Duration","2001 July","Mullingar","Hours","115.9"
"Sunshine Duration","2001 July","Cork Airport","Hours","192.7"
"Sunshine Duration","2001 July","Casement","Hours","124.7"
"Sunshine Duration","2001 July","Phoenix Park","Hours",""
"Sunshine Duration","2001 July","Roches Point","Hours",""
"Sunshine Duration","2001 July","Markree","Hours",""
"Sunshine Duration","2001 August","Malin Head","Hours","164"
"Sunshine Duration","2001 August","Claremorris","Hours",""
"Sunshine Duration","2001 August","Valentia Observatory","Hours","177.3"
"Sunshine Duration","2001 August","Belmullet","Hours","169.1"
"Sunshine Duration","2001 August","Shannon Airport","Hours","184.4"
"Sunshine Duration","2001 August","Dublin Airport","Hours","159.6"
"Sunshine Duration","2001 August","Mullingar","Hours","171.8"
"Sunshine Duration","2001 August","Cork Airport","Hours","203.5"
"Sunshine Duration","2001 August","Casement","Hours","176.5"
"Sunshine Duration","2001 August","Phoenix Park","Hours",""
"Sunshine Duration","2001 August","Roches Point","Hours",""
"Sunshine Duration","2001 August","Markree","Hours",""
"Sunshine Duration","2001 September","Malin Head","Hours","118"
"Sunshine Duration","2001 September","Claremorris","Hours",""
"Sunshine Duration","2001 September","Valentia Observatory","Hours","106.9"
"Sunshine Duration","2001 September","Belmullet","Hours","120"
"Sunshine Duration","2001 September","Shannon Airport","Hours","113.1"
"Sunshine Duration","2001 September","Dublin Airport","Hours","131.9"
"Sunshine Duration","2001 September","Mullingar","Hours","134.9"
"Sunshine Duration","2001 September","Cork Airport","Hours","133"
"Sunshine Duration","2001 September","Casement","Hours","114"
"Sunshine Duration","2001 September","Phoenix Park","Hours",""
"Sunshine Duration","2001 September","Roches Point","Hours",""
"Sunshine Duration","2001 September","Markree","Hours",""
"Sunshine Duration","2001 October","Malin Head","Hours","71.1"
"Sunshine Duration","2001 October","Claremorris","Hours",""
"Sunshine Duration","2001 October","Valentia Observatory","Hours","113"
"Sunshine Duration","2001 October","Belmullet","Hours","108.5"
"Sunshine Duration","2001 October","Shannon Airport","Hours","109.5"
"Sunshine Duration","2001 October","Dublin Airport","Hours","114.7"
"Sunshine Duration","2001 October","Mullingar","Hours","96.6"
"Sunshine Duration","2001 October","Cork Airport","Hours","111.3"
"Sunshine Duration","2001 October","Casement","Hours","128.2"
"Sunshine Duration","2001 October","Phoenix Park","Hours",""
"Sunshine Duration","2001 October","Roches Point","Hours",""
"Sunshine Duration","2001 October","Markree","Hours",""
"Sunshine Duration","2001 November","Malin Head","Hours","23.1"
"Sunshine Duration","2001 November","Claremorris","Hours",""
"Sunshine Duration","2001 November","Valentia Observatory","Hours","40.7"
"Sunshine Duration","2001 November","Belmullet","Hours","46.8"
"Sunshine Duration","2001 November","Shannon Airport","Hours","40.2"
"Sunshine Duration","2001 November","Dublin Airport","Hours","57.2"
"Sunshine Duration","2001 November","Mullingar","Hours","42.2"
"Sunshine Duration","2001 November","Cork Airport","Hours","68.4"
"Sunshine Duration","2001 November","Casement","Hours","46.4"
"Sunshine Duration","2001 November","Phoenix Park","Hours",""
"Sunshine Duration","2001 November","Roches Point","Hours",""
"Sunshine Duration","2001 November","Markree","Hours",""
"Sunshine Duration","2001 December","Malin Head","Hours","56.6"
"Sunshine Duration","2001 December","Claremorris","Hours",""
"Sunshine Duration","2001 December","Valentia Observatory","Hours","80.8"
"Sunshine Duration","2001 December","Belmullet","Hours","69.4"
"Sunshine Duration","2001 December","Shannon Airport","Hours","98"
"Sunshine Duration","2001 December","Dublin Airport","Hours","89"
"Sunshine Duration","2001 December","Mullingar","Hours","104.4"
"Sunshine Duration","2001 December","Cork Airport","Hours","104.2"
"Sunshine Duration","2001 December","Casement","Hours","97.1"
"Sunshine Duration","2001 December","Phoenix Park","Hours",""
"Sunshine Duration","2001 December","Roches Point","Hours",""
"Sunshine Duration","2001 December","Markree","Hours",""
"Sunshine Duration","2002 January","Malin Head","Hours","49.1"
"Sunshine Duration","2002 January","Claremorris","Hours",""
"Sunshine Duration","2002 January","Valentia Observatory","Hours","39"
"Sunshine Duration","2002 January","Belmullet","Hours","48.4"
"Sunshine Duration","2002 January","Shannon Airport","Hours","57.1"
"Sunshine Duration","2002 January","Dublin Airport","Hours","57.2"
"Sunshine Duration","2002 January","Mullingar","Hours","52.8"
"Sunshine Duration","2002 January","Cork Airport","Hours","56.5"
"Sunshine Duration","2002 January","Casement","Hours","51.5"
"Sunshine Duration","2002 January","Phoenix Park","Hours",""
"Sunshine Duration","2002 January","Roches Point","Hours",""
"Sunshine Duration","2002 January","Markree","Hours",""
"Sunshine Duration","2002 February","Malin Head","Hours","59.1"
"Sunshine Duration","2002 February","Claremorris","Hours",""
"Sunshine Duration","2002 February","Valentia Observatory","Hours","56.5"
"Sunshine Duration","2002 February","Belmullet","Hours","61.7"
"Sunshine Duration","2002 February","Shannon Airport","Hours","68.5"
"Sunshine Duration","2002 February","Dublin Airport","Hours","90.8"
"Sunshine Duration","2002 February","Mullingar","Hours","72.6"
"Sunshine Duration","2002 February","Cork Airport","Hours","90.5"
"Sunshine Duration","2002 February","Casement","Hours","74.4"
"Sunshine Duration","2002 February","Phoenix Park","Hours",""
"Sunshine Duration","2002 February","Roches Point","Hours",""
"Sunshine Duration","2002 February","Markree","Hours",""
"Sunshine Duration","2002 March","Malin Head","Hours","122.5"
"Sunshine Duration","2002 March","Claremorris","Hours",""
"Sunshine Duration","2002 March","Valentia Observatory","Hours","102.8"
"Sunshine Duration","2002 March","Belmullet","Hours","116.1"
"Sunshine Duration","2002 March","Shannon Airport","Hours","106.5"
"Sunshine Duration","2002 March","Dublin Airport","Hours","125.4"
"Sunshine Duration","2002 March","Mullingar","Hours","107.7"
"Sunshine Duration","2002 March","Cork Airport","Hours","91.6"
"Sunshine Duration","2002 March","Casement","Hours","121.3"
"Sunshine Duration","2002 March","Phoenix Park","Hours",""
"Sunshine Duration","2002 March","Roches Point","Hours",""
"Sunshine Duration","2002 March","Markree","Hours",""
"Sunshine Duration","2002 April","Malin Head","Hours","164.8"
"Sunshine Duration","2002 April","Claremorris","Hours",""
"Sunshine Duration","2002 April","Valentia Observatory","Hours","152"
"Sunshine Duration","2002 April","Belmullet","Hours","179.6"
"Sunshine Duration","2002 April","Shannon Airport","Hours","174.4"
"Sunshine Duration","2002 April","Dublin Airport","Hours","159.2"
"Sunshine Duration","2002 April","Mullingar","Hours","170.5"
"Sunshine Duration","2002 April","Cork Airport","Hours","171.8"
"Sunshine Duration","2002 April","Casement","Hours","169.3"
"Sunshine Duration","2002 April","Phoenix Park","Hours",""
"Sunshine Duration","2002 April","Roches Point","Hours",""
"Sunshine Duration","2002 April","Markree","Hours",""
"Sunshine Duration","2002 May","Malin Head","Hours","182.6"
"Sunshine Duration","2002 May","Claremorris","Hours",""
"Sunshine Duration","2002 May","Valentia Observatory","Hours","139.3"
"Sunshine Duration","2002 May","Belmullet","Hours","158.3"
"Sunshine Duration","2002 May","Shannon Airport","Hours","164.1"
"Sunshine Duration","2002 May","Dublin Airport","Hours","167.8"
"Sunshine Duration","2002 May","Mullingar","Hours","151.3"
"Sunshine Duration","2002 May","Cork Airport","Hours","171.3"
"Sunshine Duration","2002 May","Casement","Hours","177.8"
"Sunshine Duration","2002 May","Phoenix Park","Hours",""
"Sunshine Duration","2002 May","Roches Point","Hours",""
"Sunshine Duration","2002 May","Markree","Hours",""
"Sunshine Duration","2002 June","Malin Head","Hours","165.7"
"Sunshine Duration","2002 June","Claremorris","Hours",""
"Sunshine Duration","2002 June","Valentia Observatory","Hours","124.4"
"Sunshine Duration","2002 June","Belmullet","Hours","146.3"
"Sunshine Duration","2002 June","Shannon Airport","Hours","125.8"
"Sunshine Duration","2002 June","Dublin Airport","Hours","162.2"
"Sunshine Duration","2002 June","Mullingar","Hours","144.6"
"Sunshine Duration","2002 June","Cork Airport","Hours","153.7"
"Sunshine Duration","2002 June","Casement","Hours","146.4"
"Sunshine Duration","2002 June","Phoenix Park","Hours",""
"Sunshine Duration","2002 June","Roches Point","Hours",""
"Sunshine Duration","2002 June","Markree","Hours",""
"Sunshine Duration","2002 July","Malin Head","Hours","155.2"
"Sunshine Duration","2002 July","Claremorris","Hours",""
"Sunshine Duration","2002 July","Valentia Observatory","Hours","120.6"
"Sunshine Duration","2002 July","Belmullet","Hours","129.7"
"Sunshine Duration","2002 July","Shannon Airport","Hours","109.7"
"Sunshine Duration","2002 July","Dublin Airport","Hours","106.8"
"Sunshine Duration","2002 July","Mullingar","Hours","98.7"
"Sunshine Duration","2002 July","Cork Airport","Hours","137.6"
"Sunshine Duration","2002 July","Casement","Hours","94.7"
"Sunshine Duration","2002 July","Phoenix Park","Hours",""
"Sunshine Duration","2002 July","Roches Point","Hours",""
"Sunshine Duration","2002 July","Markree","Hours",""
"Sunshine Duration","2002 August","Malin Head","Hours","125.9"
"Sunshine Duration","2002 August","Claremorris","Hours",""
"Sunshine Duration","2002 August","Valentia Observatory","Hours","143.3"
"Sunshine Duration","2002 August","Belmullet","Hours","126.9"
"Sunshine Duration","2002 August","Shannon Airport","Hours","126.4"
"Sunshine Duration","2002 August","Dublin Airport","Hours","140.2"
"Sunshine Duration","2002 August","Mullingar","Hours","137.9"
"Sunshine Duration","2002 August","Cork Airport","Hours","133.1"
"Sunshine Duration","2002 August","Casement","Hours","137.7"
"Sunshine Duration","2002 August","Phoenix Park","Hours",""
"Sunshine Duration","2002 August","Roches Point","Hours",""
"Sunshine Duration","2002 August","Markree","Hours",""
"Sunshine Duration","2002 September","Malin Head","Hours","147.1"
"Sunshine Duration","2002 September","Claremorris","Hours",""
"Sunshine Duration","2002 September","Valentia Observatory","Hours","164.2"
"Sunshine Duration","2002 September","Belmullet","Hours","173.1"
"Sunshine Duration","2002 September","Shannon Airport","Hours","143.7"
"Sunshine Duration","2002 September","Dublin Airport","Hours","130"
"Sunshine Duration","2002 September","Mullingar","Hours","129.7"
"Sunshine Duration","2002 September","Cork Airport","Hours","151.8"
"Sunshine Duration","2002 September","Casement","Hours","123.8"
"Sunshine Duration","2002 September","Phoenix Park","Hours",""
"Sunshine Duration","2002 September","Roches Point","Hours",""
"Sunshine Duration","2002 September","Markree","Hours",""
"Sunshine Duration","2002 October","Malin Head","Hours","76"
"Sunshine Duration","2002 October","Claremorris","Hours",""
"Sunshine Duration","2002 October","Valentia Observatory","Hours","108.1"
"Sunshine Duration","2002 October","Belmullet","Hours","115.7"
"Sunshine Duration","2002 October","Shannon Airport","Hours","108.7"
"Sunshine Duration","2002 October","Dublin Airport","Hours","100"
"Sunshine Duration","2002 October","Mullingar","Hours","109.4"
"Sunshine Duration","2002 October","Cork Airport","Hours","104.3"
"Sunshine Duration","2002 October","Casement","Hours","97.5"
"Sunshine Duration","2002 October","Phoenix Park","Hours",""
"Sunshine Duration","2002 October","Roches Point","Hours",""
"Sunshine Duration","2002 October","Markree","Hours",""
"Sunshine Duration","2002 November","Malin Head","Hours","54.4"
"Sunshine Duration","2002 November","Claremorris","Hours",""
"Sunshine Duration","2002 November","Valentia Observatory","Hours","48.6"
"Sunshine Duration","2002 November","Belmullet","Hours","46.7"
"Sunshine Duration","2002 November","Shannon Airport","Hours","53.4"
"Sunshine Duration","2002 November","Dublin Airport","Hours","56.7"
"Sunshine Duration","2002 November","Mullingar","Hours","67.9"
"Sunshine Duration","2002 November","Cork Airport","Hours","67.7"
"Sunshine Duration","2002 November","Casement","Hours","68.1"
"Sunshine Duration","2002 November","Phoenix Park","Hours",""
"Sunshine Duration","2002 November","Roches Point","Hours",""
"Sunshine Duration","2002 November","Markree","Hours",""
"Sunshine Duration","2002 December","Malin Head","Hours","41.2"
"Sunshine Duration","2002 December","Claremorris","Hours",""
"Sunshine Duration","2002 December","Valentia Observatory","Hours","39.3"
"Sunshine Duration","2002 December","Belmullet","Hours","37.1"
"Sunshine Duration","2002 December","Shannon Airport","Hours","29.5"
"Sunshine Duration","2002 December","Dublin Airport","Hours","30.6"
"Sunshine Duration","2002 December","Mullingar","Hours","37.6"
"Sunshine Duration","2002 December","Cork Airport","Hours","33"
"Sunshine Duration","2002 December","Casement","Hours","29.3"
"Sunshine Duration","2002 December","Phoenix Park","Hours",""
"Sunshine Duration","2002 December","Roches Point","Hours",""
"Sunshine Duration","2002 December","Markree","Hours",""
"Sunshine Duration","2003 January","Malin Head","Hours","56.3"
"Sunshine Duration","2003 January","Claremorris","Hours",""
"Sunshine Duration","2003 January","Valentia Observatory","Hours","63.8"
"Sunshine Duration","2003 January","Belmullet","Hours","65.1"
"Sunshine Duration","2003 January","Shannon Airport","Hours","81.8"
"Sunshine Duration","2003 January","Dublin Airport","Hours","75.4"
"Sunshine Duration","2003 January","Mullingar","Hours","83.9"
"Sunshine Duration","2003 January","Cork Airport","Hours","85.4"
"Sunshine Duration","2003 January","Casement","Hours","67.9"
"Sunshine Duration","2003 January","Phoenix Park","Hours",""
"Sunshine Duration","2003 January","Roches Point","Hours",""
"Sunshine Duration","2003 January","Markree","Hours",""
"Sunshine Duration","2003 February","Malin Head","Hours","94"
"Sunshine Duration","2003 February","Claremorris","Hours",""
"Sunshine Duration","2003 February","Valentia Observatory","Hours","69.5"
"Sunshine Duration","2003 February","Belmullet","Hours","84.2"
"Sunshine Duration","2003 February","Shannon Airport","Hours","72.5"
"Sunshine Duration","2003 February","Dublin Airport","Hours","102.5"
"Sunshine Duration","2003 February","Mullingar","Hours","95"
"Sunshine Duration","2003 February","Cork Airport","Hours","65.6"
"Sunshine Duration","2003 February","Casement","Hours","111"
"Sunshine Duration","2003 February","Phoenix Park","Hours",""
"Sunshine Duration","2003 February","Roches Point","Hours",""
"Sunshine Duration","2003 February","Markree","Hours",""
"Sunshine Duration","2003 March","Malin Head","Hours","153.2"
"Sunshine Duration","2003 March","Claremorris","Hours",""
"Sunshine Duration","2003 March","Valentia Observatory","Hours","137.5"
"Sunshine Duration","2003 March","Belmullet","Hours","139.5"
"Sunshine Duration","2003 March","Shannon Airport","Hours","157.9"
"Sunshine Duration","2003 March","Dublin Airport","Hours","172.2"
"Sunshine Duration","2003 March","Mullingar","Hours","159.9"
"Sunshine Duration","2003 March","Cork Airport","Hours","132.3"
"Sunshine Duration","2003 March","Casement","Hours","175.8"
"Sunshine Duration","2003 March","Phoenix Park","Hours",""
"Sunshine Duration","2003 March","Roches Point","Hours",""
"Sunshine Duration","2003 March","Markree","Hours",""
"Sunshine Duration","2003 April","Malin Head","Hours","181.6"
"Sunshine Duration","2003 April","Claremorris","Hours",""
"Sunshine Duration","2003 April","Valentia Observatory","Hours","195.4"
"Sunshine Duration","2003 April","Belmullet","Hours","200.3"
"Sunshine Duration","2003 April","Shannon Airport","Hours","178.5"
"Sunshine Duration","2003 April","Dublin Airport","Hours","183.8"
"Sunshine Duration","2003 April","Mullingar","Hours","180.8"
"Sunshine Duration","2003 April","Cork Airport","Hours","167.1"
"Sunshine Duration","2003 April","Casement","Hours","189.3"
"Sunshine Duration","2003 April","Phoenix Park","Hours",""
"Sunshine Duration","2003 April","Roches Point","Hours",""
"Sunshine Duration","2003 April","Markree","Hours",""
"Sunshine Duration","2003 May","Malin Head","Hours","158.4"
"Sunshine Duration","2003 May","Claremorris","Hours",""
"Sunshine Duration","2003 May","Valentia Observatory","Hours","166.9"
"Sunshine Duration","2003 May","Belmullet","Hours","170.4"
"Sunshine Duration","2003 May","Shannon Airport","Hours","152.6"
"Sunshine Duration","2003 May","Dublin Airport","Hours","159.4"
"Sunshine Duration","2003 May","Mullingar","Hours","161.1"
"Sunshine Duration","2003 May","Cork Airport","Hours","173"
"Sunshine Duration","2003 May","Casement","Hours","153.1"
"Sunshine Duration","2003 May","Phoenix Park","Hours",""
"Sunshine Duration","2003 May","Roches Point","Hours",""
"Sunshine Duration","2003 May","Markree","Hours",""
"Sunshine Duration","2003 June","Malin Head","Hours","195.1"
"Sunshine Duration","2003 June","Claremorris","Hours",""
"Sunshine Duration","2003 June","Valentia Observatory","Hours","180.2"
"Sunshine Duration","2003 June","Belmullet","Hours","179.1"
"Sunshine Duration","2003 June","Shannon Airport","Hours","175.9"
"Sunshine Duration","2003 June","Dublin Airport","Hours","188.6"
"Sunshine Duration","2003 June","Mullingar","Hours","172.5"
"Sunshine Duration","2003 June","Cork Airport","Hours","216.7"
"Sunshine Duration","2003 June","Casement","Hours","174.2"
"Sunshine Duration","2003 June","Phoenix Park","Hours",""
"Sunshine Duration","2003 June","Roches Point","Hours",""
"Sunshine Duration","2003 June","Markree","Hours",""
"Sunshine Duration","2003 July","Malin Head","Hours","122.4"
"Sunshine Duration","2003 July","Claremorris","Hours",""
"Sunshine Duration","2003 July","Valentia Observatory","Hours","75.3"
"Sunshine Duration","2003 July","Belmullet","Hours","94.8"
"Sunshine Duration","2003 July","Shannon Airport","Hours","89.3"
"Sunshine Duration","2003 July","Dublin Airport","Hours","132.2"
"Sunshine Duration","2003 July","Mullingar","Hours","123.4"
"Sunshine Duration","2003 July","Cork Airport","Hours","122.8"
"Sunshine Duration","2003 July","Casement","Hours","133.3"
"Sunshine Duration","2003 July","Phoenix Park","Hours",""
"Sunshine Duration","2003 July","Roches Point","Hours",""
"Sunshine Duration","2003 July","Markree","Hours",""
"Sunshine Duration","2003 August","Malin Head","Hours","191.7"
"Sunshine Duration","2003 August","Claremorris","Hours",""
"Sunshine Duration","2003 August","Valentia Observatory","Hours","202.8"
"Sunshine Duration","2003 August","Belmullet","Hours","184.8"
"Sunshine Duration","2003 August","Shannon Airport","Hours","189.1"
"Sunshine Duration","2003 August","Dublin Airport","Hours","203.1"
"Sunshine Duration","2003 August","Mullingar","Hours","194.3"
"Sunshine Duration","2003 August","Cork Airport","Hours","201.8"
"Sunshine Duration","2003 August","Casement","Hours","196.7"
"Sunshine Duration","2003 August","Phoenix Park","Hours",""
"Sunshine Duration","2003 August","Roches Point","Hours",""
"Sunshine Duration","2003 August","Markree","Hours",""
"Sunshine Duration","2003 September","Malin Head","Hours","92.1"
"Sunshine Duration","2003 September","Claremorris","Hours",""
"Sunshine Duration","2003 September","Valentia Observatory","Hours","113"
"Sunshine Duration","2003 September","Belmullet","Hours","109.4"
"Sunshine Duration","2003 September","Shannon Airport","Hours","132.8"
"Sunshine Duration","2003 September","Dublin Airport","Hours","137"
"Sunshine Duration","2003 September","Mullingar","Hours","115.7"
"Sunshine Duration","2003 September","Cork Airport","Hours","136.2"
"Sunshine Duration","2003 September","Casement","Hours","130.8"
"Sunshine Duration","2003 September","Phoenix Park","Hours",""
"Sunshine Duration","2003 September","Roches Point","Hours",""
"Sunshine Duration","2003 September","Markree","Hours",""
"Sunshine Duration","2003 October","Malin Head","Hours","96.3"
"Sunshine Duration","2003 October","Claremorris","Hours",""
"Sunshine Duration","2003 October","Valentia Observatory","Hours","136.7"
"Sunshine Duration","2003 October","Belmullet","Hours","110.4"
"Sunshine Duration","2003 October","Shannon Airport","Hours","118.7"
"Sunshine Duration","2003 October","Dublin Airport","Hours","115.6"
"Sunshine Duration","2003 October","Mullingar","Hours","133.7"
"Sunshine Duration","2003 October","Cork Airport","Hours","125.4"
"Sunshine Duration","2003 October","Casement","Hours","100"
"Sunshine Duration","2003 October","Phoenix Park","Hours",""
"Sunshine Duration","2003 October","Roches Point","Hours",""
"Sunshine Duration","2003 October","Markree","Hours",""
"Sunshine Duration","2003 November","Malin Head","Hours","59.8"
"Sunshine Duration","2003 November","Claremorris","Hours",""
"Sunshine Duration","2003 November","Valentia Observatory","Hours","53.8"
"Sunshine Duration","2003 November","Belmullet","Hours","56.5"
"Sunshine Duration","2003 November","Shannon Airport","Hours","74.7"
"Sunshine Duration","2003 November","Dublin Airport","Hours","91.2"
"Sunshine Duration","2003 November","Mullingar","Hours","102.1"
"Sunshine Duration","2003 November","Cork Airport","Hours","89.5"
"Sunshine Duration","2003 November","Casement","Hours","93.8"
"Sunshine Duration","2003 November","Phoenix Park","Hours",""
"Sunshine Duration","2003 November","Roches Point","Hours",""
"Sunshine Duration","2003 November","Markree","Hours",""
"Sunshine Duration","2003 December","Malin Head","Hours","33.2"
"Sunshine Duration","2003 December","Claremorris","Hours",""
"Sunshine Duration","2003 December","Valentia Observatory","Hours","43"
"Sunshine Duration","2003 December","Belmullet","Hours","44.7"
"Sunshine Duration","2003 December","Shannon Airport","Hours","49.1"
"Sunshine Duration","2003 December","Dublin Airport","Hours","53.8"
"Sunshine Duration","2003 December","Mullingar","Hours","67"
"Sunshine Duration","2003 December","Cork Airport","Hours","54.5"
"Sunshine Duration","2003 December","Casement","Hours","46.4"
"Sunshine Duration","2003 December","Phoenix Park","Hours",""
"Sunshine Duration","2003 December","Roches Point","Hours",""
"Sunshine Duration","2003 December","Markree","Hours",""
"Sunshine Duration","2004 January","Malin Head","Hours","28.2"
"Sunshine Duration","2004 January","Claremorris","Hours",""
"Sunshine Duration","2004 January","Valentia Observatory","Hours","52.6"
"Sunshine Duration","2004 January","Belmullet","Hours","48.3"
"Sunshine Duration","2004 January","Shannon Airport","Hours","46.2"
"Sunshine Duration","2004 January","Dublin Airport","Hours","56.6"
"Sunshine Duration","2004 January","Mullingar","Hours","65.9"
"Sunshine Duration","2004 January","Cork Airport","Hours","67.2"
"Sunshine Duration","2004 January","Casement","Hours","42.9"
"Sunshine Duration","2004 January","Phoenix Park","Hours",""
"Sunshine Duration","2004 January","Roches Point","Hours",""
"Sunshine Duration","2004 January","Markree","Hours",""
"Sunshine Duration","2004 February","Malin Head","Hours","93.8"
"Sunshine Duration","2004 February","Claremorris","Hours",""
"Sunshine Duration","2004 February","Valentia Observatory","Hours","100"
"Sunshine Duration","2004 February","Belmullet","Hours","98.5"
"Sunshine Duration","2004 February","Shannon Airport","Hours","112.5"
"Sunshine Duration","2004 February","Dublin Airport","Hours","127.6"
"Sunshine Duration","2004 February","Mullingar","Hours","126.5"
"Sunshine Duration","2004 February","Cork Airport","Hours","108.4"
"Sunshine Duration","2004 February","Casement","Hours","100.8"
"Sunshine Duration","2004 February","Phoenix Park","Hours",""
"Sunshine Duration","2004 February","Roches Point","Hours",""
"Sunshine Duration","2004 February","Markree","Hours",""
"Sunshine Duration","2004 March","Malin Head","Hours","142.8"
"Sunshine Duration","2004 March","Claremorris","Hours",""
"Sunshine Duration","2004 March","Valentia Observatory","Hours","145.4"
"Sunshine Duration","2004 March","Belmullet","Hours","163.4"
"Sunshine Duration","2004 March","Shannon Airport","Hours","154.6"
"Sunshine Duration","2004 March","Dublin Airport","Hours","140.3"
"Sunshine Duration","2004 March","Mullingar","Hours","153.3"
"Sunshine Duration","2004 March","Cork Airport","Hours","135.9"
"Sunshine Duration","2004 March","Casement","Hours","130.6"
"Sunshine Duration","2004 March","Phoenix Park","Hours",""
"Sunshine Duration","2004 March","Roches Point","Hours",""
"Sunshine Duration","2004 March","Markree","Hours",""
"Sunshine Duration","2004 April","Malin Head","Hours","150.9"
"Sunshine Duration","2004 April","Claremorris","Hours",""
"Sunshine Duration","2004 April","Valentia Observatory","Hours","147.8"
"Sunshine Duration","2004 April","Belmullet","Hours","156.9"
"Sunshine Duration","2004 April","Shannon Airport","Hours","148.7"
"Sunshine Duration","2004 April","Dublin Airport","Hours","170.2"
"Sunshine Duration","2004 April","Mullingar","Hours","158.2"
"Sunshine Duration","2004 April","Cork Airport","Hours","146.1"
"Sunshine Duration","2004 April","Casement","Hours","137.5"
"Sunshine Duration","2004 April","Phoenix Park","Hours",""
"Sunshine Duration","2004 April","Roches Point","Hours",""
"Sunshine Duration","2004 April","Markree","Hours",""
"Sunshine Duration","2004 May","Malin Head","Hours","206.3"
"Sunshine Duration","2004 May","Claremorris","Hours",""
"Sunshine Duration","2004 May","Valentia Observatory","Hours","196.7"
"Sunshine Duration","2004 May","Belmullet","Hours","221.4"
"Sunshine Duration","2004 May","Shannon Airport","Hours","180.9"
"Sunshine Duration","2004 May","Dublin Airport","Hours","211.6"
"Sunshine Duration","2004 May","Mullingar","Hours","190"
"Sunshine Duration","2004 May","Cork Airport","Hours","223.4"
"Sunshine Duration","2004 May","Casement","Hours","196.7"
"Sunshine Duration","2004 May","Phoenix Park","Hours",""
"Sunshine Duration","2004 May","Roches Point","Hours",""
"Sunshine Duration","2004 May","Markree","Hours",""
"Sunshine Duration","2004 June","Malin Head","Hours","152.2"
"Sunshine Duration","2004 June","Claremorris","Hours",""
"Sunshine Duration","2004 June","Valentia Observatory","Hours","173"
"Sunshine Duration","2004 June","Belmullet","Hours","153.3"
"Sunshine Duration","2004 June","Shannon Airport","Hours","194"
"Sunshine Duration","2004 June","Dublin Airport","Hours","185"
"Sunshine Duration","2004 June","Mullingar","Hours","169.4"
"Sunshine Duration","2004 June","Cork Airport","Hours","224.5"
"Sunshine Duration","2004 June","Casement","Hours","168.7"
"Sunshine Duration","2004 June","Phoenix Park","Hours",""
"Sunshine Duration","2004 June","Roches Point","Hours",""
"Sunshine Duration","2004 June","Markree","Hours",""
"Sunshine Duration","2004 July","Malin Head","Hours","155.6"
"Sunshine Duration","2004 July","Claremorris","Hours",""
"Sunshine Duration","2004 July","Valentia Observatory","Hours","178.5"
"Sunshine Duration","2004 July","Belmullet","Hours","168.8"
"Sunshine Duration","2004 July","Shannon Airport","Hours","146.7"
"Sunshine Duration","2004 July","Dublin Airport","Hours","159.9"
"Sunshine Duration","2004 July","Mullingar","Hours","161.3"
"Sunshine Duration","2004 July","Cork Airport","Hours","181.2"
"Sunshine Duration","2004 July","Casement","Hours","142.5"
"Sunshine Duration","2004 July","Phoenix Park","Hours",""
"Sunshine Duration","2004 July","Roches Point","Hours",""
"Sunshine Duration","2004 July","Markree","Hours",""
"Sunshine Duration","2004 August","Malin Head","Hours","143.5"
"Sunshine Duration","2004 August","Claremorris","Hours",""
"Sunshine Duration","2004 August","Valentia Observatory","Hours","154.8"
"Sunshine Duration","2004 August","Belmullet","Hours","166.3"
"Sunshine Duration","2004 August","Shannon Airport","Hours","136.4"
"Sunshine Duration","2004 August","Dublin Airport","Hours","149.2"
"Sunshine Duration","2004 August","Mullingar","Hours","145.4"
"Sunshine Duration","2004 August","Cork Airport","Hours","157.6"
"Sunshine Duration","2004 August","Casement","Hours","141.5"
"Sunshine Duration","2004 August","Phoenix Park","Hours",""
"Sunshine Duration","2004 August","Roches Point","Hours",""
"Sunshine Duration","2004 August","Markree","Hours",""
"Sunshine Duration","2004 September","Malin Head","Hours","99.1"
"Sunshine Duration","2004 September","Claremorris","Hours",""
"Sunshine Duration","2004 September","Valentia Observatory","Hours","106"
"Sunshine Duration","2004 September","Belmullet","Hours","100.9"
"Sunshine Duration","2004 September","Shannon Airport","Hours","109.3"
"Sunshine Duration","2004 September","Dublin Airport","Hours","139.2"
"Sunshine Duration","2004 September","Mullingar","Hours","120.8"
"Sunshine Duration","2004 September","Cork Airport","Hours","123.2"
"Sunshine Duration","2004 September","Casement","Hours","111.8"
"Sunshine Duration","2004 September","Phoenix Park","Hours",""
"Sunshine Duration","2004 September","Roches Point","Hours",""
"Sunshine Duration","2004 September","Markree","Hours",""
"Sunshine Duration","2004 October","Malin Head","Hours","87.3"
"Sunshine Duration","2004 October","Claremorris","Hours",""
"Sunshine Duration","2004 October","Valentia Observatory","Hours","111.2"
"Sunshine Duration","2004 October","Belmullet","Hours","87.6"
"Sunshine Duration","2004 October","Shannon Airport","Hours","99.1"
"Sunshine Duration","2004 October","Dublin Airport","Hours","99.9"
"Sunshine Duration","2004 October","Mullingar","Hours","127.9"
"Sunshine Duration","2004 October","Cork Airport","Hours","111.2"
"Sunshine Duration","2004 October","Casement","Hours","93.7"
"Sunshine Duration","2004 October","Phoenix Park","Hours",""
"Sunshine Duration","2004 October","Roches Point","Hours",""
"Sunshine Duration","2004 October","Markree","Hours",""
"Sunshine Duration","2004 November","Malin Head","Hours","25.1"
"Sunshine Duration","2004 November","Claremorris","Hours",""
"Sunshine Duration","2004 November","Valentia Observatory","Hours","27.3"
"Sunshine Duration","2004 November","Belmullet","Hours","21.8"
"Sunshine Duration","2004 November","Shannon Airport","Hours","29.9"
"Sunshine Duration","2004 November","Dublin Airport","Hours","64.8"
"Sunshine Duration","2004 November","Mullingar","Hours","49.5"
"Sunshine Duration","2004 November","Cork Airport","Hours","48.9"
"Sunshine Duration","2004 November","Casement","Hours","56.7"
"Sunshine Duration","2004 November","Phoenix Park","Hours",""
"Sunshine Duration","2004 November","Roches Point","Hours",""
"Sunshine Duration","2004 November","Markree","Hours",""
"Sunshine Duration","2004 December","Malin Head","Hours","29.1"
"Sunshine Duration","2004 December","Claremorris","Hours",""
"Sunshine Duration","2004 December","Valentia Observatory","Hours","28.3"
"Sunshine Duration","2004 December","Belmullet","Hours","29.7"
"Sunshine Duration","2004 December","Shannon Airport","Hours","40.7"
"Sunshine Duration","2004 December","Dublin Airport","Hours","57"
"Sunshine Duration","2004 December","Mullingar","Hours","49.9"
"Sunshine Duration","2004 December","Cork Airport","Hours","51.3"
"Sunshine Duration","2004 December","Casement","Hours","48.3"
"Sunshine Duration","2004 December","Phoenix Park","Hours",""
"Sunshine Duration","2004 December","Roches Point","Hours",""
"Sunshine Duration","2004 December","Markree","Hours",""
"Sunshine Duration","2005 January","Malin Head","Hours","31.1"
"Sunshine Duration","2005 January","Claremorris","Hours",""
"Sunshine Duration","2005 January","Valentia Observatory","Hours","43.8"
"Sunshine Duration","2005 January","Belmullet","Hours","32.1"
"Sunshine Duration","2005 January","Shannon Airport","Hours","52.6"
"Sunshine Duration","2005 January","Dublin Airport","Hours","57"
"Sunshine Duration","2005 January","Mullingar","Hours","54.7"
"Sunshine Duration","2005 January","Cork Airport","Hours","65"
"Sunshine Duration","2005 January","Casement","Hours","43.1"
"Sunshine Duration","2005 January","Phoenix Park","Hours",""
"Sunshine Duration","2005 January","Roches Point","Hours",""
"Sunshine Duration","2005 January","Markree","Hours",""
"Sunshine Duration","2005 February","Malin Head","Hours","65.2"
"Sunshine Duration","2005 February","Claremorris","Hours",""
"Sunshine Duration","2005 February","Valentia Observatory","Hours","61.9"
"Sunshine Duration","2005 February","Belmullet","Hours","67.2"
"Sunshine Duration","2005 February","Shannon Airport","Hours","67.6"
"Sunshine Duration","2005 February","Dublin Airport","Hours","64.8"
"Sunshine Duration","2005 February","Mullingar","Hours","84.5"
"Sunshine Duration","2005 February","Cork Airport","Hours","78.5"
"Sunshine Duration","2005 February","Casement","Hours","47.7"
"Sunshine Duration","2005 February","Phoenix Park","Hours",""
"Sunshine Duration","2005 February","Roches Point","Hours",""
"Sunshine Duration","2005 February","Markree","Hours",""
"Sunshine Duration","2005 March","Malin Head","Hours","107.2"
"Sunshine Duration","2005 March","Claremorris","Hours",""
"Sunshine Duration","2005 March","Valentia Observatory","Hours","98.4"
"Sunshine Duration","2005 March","Belmullet","Hours","124.5"
"Sunshine Duration","2005 March","Shannon Airport","Hours","100.6"
"Sunshine Duration","2005 March","Dublin Airport","Hours","97.3"
"Sunshine Duration","2005 March","Mullingar","Hours","103.1"
"Sunshine Duration","2005 March","Cork Airport","Hours","86.8"
"Sunshine Duration","2005 March","Casement","Hours","90.7"
"Sunshine Duration","2005 March","Phoenix Park","Hours",""
"Sunshine Duration","2005 March","Roches Point","Hours",""
"Sunshine Duration","2005 March","Markree","Hours",""
"Sunshine Duration","2005 April","Malin Head","Hours","161.3"
"Sunshine Duration","2005 April","Claremorris","Hours",""
"Sunshine Duration","2005 April","Valentia Observatory","Hours","155.9"
"Sunshine Duration","2005 April","Belmullet","Hours","177.1"
"Sunshine Duration","2005 April","Shannon Airport","Hours","158.3"
"Sunshine Duration","2005 April","Dublin Airport","Hours","135.9"
"Sunshine Duration","2005 April","Mullingar","Hours","151.1"
"Sunshine Duration","2005 April","Cork Airport","Hours","155.9"
"Sunshine Duration","2005 April","Casement","Hours","141.2"
"Sunshine Duration","2005 April","Phoenix Park","Hours",""
"Sunshine Duration","2005 April","Roches Point","Hours",""
"Sunshine Duration","2005 April","Markree","Hours",""
"Sunshine Duration","2005 May","Malin Head","Hours","203.4"
"Sunshine Duration","2005 May","Claremorris","Hours",""
"Sunshine Duration","2005 May","Valentia Observatory","Hours","163.1"
"Sunshine Duration","2005 May","Belmullet","Hours","192.7"
"Sunshine Duration","2005 May","Shannon Airport","Hours","190.3"
"Sunshine Duration","2005 May","Dublin Airport","Hours","195.9"
"Sunshine Duration","2005 May","Mullingar","Hours","206.5"
"Sunshine Duration","2005 May","Cork Airport","Hours","194.1"
"Sunshine Duration","2005 May","Casement","Hours","198.3"
"Sunshine Duration","2005 May","Phoenix Park","Hours",""
"Sunshine Duration","2005 May","Roches Point","Hours",""
"Sunshine Duration","2005 May","Markree","Hours",""
"Sunshine Duration","2005 June","Malin Head","Hours","124"
"Sunshine Duration","2005 June","Claremorris","Hours",""
"Sunshine Duration","2005 June","Valentia Observatory","Hours","172.6"
"Sunshine Duration","2005 June","Belmullet","Hours","120.6"
"Sunshine Duration","2005 June","Shannon Airport","Hours","145"
"Sunshine Duration","2005 June","Dublin Airport","Hours","166.3"
"Sunshine Duration","2005 June","Mullingar","Hours","141.3"
"Sunshine Duration","2005 June","Cork Airport","Hours","159.5"
"Sunshine Duration","2005 June","Casement","Hours","153.6"
"Sunshine Duration","2005 June","Phoenix Park","Hours",""
"Sunshine Duration","2005 June","Roches Point","Hours",""
"Sunshine Duration","2005 June","Markree","Hours",""
"Sunshine Duration","2005 July","Malin Head","Hours","100.9"
"Sunshine Duration","2005 July","Claremorris","Hours",""
"Sunshine Duration","2005 July","Valentia Observatory","Hours","165.9"
"Sunshine Duration","2005 July","Belmullet","Hours","112.6"
"Sunshine Duration","2005 July","Shannon Airport","Hours","142.1"
"Sunshine Duration","2005 July","Dublin Airport","Hours","152.5"
"Sunshine Duration","2005 July","Mullingar","Hours","132.9"
"Sunshine Duration","2005 July","Cork Airport","Hours","167"
"Sunshine Duration","2005 July","Casement","Hours","144"
"Sunshine Duration","2005 July","Phoenix Park","Hours",""
"Sunshine Duration","2005 July","Roches Point","Hours",""
"Sunshine Duration","2005 July","Markree","Hours",""
"Sunshine Duration","2005 August","Malin Head","Hours","135.1"
"Sunshine Duration","2005 August","Claremorris","Hours",""
"Sunshine Duration","2005 August","Valentia Observatory","Hours","149.2"
"Sunshine Duration","2005 August","Belmullet","Hours","133.1"
"Sunshine Duration","2005 August","Shannon Airport","Hours","143.2"
"Sunshine Duration","2005 August","Dublin Airport","Hours","149.8"
"Sunshine Duration","2005 August","Mullingar","Hours","141.8"
"Sunshine Duration","2005 August","Cork Airport","Hours","158.7"
"Sunshine Duration","2005 August","Casement","Hours","140.5"
"Sunshine Duration","2005 August","Phoenix Park","Hours",""
"Sunshine Duration","2005 August","Roches Point","Hours",""
"Sunshine Duration","2005 August","Markree","Hours",""
"Sunshine Duration","2005 September","Malin Head","Hours","99.5"
"Sunshine Duration","2005 September","Claremorris","Hours",""
"Sunshine Duration","2005 September","Valentia Observatory","Hours","97.5"
"Sunshine Duration","2005 September","Belmullet","Hours","106.3"
"Sunshine Duration","2005 September","Shannon Airport","Hours","111.6"
"Sunshine Duration","2005 September","Dublin Airport","Hours","125.4"
"Sunshine Duration","2005 September","Mullingar","Hours","109.6"
"Sunshine Duration","2005 September","Cork Airport","Hours","116.8"
"Sunshine Duration","2005 September","Casement","Hours","118.2"
"Sunshine Duration","2005 September","Phoenix Park","Hours",""
"Sunshine Duration","2005 September","Roches Point","Hours",""
"Sunshine Duration","2005 September","Markree","Hours",""
"Sunshine Duration","2005 October","Malin Head","Hours","75.4"
"Sunshine Duration","2005 October","Claremorris","Hours",""
"Sunshine Duration","2005 October","Valentia Observatory","Hours","69.2"
"Sunshine Duration","2005 October","Belmullet","Hours","87.4"
"Sunshine Duration","2005 October","Shannon Airport","Hours","66.9"
"Sunshine Duration","2005 October","Dublin Airport","Hours","87.1"
"Sunshine Duration","2005 October","Mullingar","Hours","75.7"
"Sunshine Duration","2005 October","Cork Airport","Hours","64.9"
"Sunshine Duration","2005 October","Casement","Hours","85.3"
"Sunshine Duration","2005 October","Phoenix Park","Hours",""
"Sunshine Duration","2005 October","Roches Point","Hours",""
"Sunshine Duration","2005 October","Markree","Hours",""
"Sunshine Duration","2005 November","Malin Head","Hours","70.3"
"Sunshine Duration","2005 November","Claremorris","Hours",""
"Sunshine Duration","2005 November","Valentia Observatory","Hours","74.5"
"Sunshine Duration","2005 November","Belmullet","Hours","74.4"
"Sunshine Duration","2005 November","Shannon Airport","Hours","81"
"Sunshine Duration","2005 November","Dublin Airport","Hours","97.6"
"Sunshine Duration","2005 November","Mullingar","Hours","89.5"
"Sunshine Duration","2005 November","Cork Airport","Hours","80.5"
"Sunshine Duration","2005 November","Casement","Hours","86.6"
"Sunshine Duration","2005 November","Phoenix Park","Hours",""
"Sunshine Duration","2005 November","Roches Point","Hours",""
"Sunshine Duration","2005 November","Markree","Hours",""
"Sunshine Duration","2005 December","Malin Head","Hours","30"
"Sunshine Duration","2005 December","Claremorris","Hours",""
"Sunshine Duration","2005 December","Valentia Observatory","Hours","35.2"
"Sunshine Duration","2005 December","Belmullet","Hours","43.8"
"Sunshine Duration","2005 December","Shannon Airport","Hours","53.6"
"Sunshine Duration","2005 December","Dublin Airport","Hours","45.4"
"Sunshine Duration","2005 December","Mullingar","Hours","51.2"
"Sunshine Duration","2005 December","Cork Airport","Hours","63"
"Sunshine Duration","2005 December","Casement","Hours","44.9"
"Sunshine Duration","2005 December","Phoenix Park","Hours",""
"Sunshine Duration","2005 December","Roches Point","Hours",""
"Sunshine Duration","2005 December","Markree","Hours",""
"Sunshine Duration","2006 January","Malin Head","Hours","49.5"
"Sunshine Duration","2006 January","Claremorris","Hours",""
"Sunshine Duration","2006 January","Valentia Observatory","Hours","56.2"
"Sunshine Duration","2006 January","Belmullet","Hours","51.2"
"Sunshine Duration","2006 January","Shannon Airport","Hours","49.6"
"Sunshine Duration","2006 January","Dublin Airport","Hours","59.8"
"Sunshine Duration","2006 January","Mullingar","Hours","59"
"Sunshine Duration","2006 January","Cork Airport","Hours","56.6"
"Sunshine Duration","2006 January","Casement","Hours","60.3"
"Sunshine Duration","2006 January","Phoenix Park","Hours",""
"Sunshine Duration","2006 January","Roches Point","Hours",""
"Sunshine Duration","2006 January","Markree","Hours",""
"Sunshine Duration","2006 February","Malin Head","Hours","98.8"
"Sunshine Duration","2006 February","Claremorris","Hours",""
"Sunshine Duration","2006 February","Valentia Observatory","Hours","73.8"
"Sunshine Duration","2006 February","Belmullet","Hours","86.4"
"Sunshine Duration","2006 February","Shannon Airport","Hours","73.5"
"Sunshine Duration","2006 February","Dublin Airport","Hours","67.8"
"Sunshine Duration","2006 February","Mullingar","Hours","74.3"
"Sunshine Duration","2006 February","Cork Airport","Hours","72.8"
"Sunshine Duration","2006 February","Casement","Hours","55.5"
"Sunshine Duration","2006 February","Phoenix Park","Hours",""
"Sunshine Duration","2006 February","Roches Point","Hours",""
"Sunshine Duration","2006 February","Markree","Hours",""
"Sunshine Duration","2006 March","Malin Head","Hours","94.4"
"Sunshine Duration","2006 March","Claremorris","Hours",""
"Sunshine Duration","2006 March","Valentia Observatory","Hours","84.2"
"Sunshine Duration","2006 March","Belmullet","Hours","99.9"
"Sunshine Duration","2006 March","Shannon Airport","Hours","98.9"
"Sunshine Duration","2006 March","Dublin Airport","Hours","95.3"
"Sunshine Duration","2006 March","Mullingar","Hours","90.6"
"Sunshine Duration","2006 March","Cork Airport","Hours","84.4"
"Sunshine Duration","2006 March","Casement","Hours","79.8"
"Sunshine Duration","2006 March","Phoenix Park","Hours",""
"Sunshine Duration","2006 March","Roches Point","Hours",""
"Sunshine Duration","2006 March","Markree","Hours",""
"Sunshine Duration","2006 April","Malin Head","Hours","174.6"
"Sunshine Duration","2006 April","Claremorris","Hours",""
"Sunshine Duration","2006 April","Valentia Observatory","Hours","180.3"
"Sunshine Duration","2006 April","Belmullet","Hours","159.5"
"Sunshine Duration","2006 April","Shannon Airport","Hours","196.9"
"Sunshine Duration","2006 April","Dublin Airport","Hours","199.7"
"Sunshine Duration","2006 April","Mullingar","Hours","188.7"
"Sunshine Duration","2006 April","Cork Airport","Hours","191.4"
"Sunshine Duration","2006 April","Casement","Hours","179"
"Sunshine Duration","2006 April","Phoenix Park","Hours",""
"Sunshine Duration","2006 April","Roches Point","Hours",""
"Sunshine Duration","2006 April","Markree","Hours",""
"Sunshine Duration","2006 May","Malin Head","Hours","232.1"
"Sunshine Duration","2006 May","Claremorris","Hours",""
"Sunshine Duration","2006 May","Valentia Observatory","Hours","153.7"
"Sunshine Duration","2006 May","Belmullet","Hours","196.2"
"Sunshine Duration","2006 May","Shannon Airport","Hours","159.4"
"Sunshine Duration","2006 May","Dublin Airport","Hours","196.7"
"Sunshine Duration","2006 May","Mullingar","Hours","168.8"
"Sunshine Duration","2006 May","Cork Airport","Hours","155.1"
"Sunshine Duration","2006 May","Casement","Hours","192.9"
"Sunshine Duration","2006 May","Phoenix Park","Hours",""
"Sunshine Duration","2006 May","Roches Point","Hours",""
"Sunshine Duration","2006 May","Markree","Hours",""
"Sunshine Duration","2006 June","Malin Head","Hours","194.5"
"Sunshine Duration","2006 June","Claremorris","Hours",""
"Sunshine Duration","2006 June","Valentia Observatory","Hours","239.1"
"Sunshine Duration","2006 June","Belmullet","Hours","228.9"
"Sunshine Duration","2006 June","Shannon Airport","Hours","221.2"
"Sunshine Duration","2006 June","Dublin Airport","Hours","222.5"
"Sunshine Duration","2006 June","Mullingar","Hours","211.3"
"Sunshine Duration","2006 June","Cork Airport","Hours","257.3"
"Sunshine Duration","2006 June","Casement","Hours","216.1"
"Sunshine Duration","2006 June","Phoenix Park","Hours",""
"Sunshine Duration","2006 June","Roches Point","Hours",""
"Sunshine Duration","2006 June","Markree","Hours",""
"Sunshine Duration","2006 July","Malin Head","Hours","169.5"
"Sunshine Duration","2006 July","Claremorris","Hours",""
"Sunshine Duration","2006 July","Valentia Observatory","Hours","180.6"
"Sunshine Duration","2006 July","Belmullet","Hours","170.6"
"Sunshine Duration","2006 July","Shannon Airport","Hours","205.1"
"Sunshine Duration","2006 July","Dublin Airport","Hours","240.2"
"Sunshine Duration","2006 July","Mullingar","Hours","232.4"
"Sunshine Duration","2006 July","Cork Airport","Hours","208.4"
"Sunshine Duration","2006 July","Casement","Hours","232.5"
"Sunshine Duration","2006 July","Phoenix Park","Hours",""
"Sunshine Duration","2006 July","Roches Point","Hours",""
"Sunshine Duration","2006 July","Markree","Hours",""
"Sunshine Duration","2006 August","Malin Head","Hours","117.6"
"Sunshine Duration","2006 August","Claremorris","Hours",""
"Sunshine Duration","2006 August","Valentia Observatory","Hours","127.6"
"Sunshine Duration","2006 August","Belmullet","Hours","111.6"
"Sunshine Duration","2006 August","Shannon Airport","Hours","128"
"Sunshine Duration","2006 August","Dublin Airport","Hours","144"
"Sunshine Duration","2006 August","Mullingar","Hours","114.7"
"Sunshine Duration","2006 August","Cork Airport","Hours","179.3"
"Sunshine Duration","2006 August","Casement","Hours","126.9"
"Sunshine Duration","2006 August","Phoenix Park","Hours",""
"Sunshine Duration","2006 August","Roches Point","Hours",""
"Sunshine Duration","2006 August","Markree","Hours",""
"Sunshine Duration","2006 September","Malin Head","Hours","106.2"
"Sunshine Duration","2006 September","Claremorris","Hours",""
"Sunshine Duration","2006 September","Valentia Observatory","Hours","123.4"
"Sunshine Duration","2006 September","Belmullet","Hours","145.7"
"Sunshine Duration","2006 September","Shannon Airport","Hours","136"
"Sunshine Duration","2006 September","Dublin Airport","Hours","134.4"
"Sunshine Duration","2006 September","Mullingar","Hours","112"
"Sunshine Duration","2006 September","Cork Airport","Hours","122.7"
"Sunshine Duration","2006 September","Casement","Hours","142.1"
"Sunshine Duration","2006 September","Phoenix Park","Hours",""
"Sunshine Duration","2006 September","Roches Point","Hours",""
"Sunshine Duration","2006 September","Markree","Hours",""
"Sunshine Duration","2006 October","Malin Head","Hours","94"
"Sunshine Duration","2006 October","Claremorris","Hours",""
"Sunshine Duration","2006 October","Valentia Observatory","Hours","94.5"
"Sunshine Duration","2006 October","Belmullet","Hours","110.7"
"Sunshine Duration","2006 October","Shannon Airport","Hours","97.8"
"Sunshine Duration","2006 October","Dublin Airport","Hours","116"
"Sunshine Duration","2006 October","Mullingar","Hours","112.1"
"Sunshine Duration","2006 October","Cork Airport","Hours","90.7"
"Sunshine Duration","2006 October","Casement","Hours","109"
"Sunshine Duration","2006 October","Phoenix Park","Hours",""
"Sunshine Duration","2006 October","Roches Point","Hours",""
"Sunshine Duration","2006 October","Markree","Hours",""
"Sunshine Duration","2006 November","Malin Head","Hours","50.9"
"Sunshine Duration","2006 November","Claremorris","Hours",""
"Sunshine Duration","2006 November","Valentia Observatory","Hours","70.5"
"Sunshine Duration","2006 November","Belmullet","Hours","51.7"
"Sunshine Duration","2006 November","Shannon Airport","Hours","80"
"Sunshine Duration","2006 November","Dublin Airport","Hours","102.5"
"Sunshine Duration","2006 November","Mullingar","Hours","88.1"
"Sunshine Duration","2006 November","Cork Airport","Hours","101.9"
"Sunshine Duration","2006 November","Casement","Hours","90.2"
"Sunshine Duration","2006 November","Phoenix Park","Hours",""
"Sunshine Duration","2006 November","Roches Point","Hours",""
"Sunshine Duration","2006 November","Markree","Hours",""
"Sunshine Duration","2006 December","Malin Head","Hours","47.7"
"Sunshine Duration","2006 December","Claremorris","Hours",""
"Sunshine Duration","2006 December","Valentia Observatory","Hours","35.8"
"Sunshine Duration","2006 December","Belmullet","Hours","32.4"
"Sunshine Duration","2006 December","Shannon Airport","Hours","43.6"
"Sunshine Duration","2006 December","Dublin Airport","Hours","68.5"
"Sunshine Duration","2006 December","Mullingar","Hours","50.6"
"Sunshine Duration","2006 December","Cork Airport","Hours","45.2"
"Sunshine Duration","2006 December","Casement","Hours","65.1"
"Sunshine Duration","2006 December","Phoenix Park","Hours",""
"Sunshine Duration","2006 December","Roches Point","Hours",""
"Sunshine Duration","2006 December","Markree","Hours",""
"Sunshine Duration","2007 January","Malin Head","Hours","35"
"Sunshine Duration","2007 January","Claremorris","Hours",""
"Sunshine Duration","2007 January","Valentia Observatory","Hours","45.9"
"Sunshine Duration","2007 January","Belmullet","Hours","35.9"
"Sunshine Duration","2007 January","Shannon Airport","Hours","45.7"
"Sunshine Duration","2007 January","Dublin Airport","Hours","70.5"
"Sunshine Duration","2007 January","Mullingar","Hours",""
"Sunshine Duration","2007 January","Cork Airport","Hours","62.6"
"Sunshine Duration","2007 January","Casement","Hours","60.3"
"Sunshine Duration","2007 January","Phoenix Park","Hours",""
"Sunshine Duration","2007 January","Roches Point","Hours",""
"Sunshine Duration","2007 January","Markree","Hours",""
"Sunshine Duration","2007 February","Malin Head","Hours","72.3"
"Sunshine Duration","2007 February","Claremorris","Hours",""
"Sunshine Duration","2007 February","Valentia Observatory","Hours","54.1"
"Sunshine Duration","2007 February","Belmullet","Hours","77.1"
"Sunshine Duration","2007 February","Shannon Airport","Hours","64.1"
"Sunshine Duration","2007 February","Dublin Airport","Hours","83.6"
"Sunshine Duration","2007 February","Mullingar","Hours",""
"Sunshine Duration","2007 February","Cork Airport","Hours","70.4"
"Sunshine Duration","2007 February","Casement","Hours","76"
"Sunshine Duration","2007 February","Phoenix Park","Hours",""
"Sunshine Duration","2007 February","Roches Point","Hours",""
"Sunshine Duration","2007 February","Markree","Hours",""
"Sunshine Duration","2007 March","Malin Head","Hours","134.4"
"Sunshine Duration","2007 March","Claremorris","Hours",""
"Sunshine Duration","2007 March","Valentia Observatory","Hours","134"
"Sunshine Duration","2007 March","Belmullet","Hours","146.8"
"Sunshine Duration","2007 March","Shannon Airport","Hours","136.3"
"Sunshine Duration","2007 March","Dublin Airport","Hours","134"
"Sunshine Duration","2007 March","Mullingar","Hours",""
"Sunshine Duration","2007 March","Cork Airport","Hours","135.6"
"Sunshine Duration","2007 March","Casement","Hours","108.8"
"Sunshine Duration","2007 March","Phoenix Park","Hours",""
"Sunshine Duration","2007 March","Roches Point","Hours",""
"Sunshine Duration","2007 March","Markree","Hours",""
"Sunshine Duration","2007 April","Malin Head","Hours","190.1"
"Sunshine Duration","2007 April","Claremorris","Hours",""
"Sunshine Duration","2007 April","Valentia Observatory","Hours","217.2"
"Sunshine Duration","2007 April","Belmullet","Hours","202.2"
"Sunshine Duration","2007 April","Shannon Airport","Hours","212.1"
"Sunshine Duration","2007 April","Dublin Airport","Hours","238.7"
"Sunshine Duration","2007 April","Mullingar","Hours",""
"Sunshine Duration","2007 April","Cork Airport","Hours","223.7"
"Sunshine Duration","2007 April","Casement","Hours","230.2"
"Sunshine Duration","2007 April","Phoenix Park","Hours",""
"Sunshine Duration","2007 April","Roches Point","Hours",""
"Sunshine Duration","2007 April","Markree","Hours",""
"Sunshine Duration","2007 May","Malin Head","Hours","250.5"
"Sunshine Duration","2007 May","Claremorris","Hours",""
"Sunshine Duration","2007 May","Valentia Observatory","Hours","179.4"
"Sunshine Duration","2007 May","Belmullet","Hours","237.2"
"Sunshine Duration","2007 May","Shannon Airport","Hours","203.1"
"Sunshine Duration","2007 May","Dublin Airport","Hours","215.8"
"Sunshine Duration","2007 May","Mullingar","Hours",""
"Sunshine Duration","2007 May","Cork Airport","Hours","239.1"
"Sunshine Duration","2007 May","Casement","Hours","207.2"
"Sunshine Duration","2007 May","Phoenix Park","Hours",""
"Sunshine Duration","2007 May","Roches Point","Hours",""
"Sunshine Duration","2007 May","Markree","Hours",""
"Sunshine Duration","2007 June","Malin Head","Hours","201.6"
"Sunshine Duration","2007 June","Claremorris","Hours",""
"Sunshine Duration","2007 June","Valentia Observatory","Hours","158.6"
"Sunshine Duration","2007 June","Belmullet","Hours","205.8"
"Sunshine Duration","2007 June","Shannon Airport","Hours","159.3"
"Sunshine Duration","2007 June","Dublin Airport","Hours","144.5"
"Sunshine Duration","2007 June","Mullingar","Hours",""
"Sunshine Duration","2007 June","Cork Airport","Hours","161.9"
"Sunshine Duration","2007 June","Casement","Hours","134.9"
"Sunshine Duration","2007 June","Phoenix Park","Hours",""
"Sunshine Duration","2007 June","Roches Point","Hours",""
"Sunshine Duration","2007 June","Markree","Hours",""
"Sunshine Duration","2007 July","Malin Head","Hours","211.6"
"Sunshine Duration","2007 July","Claremorris","Hours",""
"Sunshine Duration","2007 July","Valentia Observatory","Hours","204.6"
"Sunshine Duration","2007 July","Belmullet","Hours","182.3"
"Sunshine Duration","2007 July","Shannon Airport","Hours","171.7"
"Sunshine Duration","2007 July","Dublin Airport","Hours","167.4"
"Sunshine Duration","2007 July","Mullingar","Hours",""
"Sunshine Duration","2007 July","Cork Airport","Hours","213.5"
"Sunshine Duration","2007 July","Casement","Hours","165.8"
"Sunshine Duration","2007 July","Phoenix Park","Hours",""
"Sunshine Duration","2007 July","Roches Point","Hours",""
"Sunshine Duration","2007 July","Markree","Hours",""
"Sunshine Duration","2007 August","Malin Head","Hours","120.2"
"Sunshine Duration","2007 August","Claremorris","Hours",""
"Sunshine Duration","2007 August","Valentia Observatory","Hours","145.8"
"Sunshine Duration","2007 August","Belmullet","Hours","137.4"
"Sunshine Duration","2007 August","Shannon Airport","Hours","140.7"
"Sunshine Duration","2007 August","Dublin Airport","Hours","146.2"
"Sunshine Duration","2007 August","Mullingar","Hours",""
"Sunshine Duration","2007 August","Cork Airport","Hours","170.1"
"Sunshine Duration","2007 August","Casement","Hours","135.4"
"Sunshine Duration","2007 August","Phoenix Park","Hours",""
"Sunshine Duration","2007 August","Roches Point","Hours",""
"Sunshine Duration","2007 August","Markree","Hours",""
"Sunshine Duration","2007 September","Malin Head","Hours","107"
"Sunshine Duration","2007 September","Claremorris","Hours",""
"Sunshine Duration","2007 September","Valentia Observatory","Hours","154.3"
"Sunshine Duration","2007 September","Belmullet","Hours","124.4"
"Sunshine Duration","2007 September","Shannon Airport","Hours","146.8"
"Sunshine Duration","2007 September","Dublin Airport","Hours","126.8"
"Sunshine Duration","2007 September","Mullingar","Hours",""
"Sunshine Duration","2007 September","Cork Airport","Hours","158.8"
"Sunshine Duration","2007 September","Casement","Hours","122.7"
"Sunshine Duration","2007 September","Phoenix Park","Hours",""
"Sunshine Duration","2007 September","Roches Point","Hours",""
"Sunshine Duration","2007 September","Markree","Hours",""
"Sunshine Duration","2007 October","Malin Head","Hours","95.7"
"Sunshine Duration","2007 October","Claremorris","Hours",""
"Sunshine Duration","2007 October","Valentia Observatory","Hours","77"
"Sunshine Duration","2007 October","Belmullet","Hours","96.4"
"Sunshine Duration","2007 October","Shannon Airport","Hours","95"
"Sunshine Duration","2007 October","Dublin Airport","Hours","113.3"
"Sunshine Duration","2007 October","Mullingar","Hours",""
"Sunshine Duration","2007 October","Cork Airport","Hours","73.6"
"Sunshine Duration","2007 October","Casement","Hours","114.6"
"Sunshine Duration","2007 October","Phoenix Park","Hours",""
"Sunshine Duration","2007 October","Roches Point","Hours",""
"Sunshine Duration","2007 October","Markree","Hours",""
"Sunshine Duration","2007 November","Malin Head","Hours","14.9"
"Sunshine Duration","2007 November","Claremorris","Hours",""
"Sunshine Duration","2007 November","Valentia Observatory","Hours","45"
"Sunshine Duration","2007 November","Belmullet","Hours","26.4"
"Sunshine Duration","2007 November","Shannon Airport","Hours","53"
"Sunshine Duration","2007 November","Dublin Airport","Hours","47.1"
"Sunshine Duration","2007 November","Mullingar","Hours",""
"Sunshine Duration","2007 November","Cork Airport","Hours","72.8"
"Sunshine Duration","2007 November","Casement","Hours","35.8"
"Sunshine Duration","2007 November","Phoenix Park","Hours",""
"Sunshine Duration","2007 November","Roches Point","Hours",""
"Sunshine Duration","2007 November","Markree","Hours",""
"Sunshine Duration","2007 December","Malin Head","Hours","33.4"
"Sunshine Duration","2007 December","Claremorris","Hours",""
"Sunshine Duration","2007 December","Valentia Observatory","Hours","36.4"
"Sunshine Duration","2007 December","Belmullet","Hours","42"
"Sunshine Duration","2007 December","Shannon Airport","Hours","39.3"
"Sunshine Duration","2007 December","Dublin Airport","Hours","70.5"
"Sunshine Duration","2007 December","Mullingar","Hours",""
"Sunshine Duration","2007 December","Cork Airport","Hours","49.9"
"Sunshine Duration","2007 December","Casement","Hours","59.4"
"Sunshine Duration","2007 December","Phoenix Park","Hours",""
"Sunshine Duration","2007 December","Roches Point","Hours",""
"Sunshine Duration","2007 December","Markree","Hours",""
"Sunshine Duration","2008 January","Malin Head","Hours","25.8"
"Sunshine Duration","2008 January","Claremorris","Hours",""
"Sunshine Duration","2008 January","Valentia Observatory","Hours","43.5"
"Sunshine Duration","2008 January","Belmullet","Hours","38.2"
"Sunshine Duration","2008 January","Shannon Airport","Hours","46.2"
"Sunshine Duration","2008 January","Dublin Airport","Hours","52"
"Sunshine Duration","2008 January","Mullingar","Hours",""
"Sunshine Duration","2008 January","Cork Airport","Hours","62.6"
"Sunshine Duration","2008 January","Casement","Hours","46.4"
"Sunshine Duration","2008 January","Phoenix Park","Hours",""
"Sunshine Duration","2008 January","Roches Point","Hours",""
"Sunshine Duration","2008 January","Markree","Hours",""
"Sunshine Duration","2008 February","Malin Head","Hours","88.5"
"Sunshine Duration","2008 February","Claremorris","Hours",""
"Sunshine Duration","2008 February","Valentia Observatory","Hours","84.5"
"Sunshine Duration","2008 February","Belmullet","Hours","93"
"Sunshine Duration","2008 February","Shannon Airport","Hours","75.6"
"Sunshine Duration","2008 February","Dublin Airport","Hours","96.5"
"Sunshine Duration","2008 February","Mullingar","Hours",""
"Sunshine Duration","2008 February","Cork Airport","Hours","58.1"
"Sunshine Duration","2008 February","Casement","Hours","92"
"Sunshine Duration","2008 February","Phoenix Park","Hours",""
"Sunshine Duration","2008 February","Roches Point","Hours",""
"Sunshine Duration","2008 February","Markree","Hours",""
"Sunshine Duration","2008 March","Malin Head","Hours","106.4"
"Sunshine Duration","2008 March","Claremorris","Hours",""
"Sunshine Duration","2008 March","Valentia Observatory","Hours","97.9"
"Sunshine Duration","2008 March","Belmullet","Hours","110"
"Sunshine Duration","2008 March","Shannon Airport","Hours","115.8"
"Sunshine Duration","2008 March","Dublin Airport","Hours","126.4"
"Sunshine Duration","2008 March","Mullingar","Hours",""
"Sunshine Duration","2008 March","Cork Airport","Hours","132.6"
"Sunshine Duration","2008 March","Casement","Hours","106.1"
"Sunshine Duration","2008 March","Phoenix Park","Hours",""
"Sunshine Duration","2008 March","Roches Point","Hours",""
"Sunshine Duration","2008 March","Markree","Hours",""
"Sunshine Duration","2008 April","Malin Head","Hours","201.9"
"Sunshine Duration","2008 April","Claremorris","Hours",""
"Sunshine Duration","2008 April","Valentia Observatory","Hours","187.2"
"Sunshine Duration","2008 April","Belmullet","Hours","188.3"
"Sunshine Duration","2008 April","Shannon Airport","Hours","193.4"
"Sunshine Duration","2008 April","Dublin Airport","Hours","185.6"
"Sunshine Duration","2008 April","Mullingar","Hours",""
"Sunshine Duration","2008 April","Cork Airport","Hours","169.1"
"Sunshine Duration","2008 April","Casement","Hours","167.6"
"Sunshine Duration","2008 April","Phoenix Park","Hours",""
"Sunshine Duration","2008 April","Roches Point","Hours",""
"Sunshine Duration","2008 April","Markree","Hours",""
"Sunshine Duration","2008 May","Malin Head","Hours","264.5"
"Sunshine Duration","2008 May","Claremorris","Hours",""
"Sunshine Duration","2008 May","Valentia Observatory","Hours","197.6"
"Sunshine Duration","2008 May","Belmullet","Hours","259.9"
"Sunshine Duration","2008 May","Shannon Airport","Hours","193.7"
"Sunshine Duration","2008 May","Dublin Airport","Hours","236.3"
"Sunshine Duration","2008 May","Mullingar","Hours",""
"Sunshine Duration","2008 May","Cork Airport","Hours","172.7"
"Sunshine Duration","2008 May","Casement","Hours","210.4"
"Sunshine Duration","2008 May","Phoenix Park","Hours",""
"Sunshine Duration","2008 May","Roches Point","Hours",""
"Sunshine Duration","2008 May","Markree","Hours",""
"Sunshine Duration","2008 June","Malin Head","Hours","173"
"Sunshine Duration","2008 June","Claremorris","Hours",""
"Sunshine Duration","2008 June","Valentia Observatory","Hours","168.1"
"Sunshine Duration","2008 June","Belmullet","Hours","188.8"
"Sunshine Duration","2008 June","Shannon Airport","Hours","175.5"
"Sunshine Duration","2008 June","Dublin Airport","Hours","181.7"
"Sunshine Duration","2008 June","Mullingar","Hours",""
"Sunshine Duration","2008 June","Cork Airport","Hours","185"
"Sunshine Duration","2008 June","Casement","Hours","161.8"
"Sunshine Duration","2008 June","Phoenix Park","Hours",""
"Sunshine Duration","2008 June","Roches Point","Hours",""
"Sunshine Duration","2008 June","Markree","Hours",""
"Sunshine Duration","2008 July","Malin Head","Hours","136.7"
"Sunshine Duration","2008 July","Claremorris","Hours",""
"Sunshine Duration","2008 July","Valentia Observatory","Hours","107.2"
"Sunshine Duration","2008 July","Belmullet","Hours","140.3"
"Sunshine Duration","2008 July","Shannon Airport","Hours","122.9"
"Sunshine Duration","2008 July","Dublin Airport","Hours","150.6"
"Sunshine Duration","2008 July","Mullingar","Hours",""
"Sunshine Duration","2008 July","Cork Airport","Hours","135.7"
"Sunshine Duration","2008 July","Casement","Hours","133.7"
"Sunshine Duration","2008 July","Phoenix Park","Hours",""
"Sunshine Duration","2008 July","Roches Point","Hours",""
"Sunshine Duration","2008 July","Markree","Hours",""
"Sunshine Duration","2008 August","Malin Head","Hours","102.4"
"Sunshine Duration","2008 August","Claremorris","Hours",""
"Sunshine Duration","2008 August","Valentia Observatory","Hours","84.5"
"Sunshine Duration","2008 August","Belmullet","Hours","109.6"
"Sunshine Duration","2008 August","Shannon Airport","Hours","87.9"
"Sunshine Duration","2008 August","Dublin Airport","Hours","100.6"
"Sunshine Duration","2008 August","Mullingar","Hours",""
"Sunshine Duration","2008 August","Cork Airport","Hours","107.1"
"Sunshine Duration","2008 August","Casement","Hours","90.4"
"Sunshine Duration","2008 August","Phoenix Park","Hours",""
"Sunshine Duration","2008 August","Roches Point","Hours",""
"Sunshine Duration","2008 August","Markree","Hours",""
"Sunshine Duration","2008 September","Malin Head","Hours","106.9"
"Sunshine Duration","2008 September","Claremorris","Hours",""
"Sunshine Duration","2008 September","Valentia Observatory","Hours","139.9"
"Sunshine Duration","2008 September","Belmullet","Hours","129.2"
"Sunshine Duration","2008 September","Shannon Airport","Hours","118.8"
"Sunshine Duration","2008 September","Dublin Airport","Hours","119.6"
"Sunshine Duration","2008 September","Mullingar","Hours",""
"Sunshine Duration","2008 September","Cork Airport","Hours","122.2"
"Sunshine Duration","2008 September","Casement","Hours","119.1"
"Sunshine Duration","2008 September","Phoenix Park","Hours",""
"Sunshine Duration","2008 September","Roches Point","Hours",""
"Sunshine Duration","2008 September","Markree","Hours",""
"Sunshine Duration","2008 October","Malin Head","Hours","84.7"
"Sunshine Duration","2008 October","Claremorris","Hours",""
"Sunshine Duration","2008 October","Valentia Observatory","Hours","105.5"
"Sunshine Duration","2008 October","Belmullet","Hours","108.7"
"Sunshine Duration","2008 October","Shannon Airport","Hours","118.9"
"Sunshine Duration","2008 October","Dublin Airport","Hours","120.9"
"Sunshine Duration","2008 October","Mullingar","Hours",""
"Sunshine Duration","2008 October","Cork Airport","Hours","114.8"
"Sunshine Duration","2008 October","Casement","Hours","110.7"
"Sunshine Duration","2008 October","Phoenix Park","Hours",""
"Sunshine Duration","2008 October","Roches Point","Hours",""
"Sunshine Duration","2008 October","Markree","Hours",""
"Sunshine Duration","2008 November","Malin Head","Hours","37.1"
"Sunshine Duration","2008 November","Claremorris","Hours",""
"Sunshine Duration","2008 November","Valentia Observatory","Hours","45.6"
"Sunshine Duration","2008 November","Belmullet","Hours","35.8"
"Sunshine Duration","2008 November","Shannon Airport","Hours","53.4"
"Sunshine Duration","2008 November","Dublin Airport","Hours","82.3"
"Sunshine Duration","2008 November","Mullingar","Hours",""
"Sunshine Duration","2008 November","Cork Airport","Hours","94.3"
"Sunshine Duration","2008 November","Casement","Hours","59.9"
"Sunshine Duration","2008 November","Phoenix Park","Hours",""
"Sunshine Duration","2008 November","Roches Point","Hours",""
"Sunshine Duration","2008 November","Markree","Hours",""
"Sunshine Duration","2008 December","Malin Head","Hours","45.1"
"Sunshine Duration","2008 December","Claremorris","Hours",""
"Sunshine Duration","2008 December","Valentia Observatory","Hours","38.4"
"Sunshine Duration","2008 December","Belmullet","Hours","39.5"
"Sunshine Duration","2008 December","Shannon Airport","Hours","48.3"
"Sunshine Duration","2008 December","Dublin Airport","Hours","58.9"
"Sunshine Duration","2008 December","Mullingar","Hours",""
"Sunshine Duration","2008 December","Cork Airport","Hours","54.1"
"Sunshine Duration","2008 December","Casement","Hours","57.5"
"Sunshine Duration","2008 December","Phoenix Park","Hours",""
"Sunshine Duration","2008 December","Roches Point","Hours",""
"Sunshine Duration","2008 December","Markree","Hours",""
"Sunshine Duration","2009 January","Malin Head","Hours","55.4"
"Sunshine Duration","2009 January","Claremorris","Hours",""
"Sunshine Duration","2009 January","Valentia Observatory","Hours","39.8"
"Sunshine Duration","2009 January","Belmullet","Hours","53.7"
"Sunshine Duration","2009 January","Shannon Airport","Hours","64.9"
"Sunshine Duration","2009 January","Dublin Airport","Hours","72"
"Sunshine Duration","2009 January","Mullingar","Hours",""
"Sunshine Duration","2009 January","Cork Airport","Hours","66.3"
"Sunshine Duration","2009 January","Casement","Hours","76.1"
"Sunshine Duration","2009 January","Phoenix Park","Hours",""
"Sunshine Duration","2009 January","Roches Point","Hours",""
"Sunshine Duration","2009 January","Markree","Hours",""
"Sunshine Duration","2009 February","Malin Head","Hours","55.2"
"Sunshine Duration","2009 February","Claremorris","Hours",""
"Sunshine Duration","2009 February","Valentia Observatory","Hours","66.8"
"Sunshine Duration","2009 February","Belmullet","Hours","62.7"
"Sunshine Duration","2009 February","Shannon Airport","Hours","61.4"
"Sunshine Duration","2009 February","Dublin Airport","Hours","66.5"
"Sunshine Duration","2009 February","Mullingar","Hours",""
"Sunshine Duration","2009 February","Cork Airport","Hours","64.9"
"Sunshine Duration","2009 February","Casement","Hours","58.2"
"Sunshine Duration","2009 February","Phoenix Park","Hours",""
"Sunshine Duration","2009 February","Roches Point","Hours",""
"Sunshine Duration","2009 February","Markree","Hours",""
"Sunshine Duration","2009 March","Malin Head","Hours","112.7"
"Sunshine Duration","2009 March","Claremorris","Hours",""
"Sunshine Duration","2009 March","Valentia Observatory","Hours","111.2"
"Sunshine Duration","2009 March","Belmullet","Hours","119.5"
"Sunshine Duration","2009 March","Shannon Airport","Hours","116.8"
"Sunshine Duration","2009 March","Dublin Airport","Hours","128.1"
"Sunshine Duration","2009 March","Mullingar","Hours",""
"Sunshine Duration","2009 March","Cork Airport","Hours","107.9"
"Sunshine Duration","2009 March","Casement","Hours","123"
"Sunshine Duration","2009 March","Phoenix Park","Hours",""
"Sunshine Duration","2009 March","Roches Point","Hours",""
"Sunshine Duration","2009 March","Markree","Hours",""
"Sunshine Duration","2009 April","Malin Head","Hours","158.4"
"Sunshine Duration","2009 April","Claremorris","Hours",""
"Sunshine Duration","2009 April","Valentia Observatory","Hours","138.3"
"Sunshine Duration","2009 April","Belmullet","Hours","174.5"
"Sunshine Duration","2009 April","Shannon Airport","Hours","146.8"
"Sunshine Duration","2009 April","Dublin Airport","Hours","166.4"
"Sunshine Duration","2009 April","Mullingar","Hours",""
"Sunshine Duration","2009 April","Cork Airport","Hours","144.9"
"Sunshine Duration","2009 April","Casement","Hours","166.4"
"Sunshine Duration","2009 April","Phoenix Park","Hours",""
"Sunshine Duration","2009 April","Roches Point","Hours",""
"Sunshine Duration","2009 April","Markree","Hours",""
"Sunshine Duration","2009 May","Malin Head","Hours","221.4"
"Sunshine Duration","2009 May","Claremorris","Hours",""
"Sunshine Duration","2009 May","Valentia Observatory","Hours","163.1"
"Sunshine Duration","2009 May","Belmullet","Hours","205.4"
"Sunshine Duration","2009 May","Shannon Airport","Hours","204.4"
"Sunshine Duration","2009 May","Dublin Airport","Hours","215.9"
"Sunshine Duration","2009 May","Mullingar","Hours",""
"Sunshine Duration","2009 May","Cork Airport","Hours","193.5"
"Sunshine Duration","2009 May","Casement","Hours","213.7"
"Sunshine Duration","2009 May","Phoenix Park","Hours",""
"Sunshine Duration","2009 May","Roches Point","Hours",""
"Sunshine Duration","2009 May","Markree","Hours",""
"Sunshine Duration","2009 June","Malin Head","Hours","280.8"
"Sunshine Duration","2009 June","Claremorris","Hours",""
"Sunshine Duration","2009 June","Valentia Observatory","Hours","227.5"
"Sunshine Duration","2009 June","Belmullet","Hours","259.7"
"Sunshine Duration","2009 June","Shannon Airport","Hours","245.3"
"Sunshine Duration","2009 June","Dublin Airport","Hours","237.5"
"Sunshine Duration","2009 June","Mullingar","Hours",""
"Sunshine Duration","2009 June","Cork Airport","Hours","246.3"
"Sunshine Duration","2009 June","Casement","Hours","206.9"
"Sunshine Duration","2009 June","Phoenix Park","Hours",""
"Sunshine Duration","2009 June","Roches Point","Hours",""
"Sunshine Duration","2009 June","Markree","Hours",""
"Sunshine Duration","2009 July","Malin Head","Hours","194.5"
"Sunshine Duration","2009 July","Claremorris","Hours",""
"Sunshine Duration","2009 July","Valentia Observatory","Hours","154.9"
"Sunshine Duration","2009 July","Belmullet","Hours","186.7"
"Sunshine Duration","2009 July","Shannon Airport","Hours","165.7"
"Sunshine Duration","2009 July","Dublin Airport","Hours","162.5"
"Sunshine Duration","2009 July","Mullingar","Hours",""
"Sunshine Duration","2009 July","Cork Airport","Hours","183.3"
"Sunshine Duration","2009 July","Casement","Hours","164"
"Sunshine Duration","2009 July","Phoenix Park","Hours",""
"Sunshine Duration","2009 July","Roches Point","Hours",""
"Sunshine Duration","2009 July","Markree","Hours",""
"Sunshine Duration","2009 August","Malin Head","Hours","133.3"
"Sunshine Duration","2009 August","Claremorris","Hours",""
"Sunshine Duration","2009 August","Valentia Observatory","Hours","100.2"
"Sunshine Duration","2009 August","Belmullet","Hours","119.4"
"Sunshine Duration","2009 August","Shannon Airport","Hours","113"
"Sunshine Duration","2009 August","Dublin Airport","Hours","148.2"
"Sunshine Duration","2009 August","Mullingar","Hours",""
"Sunshine Duration","2009 August","Cork Airport","Hours","135.6"
"Sunshine Duration","2009 August","Casement","Hours","155.2"
"Sunshine Duration","2009 August","Phoenix Park","Hours",""
"Sunshine Duration","2009 August","Roches Point","Hours",""
"Sunshine Duration","2009 August","Markree","Hours",""
"Sunshine Duration","2009 September","Malin Head","Hours","118.1"
"Sunshine Duration","2009 September","Claremorris","Hours",""
"Sunshine Duration","2009 September","Valentia Observatory","Hours","138.7"
"Sunshine Duration","2009 September","Belmullet","Hours","128.4"
"Sunshine Duration","2009 September","Shannon Airport","Hours","133.1"
"Sunshine Duration","2009 September","Dublin Airport","Hours","135.1"
"Sunshine Duration","2009 September","Mullingar","Hours",""
"Sunshine Duration","2009 September","Cork Airport","Hours","153.7"
"Sunshine Duration","2009 September","Casement","Hours","127.6"
"Sunshine Duration","2009 September","Phoenix Park","Hours",""
"Sunshine Duration","2009 September","Roches Point","Hours",""
"Sunshine Duration","2009 September","Markree","Hours",""
"Sunshine Duration","2009 October","Malin Head","Hours","71.3"
"Sunshine Duration","2009 October","Claremorris","Hours",""
"Sunshine Duration","2009 October","Valentia Observatory","Hours","68.6"
"Sunshine Duration","2009 October","Belmullet","Hours","84.5"
"Sunshine Duration","2009 October","Shannon Airport","Hours","89"
"Sunshine Duration","2009 October","Dublin Airport","Hours","89.4"
"Sunshine Duration","2009 October","Mullingar","Hours",""
"Sunshine Duration","2009 October","Cork Airport","Hours","80.4"
"Sunshine Duration","2009 October","Casement","Hours","84.4"
"Sunshine Duration","2009 October","Phoenix Park","Hours",""
"Sunshine Duration","2009 October","Roches Point","Hours",""
"Sunshine Duration","2009 October","Markree","Hours",""
"Sunshine Duration","2009 November","Malin Head","Hours","58.3"
"Sunshine Duration","2009 November","Claremorris","Hours",""
"Sunshine Duration","2009 November","Valentia Observatory","Hours","47.8"
"Sunshine Duration","2009 November","Belmullet","Hours","61.6"
"Sunshine Duration","2009 November","Shannon Airport","Hours","67.5"
"Sunshine Duration","2009 November","Dublin Airport","Hours","79"
"Sunshine Duration","2009 November","Mullingar","Hours",""
"Sunshine Duration","2009 November","Cork Airport","Hours","84.1"
"Sunshine Duration","2009 November","Casement","Hours","62"
"Sunshine Duration","2009 November","Phoenix Park","Hours",""
"Sunshine Duration","2009 November","Roches Point","Hours",""
"Sunshine Duration","2009 November","Markree","Hours",""
"Sunshine Duration","2009 December","Malin Head","Hours","45.8"
"Sunshine Duration","2009 December","Claremorris","Hours",""
"Sunshine Duration","2009 December","Valentia Observatory","Hours","65.6"
"Sunshine Duration","2009 December","Belmullet","Hours","56.1"
"Sunshine Duration","2009 December","Shannon Airport","Hours","55.1"
"Sunshine Duration","2009 December","Dublin Airport","Hours","59"
"Sunshine Duration","2009 December","Mullingar","Hours",""
"Sunshine Duration","2009 December","Cork Airport","Hours","80.9"
"Sunshine Duration","2009 December","Casement","Hours","51.1"
"Sunshine Duration","2009 December","Phoenix Park","Hours",""
"Sunshine Duration","2009 December","Roches Point","Hours",""
"Sunshine Duration","2009 December","Markree","Hours",""
"Sunshine Duration","2010 January","Malin Head","Hours","54.1"
"Sunshine Duration","2010 January","Claremorris","Hours",""
"Sunshine Duration","2010 January","Valentia Observatory","Hours","103.5"
"Sunshine Duration","2010 January","Belmullet","Hours","82.4"
"Sunshine Duration","2010 January","Shannon Airport","Hours","86.6"
"Sunshine Duration","2010 January","Dublin Airport","Hours","86.3"
"Sunshine Duration","2010 January","Mullingar","Hours",""
"Sunshine Duration","2010 January","Cork Airport","Hours","118.4"
"Sunshine Duration","2010 January","Casement","Hours","64.2"
"Sunshine Duration","2010 January","Phoenix Park","Hours",""
"Sunshine Duration","2010 January","Roches Point","Hours",""
"Sunshine Duration","2010 January","Markree","Hours",""
"Sunshine Duration","2010 February","Malin Head","Hours","93.7"
"Sunshine Duration","2010 February","Claremorris","Hours",""
"Sunshine Duration","2010 February","Valentia Observatory","Hours","117.5"
"Sunshine Duration","2010 February","Belmullet","Hours","100.4"
"Sunshine Duration","2010 February","Shannon Airport","Hours","85"
"Sunshine Duration","2010 February","Dublin Airport","Hours","64.1"
"Sunshine Duration","2010 February","Mullingar","Hours",""
"Sunshine Duration","2010 February","Cork Airport","Hours","113.2"
"Sunshine Duration","2010 February","Casement","Hours","60.9"
"Sunshine Duration","2010 February","Phoenix Park","Hours",""
"Sunshine Duration","2010 February","Roches Point","Hours",""
"Sunshine Duration","2010 February","Markree","Hours",""
"Sunshine Duration","2010 March","Malin Head","Hours","129.3"
"Sunshine Duration","2010 March","Claremorris","Hours",""
"Sunshine Duration","2010 March","Valentia Observatory","Hours","158"
"Sunshine Duration","2010 March","Belmullet","Hours","160.1"
"Sunshine Duration","2010 March","Shannon Airport","Hours","156.1"
"Sunshine Duration","2010 March","Dublin Airport","Hours","155.1"
"Sunshine Duration","2010 March","Mullingar","Hours",""
"Sunshine Duration","2010 March","Cork Airport","Hours","151.9"
"Sunshine Duration","2010 March","Casement","Hours","131.7"
"Sunshine Duration","2010 March","Phoenix Park","Hours",""
"Sunshine Duration","2010 March","Roches Point","Hours",""
"Sunshine Duration","2010 March","Markree","Hours",""
"Sunshine Duration","2010 April","Malin Head","Hours","171.9"
"Sunshine Duration","2010 April","Claremorris","Hours",""
"Sunshine Duration","2010 April","Valentia Observatory","Hours","217.6"
"Sunshine Duration","2010 April","Belmullet","Hours","193.6"
"Sunshine Duration","2010 April","Shannon Airport","Hours","230.8"
"Sunshine Duration","2010 April","Dublin Airport","Hours","193.3"
"Sunshine Duration","2010 April","Mullingar","Hours",""
"Sunshine Duration","2010 April","Cork Airport","Hours","198"
"Sunshine Duration","2010 April","Casement","Hours","186"
"Sunshine Duration","2010 April","Phoenix Park","Hours",""
"Sunshine Duration","2010 April","Roches Point","Hours",""
"Sunshine Duration","2010 April","Markree","Hours",""
"Sunshine Duration","2010 May","Malin Head","Hours","215.9"
"Sunshine Duration","2010 May","Claremorris","Hours",""
"Sunshine Duration","2010 May","Valentia Observatory","Hours","230"
"Sunshine Duration","2010 May","Belmullet","Hours","201.3"
"Sunshine Duration","2010 May","Shannon Airport","Hours","196.9"
"Sunshine Duration","2010 May","Dublin Airport","Hours","234.7"
"Sunshine Duration","2010 May","Mullingar","Hours",""
"Sunshine Duration","2010 May","Cork Airport","Hours","197.4"
"Sunshine Duration","2010 May","Casement","Hours","219.7"
"Sunshine Duration","2010 May","Phoenix Park","Hours",""
"Sunshine Duration","2010 May","Roches Point","Hours",""
"Sunshine Duration","2010 May","Markree","Hours",""
"Sunshine Duration","2010 June","Malin Head","Hours","185.2"
"Sunshine Duration","2010 June","Claremorris","Hours",""
"Sunshine Duration","2010 June","Valentia Observatory","Hours","204.5"
"Sunshine Duration","2010 June","Belmullet","Hours","197.4"
"Sunshine Duration","2010 June","Shannon Airport","Hours","214.7"
"Sunshine Duration","2010 June","Dublin Airport","Hours","204.6"
"Sunshine Duration","2010 June","Mullingar","Hours",""
"Sunshine Duration","2010 June","Cork Airport","Hours","208.9"
"Sunshine Duration","2010 June","Casement","Hours","186.5"
"Sunshine Duration","2010 June","Phoenix Park","Hours",""
"Sunshine Duration","2010 June","Roches Point","Hours",""
"Sunshine Duration","2010 June","Markree","Hours",""
"Sunshine Duration","2010 July","Malin Head","Hours","117.8"
"Sunshine Duration","2010 July","Claremorris","Hours",""
"Sunshine Duration","2010 July","Valentia Observatory","Hours","84.6"
"Sunshine Duration","2010 July","Belmullet","Hours","103.3"
"Sunshine Duration","2010 July","Shannon Airport","Hours","99.5"
"Sunshine Duration","2010 July","Dublin Airport","Hours","142.3"
"Sunshine Duration","2010 July","Mullingar","Hours",""
"Sunshine Duration","2010 July","Cork Airport","Hours","137.8"
"Sunshine Duration","2010 July","Casement","Hours","126.4"
"Sunshine Duration","2010 July","Phoenix Park","Hours",""
"Sunshine Duration","2010 July","Roches Point","Hours",""
"Sunshine Duration","2010 July","Markree","Hours",""
"Sunshine Duration","2010 August","Malin Head","Hours","165.9"
"Sunshine Duration","2010 August","Claremorris","Hours",""
"Sunshine Duration","2010 August","Valentia Observatory","Hours","185.1"
"Sunshine Duration","2010 August","Belmullet","Hours","196.7"
"Sunshine Duration","2010 August","Shannon Airport","Hours","191.4"
"Sunshine Duration","2010 August","Dublin Airport","Hours","216"
"Sunshine Duration","2010 August","Mullingar","Hours",""
"Sunshine Duration","2010 August","Cork Airport","Hours","203.7"
"Sunshine Duration","2010 August","Casement","Hours","183.6"
"Sunshine Duration","2010 August","Phoenix Park","Hours",""
"Sunshine Duration","2010 August","Roches Point","Hours",""
"Sunshine Duration","2010 August","Markree","Hours",""
"Sunshine Duration","2010 September","Malin Head","Hours","116.3"
"Sunshine Duration","2010 September","Claremorris","Hours",""
"Sunshine Duration","2010 September","Valentia Observatory","Hours","106.6"
"Sunshine Duration","2010 September","Belmullet","Hours","108.9"
"Sunshine Duration","2010 September","Shannon Airport","Hours","119.9"
"Sunshine Duration","2010 September","Dublin Airport","Hours","140.4"
"Sunshine Duration","2010 September","Mullingar","Hours",""
"Sunshine Duration","2010 September","Cork Airport","Hours","128.9"
"Sunshine Duration","2010 September","Casement","Hours","130.4"
"Sunshine Duration","2010 September","Phoenix Park","Hours",""
"Sunshine Duration","2010 September","Roches Point","Hours",""
"Sunshine Duration","2010 September","Markree","Hours",""
"Sunshine Duration","2010 October","Malin Head","Hours","110.8"
"Sunshine Duration","2010 October","Claremorris","Hours",""
"Sunshine Duration","2010 October","Valentia Observatory","Hours","117.6"
"Sunshine Duration","2010 October","Belmullet","Hours","120.6"
"Sunshine Duration","2010 October","Shannon Airport","Hours","115.7"
"Sunshine Duration","2010 October","Dublin Airport","Hours","134.8"
"Sunshine Duration","2010 October","Mullingar","Hours",""
"Sunshine Duration","2010 October","Cork Airport","Hours","133"
"Sunshine Duration","2010 October","Casement","Hours","132.2"
"Sunshine Duration","2010 October","Phoenix Park","Hours",""
"Sunshine Duration","2010 October","Roches Point","Hours",""
"Sunshine Duration","2010 October","Markree","Hours",""
"Sunshine Duration","2010 November","Malin Head","Hours","45.4"
"Sunshine Duration","2010 November","Claremorris","Hours",""
"Sunshine Duration","2010 November","Valentia Observatory","Hours","79.4"
"Sunshine Duration","2010 November","Belmullet","Hours","77.2"
"Sunshine Duration","2010 November","Shannon Airport","Hours","75.9"
"Sunshine Duration","2010 November","Dublin Airport","Hours","85.8"
"Sunshine Duration","2010 November","Mullingar","Hours",""
"Sunshine Duration","2010 November","Cork Airport","Hours","97.3"
"Sunshine Duration","2010 November","Casement","Hours","85.9"
"Sunshine Duration","2010 November","Phoenix Park","Hours",""
"Sunshine Duration","2010 November","Roches Point","Hours",""
"Sunshine Duration","2010 November","Markree","Hours",""
"Sunshine Duration","2010 December","Malin Head","Hours","57.6"
"Sunshine Duration","2010 December","Claremorris","Hours",""
"Sunshine Duration","2010 December","Valentia Observatory","Hours","90"
"Sunshine Duration","2010 December","Belmullet","Hours","84.9"
"Sunshine Duration","2010 December","Shannon Airport","Hours","55"
"Sunshine Duration","2010 December","Dublin Airport","Hours","60.3"
"Sunshine Duration","2010 December","Mullingar","Hours",""
"Sunshine Duration","2010 December","Cork Airport","Hours","83.8"
"Sunshine Duration","2010 December","Casement","Hours","37.5"
"Sunshine Duration","2010 December","Phoenix Park","Hours",""
"Sunshine Duration","2010 December","Roches Point","Hours",""
"Sunshine Duration","2010 December","Markree","Hours",""
"Sunshine Duration","2011 January","Malin Head","Hours",""
"Sunshine Duration","2011 January","Claremorris","Hours",""
"Sunshine Duration","2011 January","Valentia Observatory","Hours","81.2"
"Sunshine Duration","2011 January","Belmullet","Hours","85.9"
"Sunshine Duration","2011 January","Shannon Airport","Hours","58.2"
"Sunshine Duration","2011 January","Dublin Airport","Hours","73.2"
"Sunshine Duration","2011 January","Mullingar","Hours",""
"Sunshine Duration","2011 January","Cork Airport","Hours","87.5"
"Sunshine Duration","2011 January","Casement","Hours","69.2"
"Sunshine Duration","2011 January","Phoenix Park","Hours",""
"Sunshine Duration","2011 January","Roches Point","Hours",""
"Sunshine Duration","2011 January","Markree","Hours",""
"Sunshine Duration","2011 February","Malin Head","Hours",""
"Sunshine Duration","2011 February","Claremorris","Hours",""
"Sunshine Duration","2011 February","Valentia Observatory","Hours","51.7"
"Sunshine Duration","2011 February","Belmullet","Hours","87.5"
"Sunshine Duration","2011 February","Shannon Airport","Hours","76.3"
"Sunshine Duration","2011 February","Dublin Airport","Hours","90.4"
"Sunshine Duration","2011 February","Mullingar","Hours",""
"Sunshine Duration","2011 February","Cork Airport","Hours","70.2"
"Sunshine Duration","2011 February","Casement","Hours","85"
"Sunshine Duration","2011 February","Phoenix Park","Hours",""
"Sunshine Duration","2011 February","Roches Point","Hours",""
"Sunshine Duration","2011 February","Markree","Hours",""
"Sunshine Duration","2011 March","Malin Head","Hours",""
"Sunshine Duration","2011 March","Claremorris","Hours",""
"Sunshine Duration","2011 March","Valentia Observatory","Hours","158.7"
"Sunshine Duration","2011 March","Belmullet","Hours","135.2"
"Sunshine Duration","2011 March","Shannon Airport","Hours","161.9"
"Sunshine Duration","2011 March","Dublin Airport","Hours","162.9"
"Sunshine Duration","2011 March","Mullingar","Hours",""
"Sunshine Duration","2011 March","Cork Airport","Hours","159.2"
"Sunshine Duration","2011 March","Casement","Hours","157.4"
"Sunshine Duration","2011 March","Phoenix Park","Hours",""
"Sunshine Duration","2011 March","Roches Point","Hours",""
"Sunshine Duration","2011 March","Markree","Hours",""
"Sunshine Duration","2011 April","Malin Head","Hours",""
"Sunshine Duration","2011 April","Claremorris","Hours",""
"Sunshine Duration","2011 April","Valentia Observatory","Hours","164.2"
"Sunshine Duration","2011 April","Belmullet","Hours","169.3"
"Sunshine Duration","2011 April","Shannon Airport","Hours","181.7"
"Sunshine Duration","2011 April","Dublin Airport","Hours","201.5"
"Sunshine Duration","2011 April","Mullingar","Hours",""
"Sunshine Duration","2011 April","Cork Airport","Hours","182.8"
"Sunshine Duration","2011 April","Casement","Hours","208.4"
"Sunshine Duration","2011 April","Phoenix Park","Hours",""
"Sunshine Duration","2011 April","Roches Point","Hours",""
"Sunshine Duration","2011 April","Markree","Hours",""
"Sunshine Duration","2011 May","Malin Head","Hours",""
"Sunshine Duration","2011 May","Claremorris","Hours",""
"Sunshine Duration","2011 May","Valentia Observatory","Hours","129.9"
"Sunshine Duration","2011 May","Belmullet","Hours","189.9"
"Sunshine Duration","2011 May","Shannon Airport","Hours","153.5"
"Sunshine Duration","2011 May","Dublin Airport","Hours","195.7"
"Sunshine Duration","2011 May","Mullingar","Hours",""
"Sunshine Duration","2011 May","Cork Airport","Hours","146.1"
"Sunshine Duration","2011 May","Casement","Hours","188.2"
"Sunshine Duration","2011 May","Phoenix Park","Hours",""
"Sunshine Duration","2011 May","Roches Point","Hours",""
"Sunshine Duration","2011 May","Markree","Hours",""
"Sunshine Duration","2011 June","Malin Head","Hours",""
"Sunshine Duration","2011 June","Claremorris","Hours",""
"Sunshine Duration","2011 June","Valentia Observatory","Hours","194.1"
"Sunshine Duration","2011 June","Belmullet","Hours","194.4"
"Sunshine Duration","2011 June","Shannon Airport","Hours","190.8"
"Sunshine Duration","2011 June","Dublin Airport","Hours","191.1"
"Sunshine Duration","2011 June","Mullingar","Hours",""
"Sunshine Duration","2011 June","Cork Airport","Hours","197.8"
"Sunshine Duration","2011 June","Casement","Hours","192.9"
"Sunshine Duration","2011 June","Phoenix Park","Hours",""
"Sunshine Duration","2011 June","Roches Point","Hours",""
"Sunshine Duration","2011 June","Markree","Hours",""
"Sunshine Duration","2011 July","Malin Head","Hours",""
"Sunshine Duration","2011 July","Claremorris","Hours",""
"Sunshine Duration","2011 July","Valentia Observatory","Hours","108.7"
"Sunshine Duration","2011 July","Belmullet","Hours","132.9"
"Sunshine Duration","2011 July","Shannon Airport","Hours","104.6"
"Sunshine Duration","2011 July","Dublin Airport","Hours","159.3"
"Sunshine Duration","2011 July","Mullingar","Hours",""
"Sunshine Duration","2011 July","Cork Airport","Hours","130.8"
"Sunshine Duration","2011 July","Casement","Hours","136.2"
"Sunshine Duration","2011 July","Phoenix Park","Hours",""
"Sunshine Duration","2011 July","Roches Point","Hours",""
"Sunshine Duration","2011 July","Markree","Hours",""
"Sunshine Duration","2011 August","Malin Head","Hours",""
"Sunshine Duration","2011 August","Claremorris","Hours",""
"Sunshine Duration","2011 August","Valentia Observatory","Hours","135.8"
"Sunshine Duration","2011 August","Belmullet","Hours","151.7"
"Sunshine Duration","2011 August","Shannon Airport","Hours","127.5"
"Sunshine Duration","2011 August","Dublin Airport","Hours","139.7"
"Sunshine Duration","2011 August","Mullingar","Hours",""
"Sunshine Duration","2011 August","Cork Airport","Hours","131.7"
"Sunshine Duration","2011 August","Casement","Hours","133"
"Sunshine Duration","2011 August","Phoenix Park","Hours",""
"Sunshine Duration","2011 August","Roches Point","Hours",""
"Sunshine Duration","2011 August","Markree","Hours",""
"Sunshine Duration","2011 September","Malin Head","Hours",""
"Sunshine Duration","2011 September","Claremorris","Hours",""
"Sunshine Duration","2011 September","Valentia Observatory","Hours","56.8"
"Sunshine Duration","2011 September","Belmullet","Hours","81.3"
"Sunshine Duration","2011 September","Shannon Airport","Hours","73.5"
"Sunshine Duration","2011 September","Dublin Airport","Hours","120"
"Sunshine Duration","2011 September","Mullingar","Hours",""
"Sunshine Duration","2011 September","Cork Airport","Hours","68.4"
"Sunshine Duration","2011 September","Casement","Hours","111.7"
"Sunshine Duration","2011 September","Phoenix Park","Hours",""
"Sunshine Duration","2011 September","Roches Point","Hours",""
"Sunshine Duration","2011 September","Markree","Hours",""
"Sunshine Duration","2011 October","Malin Head","Hours",""
"Sunshine Duration","2011 October","Claremorris","Hours",""
"Sunshine Duration","2011 October","Valentia Observatory","Hours","58.6"
"Sunshine Duration","2011 October","Belmullet","Hours","61.7"
"Sunshine Duration","2011 October","Shannon Airport","Hours","54.9"
"Sunshine Duration","2011 October","Dublin Airport","Hours","84.4"
"Sunshine Duration","2011 October","Mullingar","Hours",""
"Sunshine Duration","2011 October","Cork Airport","Hours","71.7"
"Sunshine Duration","2011 October","Casement","Hours","75.8"
"Sunshine Duration","2011 October","Phoenix Park","Hours",""
"Sunshine Duration","2011 October","Roches Point","Hours",""
"Sunshine Duration","2011 October","Markree","Hours",""
"Sunshine Duration","2011 November","Malin Head","Hours",""
"Sunshine Duration","2011 November","Claremorris","Hours",""
"Sunshine Duration","2011 November","Valentia Observatory","Hours","57.9"
"Sunshine Duration","2011 November","Belmullet","Hours","66.8"
"Sunshine Duration","2011 November","Shannon Airport","Hours","78.7"
"Sunshine Duration","2011 November","Dublin Airport","Hours","76.1"
"Sunshine Duration","2011 November","Mullingar","Hours",""
"Sunshine Duration","2011 November","Cork Airport","Hours","63"
"Sunshine Duration","2011 November","Casement","Hours","86.2"
"Sunshine Duration","2011 November","Phoenix Park","Hours",""
"Sunshine Duration","2011 November","Roches Point","Hours",""
"Sunshine Duration","2011 November","Markree","Hours",""
"Sunshine Duration","2011 December","Malin Head","Hours",""
"Sunshine Duration","2011 December","Claremorris","Hours",""
"Sunshine Duration","2011 December","Valentia Observatory","Hours","16.8"
"Sunshine Duration","2011 December","Belmullet","Hours","24.9"
"Sunshine Duration","2011 December","Shannon Airport","Hours","25.5"
"Sunshine Duration","2011 December","Dublin Airport","Hours","57.3"
"Sunshine Duration","2011 December","Mullingar","Hours",""
"Sunshine Duration","2011 December","Cork Airport","Hours","43.6"
"Sunshine Duration","2011 December","Casement","Hours","35.2"
"Sunshine Duration","2011 December","Phoenix Park","Hours",""
"Sunshine Duration","2011 December","Roches Point","Hours",""
"Sunshine Duration","2011 December","Markree","Hours",""
"Sunshine Duration","2012 January","Malin Head","Hours",""
"Sunshine Duration","2012 January","Claremorris","Hours",""
"Sunshine Duration","2012 January","Valentia Observatory","Hours",""
"Sunshine Duration","2012 January","Belmullet","Hours","34.9"
"Sunshine Duration","2012 January","Shannon Airport","Hours","29.9"
"Sunshine Duration","2012 January","Dublin Airport","Hours","64.7"
"Sunshine Duration","2012 January","Mullingar","Hours",""
"Sunshine Duration","2012 January","Cork Airport","Hours","35.7"
"Sunshine Duration","2012 January","Casement","Hours","42.4"
"Sunshine Duration","2012 January","Phoenix Park","Hours",""
"Sunshine Duration","2012 January","Roches Point","Hours",""
"Sunshine Duration","2012 January","Markree","Hours",""
"Sunshine Duration","2012 February","Malin Head","Hours",""
"Sunshine Duration","2012 February","Claremorris","Hours",""
"Sunshine Duration","2012 February","Valentia Observatory","Hours",""
"Sunshine Duration","2012 February","Belmullet","Hours","38.2"
"Sunshine Duration","2012 February","Shannon Airport","Hours","43.2"
"Sunshine Duration","2012 February","Dublin Airport","Hours","62.6"
"Sunshine Duration","2012 February","Mullingar","Hours",""
"Sunshine Duration","2012 February","Cork Airport","Hours","38.7"
"Sunshine Duration","2012 February","Casement","Hours","61.5"
"Sunshine Duration","2012 February","Phoenix Park","Hours",""
"Sunshine Duration","2012 February","Roches Point","Hours",""
"Sunshine Duration","2012 February","Markree","Hours",""
"Sunshine Duration","2012 March","Malin Head","Hours",""
"Sunshine Duration","2012 March","Claremorris","Hours",""
"Sunshine Duration","2012 March","Valentia Observatory","Hours",""
"Sunshine Duration","2012 March","Belmullet","Hours","128.3"
"Sunshine Duration","2012 March","Shannon Airport","Hours","114.5"
"Sunshine Duration","2012 March","Dublin Airport","Hours","136.3"
"Sunshine Duration","2012 March","Mullingar","Hours",""
"Sunshine Duration","2012 March","Cork Airport","Hours","120.1"
"Sunshine Duration","2012 March","Casement","Hours","132.8"
"Sunshine Duration","2012 March","Phoenix Park","Hours",""
"Sunshine Duration","2012 March","Roches Point","Hours",""
"Sunshine Duration","2012 March","Markree","Hours",""
"Sunshine Duration","2012 April","Malin Head","Hours",""
"Sunshine Duration","2012 April","Claremorris","Hours",""
"Sunshine Duration","2012 April","Valentia Observatory","Hours",""
"Sunshine Duration","2012 April","Belmullet","Hours","204.7"
"Sunshine Duration","2012 April","Shannon Airport","Hours","185.8"
"Sunshine Duration","2012 April","Dublin Airport","Hours","164.6"
"Sunshine Duration","2012 April","Mullingar","Hours",""
"Sunshine Duration","2012 April","Cork Airport","Hours","163.3"
"Sunshine Duration","2012 April","Casement","Hours","156.4"
"Sunshine Duration","2012 April","Phoenix Park","Hours",""
"Sunshine Duration","2012 April","Roches Point","Hours",""
"Sunshine Duration","2012 April","Markree","Hours",""
"Sunshine Duration","2012 May","Malin Head","Hours",""
"Sunshine Duration","2012 May","Claremorris","Hours",""
"Sunshine Duration","2012 May","Valentia Observatory","Hours",""
"Sunshine Duration","2012 May","Belmullet","Hours","199.2"
"Sunshine Duration","2012 May","Shannon Airport","Hours","180.5"
"Sunshine Duration","2012 May","Dublin Airport","Hours","189.1"
"Sunshine Duration","2012 May","Mullingar","Hours",""
"Sunshine Duration","2012 May","Cork Airport","Hours","160.5"
"Sunshine Duration","2012 May","Casement","Hours","173.6"
"Sunshine Duration","2012 May","Phoenix Park","Hours",""
"Sunshine Duration","2012 May","Roches Point","Hours",""
"Sunshine Duration","2012 May","Markree","Hours",""
"Sunshine Duration","2012 June","Malin Head","Hours",""
"Sunshine Duration","2012 June","Claremorris","Hours",""
"Sunshine Duration","2012 June","Valentia Observatory","Hours",""
"Sunshine Duration","2012 June","Belmullet","Hours","149"
"Sunshine Duration","2012 June","Shannon Airport","Hours","100.3"
"Sunshine Duration","2012 June","Dublin Airport","Hours","130.8"
"Sunshine Duration","2012 June","Mullingar","Hours",""
"Sunshine Duration","2012 June","Cork Airport","Hours","93.6"
"Sunshine Duration","2012 June","Casement","Hours","116.4"
"Sunshine Duration","2012 June","Phoenix Park","Hours",""
"Sunshine Duration","2012 June","Roches Point","Hours",""
"Sunshine Duration","2012 June","Markree","Hours",""
"Sunshine Duration","2012 July","Malin Head","Hours",""
"Sunshine Duration","2012 July","Claremorris","Hours",""
"Sunshine Duration","2012 July","Valentia Observatory","Hours",""
"Sunshine Duration","2012 July","Belmullet","Hours","114.7"
"Sunshine Duration","2012 July","Shannon Airport","Hours","113.3"
"Sunshine Duration","2012 July","Dublin Airport","Hours","138"
"Sunshine Duration","2012 July","Mullingar","Hours",""
"Sunshine Duration","2012 July","Cork Airport","Hours","136.9"
"Sunshine Duration","2012 July","Casement","Hours","136.3"
"Sunshine Duration","2012 July","Phoenix Park","Hours",""
"Sunshine Duration","2012 July","Roches Point","Hours",""
"Sunshine Duration","2012 July","Markree","Hours",""
"Sunshine Duration","2012 August","Malin Head","Hours",""
"Sunshine Duration","2012 August","Claremorris","Hours",""
"Sunshine Duration","2012 August","Valentia Observatory","Hours",""
"Sunshine Duration","2012 August","Belmullet","Hours",""
"Sunshine Duration","2012 August","Shannon Airport","Hours","163.6"
"Sunshine Duration","2012 August","Dublin Airport","Hours","151.5"
"Sunshine Duration","2012 August","Mullingar","Hours",""
"Sunshine Duration","2012 August","Cork Airport","Hours","127"
"Sunshine Duration","2012 August","Casement","Hours","166.3"
"Sunshine Duration","2012 August","Phoenix Park","Hours",""
"Sunshine Duration","2012 August","Roches Point","Hours",""
"Sunshine Duration","2012 August","Markree","Hours",""
"Sunshine Duration","2012 September","Malin Head","Hours",""
"Sunshine Duration","2012 September","Claremorris","Hours",""
"Sunshine Duration","2012 September","Valentia Observatory","Hours",""
"Sunshine Duration","2012 September","Belmullet","Hours",""
"Sunshine Duration","2012 September","Shannon Airport","Hours","119.9"
"Sunshine Duration","2012 September","Dublin Airport","Hours","158.1"
"Sunshine Duration","2012 September","Mullingar","Hours",""
"Sunshine Duration","2012 September","Cork Airport","Hours","147.8"
"Sunshine Duration","2012 September","Casement","Hours","135.8"
"Sunshine Duration","2012 September","Phoenix Park","Hours",""
"Sunshine Duration","2012 September","Roches Point","Hours",""
"Sunshine Duration","2012 September","Markree","Hours",""
"Sunshine Duration","2012 October","Malin Head","Hours",""
"Sunshine Duration","2012 October","Claremorris","Hours",""
"Sunshine Duration","2012 October","Valentia Observatory","Hours",""
"Sunshine Duration","2012 October","Belmullet","Hours",""
"Sunshine Duration","2012 October","Shannon Airport","Hours","93.9"
"Sunshine Duration","2012 October","Dublin Airport","Hours","86.8"
"Sunshine Duration","2012 October","Mullingar","Hours",""
"Sunshine Duration","2012 October","Cork Airport","Hours","105.9"
"Sunshine Duration","2012 October","Casement","Hours","95.7"
"Sunshine Duration","2012 October","Phoenix Park","Hours",""
"Sunshine Duration","2012 October","Roches Point","Hours",""
"Sunshine Duration","2012 October","Markree","Hours",""
"Sunshine Duration","2012 November","Malin Head","Hours",""
"Sunshine Duration","2012 November","Claremorris","Hours",""
"Sunshine Duration","2012 November","Valentia Observatory","Hours",""
"Sunshine Duration","2012 November","Belmullet","Hours",""
"Sunshine Duration","2012 November","Shannon Airport","Hours","72.3"
"Sunshine Duration","2012 November","Dublin Airport","Hours","97.9"
"Sunshine Duration","2012 November","Mullingar","Hours",""
"Sunshine Duration","2012 November","Cork Airport","Hours","89.8"
"Sunshine Duration","2012 November","Casement","Hours","78.3"
"Sunshine Duration","2012 November","Phoenix Park","Hours",""
"Sunshine Duration","2012 November","Roches Point","Hours",""
"Sunshine Duration","2012 November","Markree","Hours",""
"Sunshine Duration","2012 December","Malin Head","Hours",""
"Sunshine Duration","2012 December","Claremorris","Hours",""
"Sunshine Duration","2012 December","Valentia Observatory","Hours",""
"Sunshine Duration","2012 December","Belmullet","Hours",""
"Sunshine Duration","2012 December","Shannon Airport","Hours","44.4"
"Sunshine Duration","2012 December","Dublin Airport","Hours","69.4"
"Sunshine Duration","2012 December","Mullingar","Hours",""
"Sunshine Duration","2012 December","Cork Airport","Hours","61"
"Sunshine Duration","2012 December","Casement","Hours","48"
"Sunshine Duration","2012 December","Phoenix Park","Hours",""
"Sunshine Duration","2012 December","Roches Point","Hours",""
"Sunshine Duration","2012 December","Markree","Hours",""
"Sunshine Duration","2013 January","Malin Head","Hours",""
"Sunshine Duration","2013 January","Claremorris","Hours",""
"Sunshine Duration","2013 January","Valentia Observatory","Hours","38.6"
"Sunshine Duration","2013 January","Belmullet","Hours","37.9"
"Sunshine Duration","2013 January","Shannon Airport","Hours","35.5"
"Sunshine Duration","2013 January","Dublin Airport","Hours","37"
"Sunshine Duration","2013 January","Mullingar","Hours",""
"Sunshine Duration","2013 January","Cork Airport","Hours","51.3"
"Sunshine Duration","2013 January","Casement","Hours","24.8"
"Sunshine Duration","2013 January","Phoenix Park","Hours",""
"Sunshine Duration","2013 January","Roches Point","Hours",""
"Sunshine Duration","2013 January","Markree","Hours",""
"Sunshine Duration","2013 February","Malin Head","Hours",""
"Sunshine Duration","2013 February","Claremorris","Hours",""
"Sunshine Duration","2013 February","Valentia Observatory","Hours","72.5"
"Sunshine Duration","2013 February","Belmullet","Hours","117.2"
"Sunshine Duration","2013 February","Shannon Airport","Hours","70.4"
"Sunshine Duration","2013 February","Dublin Airport","Hours","72.5"
"Sunshine Duration","2013 February","Mullingar","Hours",""
"Sunshine Duration","2013 February","Cork Airport","Hours","73.6"
"Sunshine Duration","2013 February","Casement","Hours","74.4"
"Sunshine Duration","2013 February","Phoenix Park","Hours",""
"Sunshine Duration","2013 February","Roches Point","Hours",""
"Sunshine Duration","2013 February","Markree","Hours",""
"Sunshine Duration","2013 March","Malin Head","Hours",""
"Sunshine Duration","2013 March","Claremorris","Hours",""
"Sunshine Duration","2013 March","Valentia Observatory","Hours","91.1"
"Sunshine Duration","2013 March","Belmullet","Hours","97.1"
"Sunshine Duration","2013 March","Shannon Airport","Hours","102.1"
"Sunshine Duration","2013 March","Dublin Airport","Hours","69.6"
"Sunshine Duration","2013 March","Mullingar","Hours",""
"Sunshine Duration","2013 March","Cork Airport","Hours","76.9"
"Sunshine Duration","2013 March","Casement","Hours","60.2"
"Sunshine Duration","2013 March","Phoenix Park","Hours",""
"Sunshine Duration","2013 March","Roches Point","Hours",""
"Sunshine Duration","2013 March","Markree","Hours",""
"Sunshine Duration","2013 April","Malin Head","Hours",""
"Sunshine Duration","2013 April","Claremorris","Hours",""
"Sunshine Duration","2013 April","Valentia Observatory","Hours",""
"Sunshine Duration","2013 April","Belmullet","Hours",""
"Sunshine Duration","2013 April","Shannon Airport","Hours","188.7"
"Sunshine Duration","2013 April","Dublin Airport","Hours","165.4"
"Sunshine Duration","2013 April","Mullingar","Hours",""
"Sunshine Duration","2013 April","Cork Airport","Hours","168"
"Sunshine Duration","2013 April","Casement","Hours","159.6"
"Sunshine Duration","2013 April","Phoenix Park","Hours",""
"Sunshine Duration","2013 April","Roches Point","Hours",""
"Sunshine Duration","2013 April","Markree","Hours",""
"Sunshine Duration","2013 May","Malin Head","Hours",""
"Sunshine Duration","2013 May","Claremorris","Hours",""
"Sunshine Duration","2013 May","Valentia Observatory","Hours",""
"Sunshine Duration","2013 May","Belmullet","Hours",""
"Sunshine Duration","2013 May","Shannon Airport","Hours","179"
"Sunshine Duration","2013 May","Dublin Airport","Hours","194.4"
"Sunshine Duration","2013 May","Mullingar","Hours",""
"Sunshine Duration","2013 May","Cork Airport","Hours","197.6"
"Sunshine Duration","2013 May","Casement","Hours","164.1"
"Sunshine Duration","2013 May","Phoenix Park","Hours",""
"Sunshine Duration","2013 May","Roches Point","Hours",""
"Sunshine Duration","2013 May","Markree","Hours",""
"Sunshine Duration","2013 June","Malin Head","Hours",""
"Sunshine Duration","2013 June","Claremorris","Hours",""
"Sunshine Duration","2013 June","Valentia Observatory","Hours",""
"Sunshine Duration","2013 June","Belmullet","Hours",""
"Sunshine Duration","2013 June","Shannon Airport","Hours","159.3"
"Sunshine Duration","2013 June","Dublin Airport","Hours","210.4"
"Sunshine Duration","2013 June","Mullingar","Hours",""
"Sunshine Duration","2013 June","Cork Airport","Hours","205.2"
"Sunshine Duration","2013 June","Casement","Hours","185.4"
"Sunshine Duration","2013 June","Phoenix Park","Hours",""
"Sunshine Duration","2013 June","Roches Point","Hours",""
"Sunshine Duration","2013 June","Markree","Hours",""
"Sunshine Duration","2013 July","Malin Head","Hours",""
"Sunshine Duration","2013 July","Claremorris","Hours",""
"Sunshine Duration","2013 July","Valentia Observatory","Hours",""
"Sunshine Duration","2013 July","Belmullet","Hours",""
"Sunshine Duration","2013 July","Shannon Airport","Hours","213.8"
"Sunshine Duration","2013 July","Dublin Airport","Hours","237"
"Sunshine Duration","2013 July","Mullingar","Hours",""
"Sunshine Duration","2013 July","Cork Airport","Hours","264.5"
"Sunshine Duration","2013 July","Casement","Hours","229.2"
"Sunshine Duration","2013 July","Phoenix Park","Hours",""
"Sunshine Duration","2013 July","Roches Point","Hours",""
"Sunshine Duration","2013 July","Markree","Hours",""
"Sunshine Duration","2013 August","Malin Head","Hours",""
"Sunshine Duration","2013 August","Claremorris","Hours",""
"Sunshine Duration","2013 August","Valentia Observatory","Hours",""
"Sunshine Duration","2013 August","Belmullet","Hours",""
"Sunshine Duration","2013 August","Shannon Airport","Hours","105.7"
"Sunshine Duration","2013 August","Dublin Airport","Hours","130.3"
"Sunshine Duration","2013 August","Mullingar","Hours",""
"Sunshine Duration","2013 August","Cork Airport","Hours","133.5"
"Sunshine Duration","2013 August","Casement","Hours","131.6"
"Sunshine Duration","2013 August","Phoenix Park","Hours",""
"Sunshine Duration","2013 August","Roches Point","Hours",""
"Sunshine Duration","2013 August","Markree","Hours",""
"Sunshine Duration","2013 September","Malin Head","Hours",""
"Sunshine Duration","2013 September","Claremorris","Hours",""
"Sunshine Duration","2013 September","Valentia Observatory","Hours","105.3"
"Sunshine Duration","2013 September","Belmullet","Hours","87.1"
"Sunshine Duration","2013 September","Shannon Airport","Hours","93.8"
"Sunshine Duration","2013 September","Dublin Airport","Hours","138.5"
"Sunshine Duration","2013 September","Mullingar","Hours",""
"Sunshine Duration","2013 September","Cork Airport","Hours","119"
"Sunshine Duration","2013 September","Casement","Hours","115.9"
"Sunshine Duration","2013 September","Phoenix Park","Hours",""
"Sunshine Duration","2013 September","Roches Point","Hours",""
"Sunshine Duration","2013 September","Markree","Hours",""
"Sunshine Duration","2013 October","Malin Head","Hours",""
"Sunshine Duration","2013 October","Claremorris","Hours",""
"Sunshine Duration","2013 October","Valentia Observatory","Hours","79.3"
"Sunshine Duration","2013 October","Belmullet","Hours","114.6"
"Sunshine Duration","2013 October","Shannon Airport","Hours","113.2"
"Sunshine Duration","2013 October","Dublin Airport","Hours","95.2"
"Sunshine Duration","2013 October","Mullingar","Hours",""
"Sunshine Duration","2013 October","Cork Airport","Hours","85.1"
"Sunshine Duration","2013 October","Casement","Hours","94.7"
"Sunshine Duration","2013 October","Phoenix Park","Hours",""
"Sunshine Duration","2013 October","Roches Point","Hours",""
"Sunshine Duration","2013 October","Markree","Hours",""
"Sunshine Duration","2013 November","Malin Head","Hours",""
"Sunshine Duration","2013 November","Claremorris","Hours",""
"Sunshine Duration","2013 November","Valentia Observatory","Hours","46.1"
"Sunshine Duration","2013 November","Belmullet","Hours",""
"Sunshine Duration","2013 November","Shannon Airport","Hours","51.3"
"Sunshine Duration","2013 November","Dublin Airport","Hours","80.3"
"Sunshine Duration","2013 November","Mullingar","Hours",""
"Sunshine Duration","2013 November","Cork Airport","Hours","73.3"
"Sunshine Duration","2013 November","Casement","Hours","61.3"
"Sunshine Duration","2013 November","Phoenix Park","Hours",""
"Sunshine Duration","2013 November","Roches Point","Hours",""
"Sunshine Duration","2013 November","Markree","Hours",""
"Sunshine Duration","2013 December","Malin Head","Hours",""
"Sunshine Duration","2013 December","Claremorris","Hours",""
"Sunshine Duration","2013 December","Valentia Observatory","Hours","25.7"
"Sunshine Duration","2013 December","Belmullet","Hours","22.7"
"Sunshine Duration","2013 December","Shannon Airport","Hours","38"
"Sunshine Duration","2013 December","Dublin Airport","Hours","51.3"
"Sunshine Duration","2013 December","Mullingar","Hours",""
"Sunshine Duration","2013 December","Cork Airport","Hours","40.2"
"Sunshine Duration","2013 December","Casement","Hours","47.8"
"Sunshine Duration","2013 December","Phoenix Park","Hours",""
"Sunshine Duration","2013 December","Roches Point","Hours",""
"Sunshine Duration","2013 December","Markree","Hours",""
"Sunshine Duration","2014 January","Malin Head","Hours",""
"Sunshine Duration","2014 January","Claremorris","Hours",""
"Sunshine Duration","2014 January","Valentia Observatory","Hours","56.7"
"Sunshine Duration","2014 January","Belmullet","Hours","53.5"
"Sunshine Duration","2014 January","Shannon Airport","Hours","53.4"
"Sunshine Duration","2014 January","Dublin Airport","Hours","64.5"
"Sunshine Duration","2014 January","Mullingar","Hours",""
"Sunshine Duration","2014 January","Cork Airport","Hours","73.2"
"Sunshine Duration","2014 January","Casement","Hours","54.1"
"Sunshine Duration","2014 January","Phoenix Park","Hours",""
"Sunshine Duration","2014 January","Roches Point","Hours",""
"Sunshine Duration","2014 January","Markree","Hours",""
"Sunshine Duration","2014 February","Malin Head","Hours",""
"Sunshine Duration","2014 February","Claremorris","Hours",""
"Sunshine Duration","2014 February","Valentia Observatory","Hours","59.4"
"Sunshine Duration","2014 February","Belmullet","Hours","82.7"
"Sunshine Duration","2014 February","Shannon Airport","Hours","61.9"
"Sunshine Duration","2014 February","Dublin Airport","Hours","101.2"
"Sunshine Duration","2014 February","Mullingar","Hours",""
"Sunshine Duration","2014 February","Cork Airport","Hours","65.2"
"Sunshine Duration","2014 February","Casement","Hours","85.2"
"Sunshine Duration","2014 February","Phoenix Park","Hours",""
"Sunshine Duration","2014 February","Roches Point","Hours",""
"Sunshine Duration","2014 February","Markree","Hours",""
"Sunshine Duration","2014 March","Malin Head","Hours",""
"Sunshine Duration","2014 March","Claremorris","Hours",""
"Sunshine Duration","2014 March","Valentia Observatory","Hours","129.1"
"Sunshine Duration","2014 March","Belmullet","Hours","121.1"
"Sunshine Duration","2014 March","Shannon Airport","Hours","116.4"
"Sunshine Duration","2014 March","Dublin Airport","Hours","121"
"Sunshine Duration","2014 March","Mullingar","Hours",""
"Sunshine Duration","2014 March","Cork Airport","Hours","108"
"Sunshine Duration","2014 March","Casement","Hours","99"
"Sunshine Duration","2014 March","Phoenix Park","Hours",""
"Sunshine Duration","2014 March","Roches Point","Hours",""
"Sunshine Duration","2014 March","Markree","Hours",""
"Sunshine Duration","2014 April","Malin Head","Hours",""
"Sunshine Duration","2014 April","Claremorris","Hours",""
"Sunshine Duration","2014 April","Valentia Observatory","Hours","142.8"
"Sunshine Duration","2014 April","Belmullet","Hours","176.8"
"Sunshine Duration","2014 April","Shannon Airport","Hours","160.3"
"Sunshine Duration","2014 April","Dublin Airport","Hours","185.9"
"Sunshine Duration","2014 April","Mullingar","Hours",""
"Sunshine Duration","2014 April","Cork Airport","Hours","144.6"
"Sunshine Duration","2014 April","Casement","Hours","172.9"
"Sunshine Duration","2014 April","Phoenix Park","Hours",""
"Sunshine Duration","2014 April","Roches Point","Hours",""
"Sunshine Duration","2014 April","Markree","Hours",""
"Sunshine Duration","2014 May","Malin Head","Hours",""
"Sunshine Duration","2014 May","Claremorris","Hours",""
"Sunshine Duration","2014 May","Valentia Observatory","Hours","163.8"
"Sunshine Duration","2014 May","Belmullet","Hours","173"
"Sunshine Duration","2014 May","Shannon Airport","Hours","126.9"
"Sunshine Duration","2014 May","Dublin Airport","Hours","146.2"
"Sunshine Duration","2014 May","Mullingar","Hours",""
"Sunshine Duration","2014 May","Cork Airport","Hours","150.3"
"Sunshine Duration","2014 May","Casement","Hours","114.8"
"Sunshine Duration","2014 May","Phoenix Park","Hours",""
"Sunshine Duration","2014 May","Roches Point","Hours",""
"Sunshine Duration","2014 May","Markree","Hours",""
"Sunshine Duration","2014 June","Malin Head","Hours",""
"Sunshine Duration","2014 June","Claremorris","Hours",""
"Sunshine Duration","2014 June","Valentia Observatory","Hours","262.9"
"Sunshine Duration","2014 June","Belmullet","Hours","211.6"
"Sunshine Duration","2014 June","Shannon Airport","Hours","176.1"
"Sunshine Duration","2014 June","Dublin Airport","Hours","202.6"
"Sunshine Duration","2014 June","Mullingar","Hours",""
"Sunshine Duration","2014 June","Cork Airport","Hours","206.3"
"Sunshine Duration","2014 June","Casement","Hours","181.5"
"Sunshine Duration","2014 June","Phoenix Park","Hours",""
"Sunshine Duration","2014 June","Roches Point","Hours",""
"Sunshine Duration","2014 June","Markree","Hours",""
"Sunshine Duration","2014 July","Malin Head","Hours",""
"Sunshine Duration","2014 July","Claremorris","Hours",""
"Sunshine Duration","2014 July","Valentia Observatory","Hours","136.2"
"Sunshine Duration","2014 July","Belmullet","Hours","156.7"
"Sunshine Duration","2014 July","Shannon Airport","Hours","129.6"
"Sunshine Duration","2014 July","Dublin Airport","Hours","182.8"
"Sunshine Duration","2014 July","Mullingar","Hours",""
"Sunshine Duration","2014 July","Cork Airport","Hours","156.8"
"Sunshine Duration","2014 July","Casement","Hours","159.9"
"Sunshine Duration","2014 July","Phoenix Park","Hours",""
"Sunshine Duration","2014 July","Roches Point","Hours",""
"Sunshine Duration","2014 July","Markree","Hours",""
"Sunshine Duration","2014 August","Malin Head","Hours",""
"Sunshine Duration","2014 August","Claremorris","Hours",""
"Sunshine Duration","2014 August","Valentia Observatory","Hours","187.1"
"Sunshine Duration","2014 August","Belmullet","Hours","235"
"Sunshine Duration","2014 August","Shannon Airport","Hours","156"
"Sunshine Duration","2014 August","Dublin Airport","Hours","158.6"
"Sunshine Duration","2014 August","Mullingar","Hours",""
"Sunshine Duration","2014 August","Cork Airport","Hours","183.3"
"Sunshine Duration","2014 August","Casement","Hours","157.1"
"Sunshine Duration","2014 August","Phoenix Park","Hours",""
"Sunshine Duration","2014 August","Roches Point","Hours",""
"Sunshine Duration","2014 August","Markree","Hours",""
"Sunshine Duration","2014 September","Malin Head","Hours",""
"Sunshine Duration","2014 September","Claremorris","Hours",""
"Sunshine Duration","2014 September","Valentia Observatory","Hours",""
"Sunshine Duration","2014 September","Belmullet","Hours",""
"Sunshine Duration","2014 September","Shannon Airport","Hours","141.1"
"Sunshine Duration","2014 September","Dublin Airport","Hours","141.2"
"Sunshine Duration","2014 September","Mullingar","Hours",""
"Sunshine Duration","2014 September","Cork Airport","Hours","133.7"
"Sunshine Duration","2014 September","Casement","Hours","118.3"
"Sunshine Duration","2014 September","Phoenix Park","Hours",""
"Sunshine Duration","2014 September","Roches Point","Hours",""
"Sunshine Duration","2014 September","Markree","Hours",""
"Sunshine Duration","2014 October","Malin Head","Hours",""
"Sunshine Duration","2014 October","Claremorris","Hours",""
"Sunshine Duration","2014 October","Valentia Observatory","Hours","81.4"
"Sunshine Duration","2014 October","Belmullet","Hours","78.1"
"Sunshine Duration","2014 October","Shannon Airport","Hours","84.3"
"Sunshine Duration","2014 October","Dublin Airport","Hours","115.3"
"Sunshine Duration","2014 October","Mullingar","Hours",""
"Sunshine Duration","2014 October","Cork Airport","Hours","91"
"Sunshine Duration","2014 October","Casement","Hours","114"
"Sunshine Duration","2014 October","Phoenix Park","Hours",""
"Sunshine Duration","2014 October","Roches Point","Hours",""
"Sunshine Duration","2014 October","Markree","Hours",""
"Sunshine Duration","2014 November","Malin Head","Hours",""
"Sunshine Duration","2014 November","Claremorris","Hours",""
"Sunshine Duration","2014 November","Valentia Observatory","Hours","77.1"
"Sunshine Duration","2014 November","Belmullet","Hours","70.8"
"Sunshine Duration","2014 November","Shannon Airport","Hours","72"
"Sunshine Duration","2014 November","Dublin Airport","Hours","63.1"
"Sunshine Duration","2014 November","Mullingar","Hours",""
"Sunshine Duration","2014 November","Cork Airport","Hours","94.3"
"Sunshine Duration","2014 November","Casement","Hours","60.5"
"Sunshine Duration","2014 November","Phoenix Park","Hours",""
"Sunshine Duration","2014 November","Roches Point","Hours",""
"Sunshine Duration","2014 November","Markree","Hours",""
"Sunshine Duration","2014 December","Malin Head","Hours",""
"Sunshine Duration","2014 December","Claremorris","Hours",""
"Sunshine Duration","2014 December","Valentia Observatory","Hours","33.2"
"Sunshine Duration","2014 December","Belmullet","Hours","21.9"
"Sunshine Duration","2014 December","Shannon Airport","Hours","50.1"
"Sunshine Duration","2014 December","Dublin Airport","Hours","81.9"
"Sunshine Duration","2014 December","Mullingar","Hours",""
"Sunshine Duration","2014 December","Cork Airport","Hours","70.7"
"Sunshine Duration","2014 December","Casement","Hours","58.6"
"Sunshine Duration","2014 December","Phoenix Park","Hours",""
"Sunshine Duration","2014 December","Roches Point","Hours",""
"Sunshine Duration","2014 December","Markree","Hours",""
"Sunshine Duration","2015 January","Malin Head","Hours",""
"Sunshine Duration","2015 January","Claremorris","Hours",""
"Sunshine Duration","2015 January","Valentia Observatory","Hours",""
"Sunshine Duration","2015 January","Belmullet","Hours",""
"Sunshine Duration","2015 January","Shannon Airport","Hours","68.9"
"Sunshine Duration","2015 January","Dublin Airport","Hours","92.4"
"Sunshine Duration","2015 January","Mullingar","Hours",""
"Sunshine Duration","2015 January","Cork Airport","Hours","70.4"
"Sunshine Duration","2015 January","Casement","Hours","68.5"
"Sunshine Duration","2015 January","Phoenix Park","Hours",""
"Sunshine Duration","2015 January","Roches Point","Hours",""
"Sunshine Duration","2015 January","Markree","Hours",""
"Sunshine Duration","2015 February","Malin Head","Hours",""
"Sunshine Duration","2015 February","Claremorris","Hours",""
"Sunshine Duration","2015 February","Valentia Observatory","Hours",""
"Sunshine Duration","2015 February","Belmullet","Hours",""
"Sunshine Duration","2015 February","Shannon Airport","Hours","62"
"Sunshine Duration","2015 February","Dublin Airport","Hours","79.2"
"Sunshine Duration","2015 February","Mullingar","Hours",""
"Sunshine Duration","2015 February","Cork Airport","Hours","81.3"
"Sunshine Duration","2015 February","Casement","Hours","62.8"
"Sunshine Duration","2015 February","Phoenix Park","Hours",""
"Sunshine Duration","2015 February","Roches Point","Hours",""
"Sunshine Duration","2015 February","Markree","Hours",""
"Sunshine Duration","2015 March","Malin Head","Hours",""
"Sunshine Duration","2015 March","Claremorris","Hours",""
"Sunshine Duration","2015 March","Valentia Observatory","Hours",""
"Sunshine Duration","2015 March","Belmullet","Hours",""
"Sunshine Duration","2015 March","Shannon Airport","Hours","139.9"
"Sunshine Duration","2015 March","Dublin Airport","Hours","155.9"
"Sunshine Duration","2015 March","Mullingar","Hours",""
"Sunshine Duration","2015 March","Cork Airport","Hours","134.7"
"Sunshine Duration","2015 March","Casement","Hours","129.3"
"Sunshine Duration","2015 March","Phoenix Park","Hours",""
"Sunshine Duration","2015 March","Roches Point","Hours",""
"Sunshine Duration","2015 March","Markree","Hours",""
"Sunshine Duration","2015 April","Malin Head","Hours",""
"Sunshine Duration","2015 April","Claremorris","Hours",""
"Sunshine Duration","2015 April","Valentia Observatory","Hours",""
"Sunshine Duration","2015 April","Belmullet","Hours",""
"Sunshine Duration","2015 April","Shannon Airport","Hours","246.3"
"Sunshine Duration","2015 April","Dublin Airport","Hours","229.9"
"Sunshine Duration","2015 April","Mullingar","Hours",""
"Sunshine Duration","2015 April","Cork Airport","Hours","223.7"
"Sunshine Duration","2015 April","Casement","Hours","211.3"
"Sunshine Duration","2015 April","Phoenix Park","Hours",""
"Sunshine Duration","2015 April","Roches Point","Hours",""
"Sunshine Duration","2015 April","Markree","Hours",""
"Sunshine Duration","2015 May","Malin Head","Hours",""
"Sunshine Duration","2015 May","Claremorris","Hours",""
"Sunshine Duration","2015 May","Valentia Observatory","Hours",""
"Sunshine Duration","2015 May","Belmullet","Hours",""
"Sunshine Duration","2015 May","Shannon Airport","Hours","162.3"
"Sunshine Duration","2015 May","Dublin Airport","Hours","165.9"
"Sunshine Duration","2015 May","Mullingar","Hours",""
"Sunshine Duration","2015 May","Cork Airport","Hours","156.1"
"Sunshine Duration","2015 May","Casement","Hours","153.4"
"Sunshine Duration","2015 May","Phoenix Park","Hours",""
"Sunshine Duration","2015 May","Roches Point","Hours",""
"Sunshine Duration","2015 May","Markree","Hours",""
"Sunshine Duration","2015 June","Malin Head","Hours",""
"Sunshine Duration","2015 June","Claremorris","Hours",""
"Sunshine Duration","2015 June","Valentia Observatory","Hours",""
"Sunshine Duration","2015 June","Belmullet","Hours",""
"Sunshine Duration","2015 June","Shannon Airport","Hours","179.5"
"Sunshine Duration","2015 June","Dublin Airport","Hours","204.3"
"Sunshine Duration","2015 June","Mullingar","Hours",""
"Sunshine Duration","2015 June","Cork Airport","Hours","188.3"
"Sunshine Duration","2015 June","Casement","Hours","191.6"
"Sunshine Duration","2015 June","Phoenix Park","Hours",""
"Sunshine Duration","2015 June","Roches Point","Hours",""
"Sunshine Duration","2015 June","Markree","Hours",""
"Sunshine Duration","2015 July","Malin Head","Hours",""
"Sunshine Duration","2015 July","Claremorris","Hours",""
"Sunshine Duration","2015 July","Valentia Observatory","Hours",""
"Sunshine Duration","2015 July","Belmullet","Hours",""
"Sunshine Duration","2015 July","Shannon Airport","Hours","126"
"Sunshine Duration","2015 July","Dublin Airport","Hours","134.5"
"Sunshine Duration","2015 July","Mullingar","Hours",""
"Sunshine Duration","2015 July","Cork Airport","Hours","145.3"
"Sunshine Duration","2015 July","Casement","Hours","120.6"
"Sunshine Duration","2015 July","Phoenix Park","Hours",""
"Sunshine Duration","2015 July","Roches Point","Hours",""
"Sunshine Duration","2015 July","Markree","Hours",""
"Sunshine Duration","2015 August","Malin Head","Hours",""
"Sunshine Duration","2015 August","Claremorris","Hours",""
"Sunshine Duration","2015 August","Valentia Observatory","Hours",""
"Sunshine Duration","2015 August","Belmullet","Hours","114.5"
"Sunshine Duration","2015 August","Shannon Airport","Hours","162.9"
"Sunshine Duration","2015 August","Dublin Airport","Hours","158.1"
"Sunshine Duration","2015 August","Mullingar","Hours",""
"Sunshine Duration","2015 August","Cork Airport","Hours","155.9"
"Sunshine Duration","2015 August","Casement","Hours","149.5"
"Sunshine Duration","2015 August","Phoenix Park","Hours",""
"Sunshine Duration","2015 August","Roches Point","Hours",""
"Sunshine Duration","2015 August","Markree","Hours",""
"Sunshine Duration","2015 September","Malin Head","Hours",""
"Sunshine Duration","2015 September","Claremorris","Hours",""
"Sunshine Duration","2015 September","Valentia Observatory","Hours",""
"Sunshine Duration","2015 September","Belmullet","Hours","94.9"
"Sunshine Duration","2015 September","Shannon Airport","Hours","97.7"
"Sunshine Duration","2015 September","Dublin Airport","Hours","136.4"
"Sunshine Duration","2015 September","Mullingar","Hours",""
"Sunshine Duration","2015 September","Cork Airport","Hours","115.6"
"Sunshine Duration","2015 September","Casement","Hours","125.1"
"Sunshine Duration","2015 September","Phoenix Park","Hours",""
"Sunshine Duration","2015 September","Roches Point","Hours",""
"Sunshine Duration","2015 September","Markree","Hours",""
"Sunshine Duration","2015 October","Malin Head","Hours",""
"Sunshine Duration","2015 October","Claremorris","Hours",""
"Sunshine Duration","2015 October","Valentia Observatory","Hours",""
"Sunshine Duration","2015 October","Belmullet","Hours",""
"Sunshine Duration","2015 October","Shannon Airport","Hours","78.8"
"Sunshine Duration","2015 October","Dublin Airport","Hours","88.4"
"Sunshine Duration","2015 October","Mullingar","Hours",""
"Sunshine Duration","2015 October","Cork Airport","Hours","81.7"
"Sunshine Duration","2015 October","Casement","Hours","95.3"
"Sunshine Duration","2015 October","Phoenix Park","Hours",""
"Sunshine Duration","2015 October","Roches Point","Hours",""
"Sunshine Duration","2015 October","Markree","Hours",""
"Sunshine Duration","2015 November","Malin Head","Hours",""
"Sunshine Duration","2015 November","Claremorris","Hours",""
"Sunshine Duration","2015 November","Valentia Observatory","Hours",""
"Sunshine Duration","2015 November","Belmullet","Hours",""
"Sunshine Duration","2015 November","Shannon Airport","Hours","57.4"
"Sunshine Duration","2015 November","Dublin Airport","Hours","54.5"
"Sunshine Duration","2015 November","Mullingar","Hours",""
"Sunshine Duration","2015 November","Cork Airport","Hours","47.3"
"Sunshine Duration","2015 November","Casement","Hours","39.6"
"Sunshine Duration","2015 November","Phoenix Park","Hours",""
"Sunshine Duration","2015 November","Roches Point","Hours",""
"Sunshine Duration","2015 November","Markree","Hours",""
"Sunshine Duration","2015 December","Malin Head","Hours",""
"Sunshine Duration","2015 December","Claremorris","Hours",""
"Sunshine Duration","2015 December","Valentia Observatory","Hours",""
"Sunshine Duration","2015 December","Belmullet","Hours",""
"Sunshine Duration","2015 December","Shannon Airport","Hours","32.8"
"Sunshine Duration","2015 December","Dublin Airport","Hours","48"
"Sunshine Duration","2015 December","Mullingar","Hours",""
"Sunshine Duration","2015 December","Cork Airport","Hours","24.3"
"Sunshine Duration","2015 December","Casement","Hours","34.9"
"Sunshine Duration","2015 December","Phoenix Park","Hours",""
"Sunshine Duration","2015 December","Roches Point","Hours",""
"Sunshine Duration","2015 December","Markree","Hours",""
"Sunshine Duration","2016 January","Malin Head","Hours",""
"Sunshine Duration","2016 January","Claremorris","Hours",""
"Sunshine Duration","2016 January","Valentia Observatory","Hours",""
"Sunshine Duration","2016 January","Belmullet","Hours",""
"Sunshine Duration","2016 January","Shannon Airport","Hours","47.6"
"Sunshine Duration","2016 January","Dublin Airport","Hours","66.4"
"Sunshine Duration","2016 January","Mullingar","Hours",""
"Sunshine Duration","2016 January","Cork Airport","Hours","41.5"
"Sunshine Duration","2016 January","Casement","Hours","56.3"
"Sunshine Duration","2016 January","Phoenix Park","Hours",""
"Sunshine Duration","2016 January","Roches Point","Hours",""
"Sunshine Duration","2016 January","Markree","Hours",""
"Sunshine Duration","2016 February","Malin Head","Hours",""
"Sunshine Duration","2016 February","Claremorris","Hours",""
"Sunshine Duration","2016 February","Valentia Observatory","Hours",""
"Sunshine Duration","2016 February","Belmullet","Hours",""
"Sunshine Duration","2016 February","Shannon Airport","Hours","75.6"
"Sunshine Duration","2016 February","Dublin Airport","Hours","79.7"
"Sunshine Duration","2016 February","Mullingar","Hours",""
"Sunshine Duration","2016 February","Cork Airport","Hours","85.4"
"Sunshine Duration","2016 February","Casement","Hours","66.6"
"Sunshine Duration","2016 February","Phoenix Park","Hours",""
"Sunshine Duration","2016 February","Roches Point","Hours",""
"Sunshine Duration","2016 February","Markree","Hours",""
"Sunshine Duration","2016 March","Malin Head","Hours",""
"Sunshine Duration","2016 March","Claremorris","Hours",""
"Sunshine Duration","2016 March","Valentia Observatory","Hours",""
"Sunshine Duration","2016 March","Belmullet","Hours",""
"Sunshine Duration","2016 March","Shannon Airport","Hours","116.5"
"Sunshine Duration","2016 March","Dublin Airport","Hours","121.8"
"Sunshine Duration","2016 March","Mullingar","Hours",""
"Sunshine Duration","2016 March","Cork Airport","Hours","96.7"
"Sunshine Duration","2016 March","Casement","Hours","104.5"
"Sunshine Duration","2016 March","Phoenix Park","Hours",""
"Sunshine Duration","2016 March","Roches Point","Hours",""
"Sunshine Duration","2016 March","Markree","Hours",""
"Sunshine Duration","2016 April","Malin Head","Hours",""
"Sunshine Duration","2016 April","Claremorris","Hours",""
"Sunshine Duration","2016 April","Valentia Observatory","Hours",""
"Sunshine Duration","2016 April","Belmullet","Hours",""
"Sunshine Duration","2016 April","Shannon Airport","Hours","181.2"
"Sunshine Duration","2016 April","Dublin Airport","Hours","148.1"
"Sunshine Duration","2016 April","Mullingar","Hours",""
"Sunshine Duration","2016 April","Cork Airport","Hours","174.8"
"Sunshine Duration","2016 April","Casement","Hours","135.2"
"Sunshine Duration","2016 April","Phoenix Park","Hours",""
"Sunshine Duration","2016 April","Roches Point","Hours",""
"Sunshine Duration","2016 April","Markree","Hours",""
"Sunshine Duration","2016 May","Malin Head","Hours",""
"Sunshine Duration","2016 May","Claremorris","Hours",""
"Sunshine Duration","2016 May","Valentia Observatory","Hours",""
"Sunshine Duration","2016 May","Belmullet","Hours",""
"Sunshine Duration","2016 May","Shannon Airport","Hours","224.1"
"Sunshine Duration","2016 May","Dublin Airport","Hours","209.1"
"Sunshine Duration","2016 May","Mullingar","Hours",""
"Sunshine Duration","2016 May","Cork Airport","Hours","204.4"
"Sunshine Duration","2016 May","Casement","Hours","216"
"Sunshine Duration","2016 May","Phoenix Park","Hours",""
"Sunshine Duration","2016 May","Roches Point","Hours",""
"Sunshine Duration","2016 May","Markree","Hours",""
"Sunshine Duration","2016 June","Malin Head","Hours",""
"Sunshine Duration","2016 June","Claremorris","Hours",""
"Sunshine Duration","2016 June","Valentia Observatory","Hours",""
"Sunshine Duration","2016 June","Belmullet","Hours",""
"Sunshine Duration","2016 June","Shannon Airport","Hours","160"
"Sunshine Duration","2016 June","Dublin Airport","Hours","142.8"
"Sunshine Duration","2016 June","Mullingar","Hours",""
"Sunshine Duration","2016 June","Cork Airport","Hours","177.8"
"Sunshine Duration","2016 June","Casement","Hours","142.3"
"Sunshine Duration","2016 June","Phoenix Park","Hours",""
"Sunshine Duration","2016 June","Roches Point","Hours",""
"Sunshine Duration","2016 June","Markree","Hours",""
"Sunshine Duration","2016 July","Malin Head","Hours",""
"Sunshine Duration","2016 July","Claremorris","Hours",""
"Sunshine Duration","2016 July","Valentia Observatory","Hours",""
"Sunshine Duration","2016 July","Belmullet","Hours",""
"Sunshine Duration","2016 July","Shannon Airport","Hours","102.5"
"Sunshine Duration","2016 July","Dublin Airport","Hours","128.4"
"Sunshine Duration","2016 July","Mullingar","Hours",""
"Sunshine Duration","2016 July","Cork Airport","Hours","131.6"
"Sunshine Duration","2016 July","Casement","Hours","159.1"
"Sunshine Duration","2016 July","Phoenix Park","Hours",""
"Sunshine Duration","2016 July","Roches Point","Hours",""
"Sunshine Duration","2016 July","Markree","Hours",""
"Sunshine Duration","2016 August","Malin Head","Hours",""
"Sunshine Duration","2016 August","Claremorris","Hours",""
"Sunshine Duration","2016 August","Valentia Observatory","Hours",""
"Sunshine Duration","2016 August","Belmullet","Hours","99.2"
"Sunshine Duration","2016 August","Shannon Airport","Hours","128.4"
"Sunshine Duration","2016 August","Dublin Airport","Hours","137.3"
"Sunshine Duration","2016 August","Mullingar","Hours",""
"Sunshine Duration","2016 August","Cork Airport","Hours","146.7"
"Sunshine Duration","2016 August","Casement","Hours","157.8"
"Sunshine Duration","2016 August","Phoenix Park","Hours",""
"Sunshine Duration","2016 August","Roches Point","Hours",""
"Sunshine Duration","2016 August","Markree","Hours",""
"Sunshine Duration","2016 September","Malin Head","Hours",""
"Sunshine Duration","2016 September","Claremorris","Hours",""
"Sunshine Duration","2016 September","Valentia Observatory","Hours",""
"Sunshine Duration","2016 September","Belmullet","Hours",""
"Sunshine Duration","2016 September","Shannon Airport","Hours","85.1"
"Sunshine Duration","2016 September","Dublin Airport","Hours","112.4"
"Sunshine Duration","2016 September","Mullingar","Hours",""
"Sunshine Duration","2016 September","Cork Airport","Hours","68.4"
"Sunshine Duration","2016 September","Casement","Hours","107.6"
"Sunshine Duration","2016 September","Phoenix Park","Hours",""
"Sunshine Duration","2016 September","Roches Point","Hours",""
"Sunshine Duration","2016 September","Markree","Hours",""
"Sunshine Duration","2016 October","Malin Head","Hours",""
"Sunshine Duration","2016 October","Claremorris","Hours",""
"Sunshine Duration","2016 October","Valentia Observatory","Hours",""
"Sunshine Duration","2016 October","Belmullet","Hours",""
"Sunshine Duration","2016 October","Shannon Airport","Hours","83.4"
"Sunshine Duration","2016 October","Dublin Airport","Hours","107.7"
"Sunshine Duration","2016 October","Mullingar","Hours",""
"Sunshine Duration","2016 October","Cork Airport","Hours","93.2"
"Sunshine Duration","2016 October","Casement","Hours","100.7"
"Sunshine Duration","2016 October","Phoenix Park","Hours",""
"Sunshine Duration","2016 October","Roches Point","Hours",""
"Sunshine Duration","2016 October","Markree","Hours",""
"Sunshine Duration","2016 November","Malin Head","Hours",""
"Sunshine Duration","2016 November","Claremorris","Hours",""
"Sunshine Duration","2016 November","Valentia Observatory","Hours",""
"Sunshine Duration","2016 November","Belmullet","Hours",""
"Sunshine Duration","2016 November","Shannon Airport","Hours","83"
"Sunshine Duration","2016 November","Dublin Airport","Hours","97.5"
"Sunshine Duration","2016 November","Mullingar","Hours",""
"Sunshine Duration","2016 November","Cork Airport","Hours","116.1"
"Sunshine Duration","2016 November","Casement","Hours","87"
"Sunshine Duration","2016 November","Phoenix Park","Hours",""
"Sunshine Duration","2016 November","Roches Point","Hours",""
"Sunshine Duration","2016 November","Markree","Hours",""
"Sunshine Duration","2016 December","Malin Head","Hours",""
"Sunshine Duration","2016 December","Claremorris","Hours",""
"Sunshine Duration","2016 December","Valentia Observatory","Hours",""
"Sunshine Duration","2016 December","Belmullet","Hours",""
"Sunshine Duration","2016 December","Shannon Airport","Hours","62.6"
"Sunshine Duration","2016 December","Dublin Airport","Hours","60.6"
"Sunshine Duration","2016 December","Mullingar","Hours",""
"Sunshine Duration","2016 December","Cork Airport","Hours","35.8"
"Sunshine Duration","2016 December","Casement","Hours","57.1"
"Sunshine Duration","2016 December","Phoenix Park","Hours",""
"Sunshine Duration","2016 December","Roches Point","Hours",""
"Sunshine Duration","2016 December","Markree","Hours",""
"Sunshine Duration","2017 January","Malin Head","Hours",""
"Sunshine Duration","2017 January","Claremorris","Hours",""
"Sunshine Duration","2017 January","Valentia Observatory","Hours",""
"Sunshine Duration","2017 January","Belmullet","Hours",""
"Sunshine Duration","2017 January","Shannon Airport","Hours","68.7"
"Sunshine Duration","2017 January","Dublin Airport","Hours","57.4"
"Sunshine Duration","2017 January","Mullingar","Hours",""
"Sunshine Duration","2017 January","Cork Airport","Hours","70.1"
"Sunshine Duration","2017 January","Casement","Hours","59.5"
"Sunshine Duration","2017 January","Phoenix Park","Hours",""
"Sunshine Duration","2017 January","Roches Point","Hours",""
"Sunshine Duration","2017 January","Markree","Hours",""
"Sunshine Duration","2017 February","Malin Head","Hours",""
"Sunshine Duration","2017 February","Claremorris","Hours",""
"Sunshine Duration","2017 February","Valentia Observatory","Hours",""
"Sunshine Duration","2017 February","Belmullet","Hours",""
"Sunshine Duration","2017 February","Shannon Airport","Hours","51.6"
"Sunshine Duration","2017 February","Dublin Airport","Hours","51.1"
"Sunshine Duration","2017 February","Mullingar","Hours",""
"Sunshine Duration","2017 February","Cork Airport","Hours","60.1"
"Sunshine Duration","2017 February","Casement","Hours","51.1"
"Sunshine Duration","2017 February","Phoenix Park","Hours",""
"Sunshine Duration","2017 February","Roches Point","Hours",""
"Sunshine Duration","2017 February","Markree","Hours",""
"Sunshine Duration","2017 March","Malin Head","Hours",""
"Sunshine Duration","2017 March","Claremorris","Hours",""
"Sunshine Duration","2017 March","Valentia Observatory","Hours",""
"Sunshine Duration","2017 March","Belmullet","Hours","136.1"
"Sunshine Duration","2017 March","Shannon Airport","Hours","122.4"
"Sunshine Duration","2017 March","Dublin Airport","Hours","127.7"
"Sunshine Duration","2017 March","Mullingar","Hours",""
"Sunshine Duration","2017 March","Cork Airport","Hours","107.4"
"Sunshine Duration","2017 March","Casement","Hours","116.7"
"Sunshine Duration","2017 March","Phoenix Park","Hours",""
"Sunshine Duration","2017 March","Roches Point","Hours",""
"Sunshine Duration","2017 March","Markree","Hours",""
"Sunshine Duration","2017 April","Malin Head","Hours",""
"Sunshine Duration","2017 April","Claremorris","Hours",""
"Sunshine Duration","2017 April","Valentia Observatory","Hours",""
"Sunshine Duration","2017 April","Belmullet","Hours","82.4"
"Sunshine Duration","2017 April","Shannon Airport","Hours","113.4"
"Sunshine Duration","2017 April","Dublin Airport","Hours","99.1"
"Sunshine Duration","2017 April","Mullingar","Hours",""
"Sunshine Duration","2017 April","Cork Airport","Hours","108.2"
"Sunshine Duration","2017 April","Casement","Hours","104.2"
"Sunshine Duration","2017 April","Phoenix Park","Hours",""
"Sunshine Duration","2017 April","Roches Point","Hours",""
"Sunshine Duration","2017 April","Markree","Hours",""
"Sunshine Duration","2017 May","Malin Head","Hours",""
"Sunshine Duration","2017 May","Claremorris","Hours",""
"Sunshine Duration","2017 May","Valentia Observatory","Hours",""
"Sunshine Duration","2017 May","Belmullet","Hours","266.7"
"Sunshine Duration","2017 May","Shannon Airport","Hours","204.1"
"Sunshine Duration","2017 May","Dublin Airport","Hours","224.3"
"Sunshine Duration","2017 May","Mullingar","Hours",""
"Sunshine Duration","2017 May","Cork Airport","Hours","183.6"
"Sunshine Duration","2017 May","Casement","Hours","231.9"
"Sunshine Duration","2017 May","Phoenix Park","Hours",""
"Sunshine Duration","2017 May","Roches Point","Hours",""
"Sunshine Duration","2017 May","Markree","Hours",""
"Sunshine Duration","2017 June","Malin Head","Hours",""
"Sunshine Duration","2017 June","Claremorris","Hours",""
"Sunshine Duration","2017 June","Valentia Observatory","Hours",""
"Sunshine Duration","2017 June","Belmullet","Hours","96.3"
"Sunshine Duration","2017 June","Shannon Airport","Hours","140"
"Sunshine Duration","2017 June","Dublin Airport","Hours","161.5"
"Sunshine Duration","2017 June","Mullingar","Hours",""
"Sunshine Duration","2017 June","Cork Airport","Hours","192.5"
"Sunshine Duration","2017 June","Casement","Hours","163"
"Sunshine Duration","2017 June","Phoenix Park","Hours",""
"Sunshine Duration","2017 June","Roches Point","Hours",""
"Sunshine Duration","2017 June","Markree","Hours",""
"Sunshine Duration","2017 July","Malin Head","Hours",""
"Sunshine Duration","2017 July","Claremorris","Hours",""
"Sunshine Duration","2017 July","Valentia Observatory","Hours",""
"Sunshine Duration","2017 July","Belmullet","Hours","160.3"
"Sunshine Duration","2017 July","Shannon Airport","Hours","137.8"
"Sunshine Duration","2017 July","Dublin Airport","Hours","166"
"Sunshine Duration","2017 July","Mullingar","Hours",""
"Sunshine Duration","2017 July","Cork Airport","Hours","181.1"
"Sunshine Duration","2017 July","Casement","Hours","180.1"
"Sunshine Duration","2017 July","Phoenix Park","Hours",""
"Sunshine Duration","2017 July","Roches Point","Hours",""
"Sunshine Duration","2017 July","Markree","Hours",""
"Sunshine Duration","2017 August","Malin Head","Hours",""
"Sunshine Duration","2017 August","Claremorris","Hours",""
"Sunshine Duration","2017 August","Valentia Observatory","Hours",""
"Sunshine Duration","2017 August","Belmullet","Hours","136.3"
"Sunshine Duration","2017 August","Shannon Airport","Hours","122.3"
"Sunshine Duration","2017 August","Dublin Airport","Hours","120.5"
"Sunshine Duration","2017 August","Mullingar","Hours",""
"Sunshine Duration","2017 August","Cork Airport","Hours","130.4"
"Sunshine Duration","2017 August","Casement","Hours","157.2"
"Sunshine Duration","2017 August","Phoenix Park","Hours",""
"Sunshine Duration","2017 August","Roches Point","Hours",""
"Sunshine Duration","2017 August","Markree","Hours",""
"Sunshine Duration","2017 September","Malin Head","Hours",""
"Sunshine Duration","2017 September","Claremorris","Hours",""
"Sunshine Duration","2017 September","Valentia Observatory","Hours",""
"Sunshine Duration","2017 September","Belmullet","Hours",""
"Sunshine Duration","2017 September","Shannon Airport","Hours","123.7"
"Sunshine Duration","2017 September","Dublin Airport","Hours","128.7"
"Sunshine Duration","2017 September","Mullingar","Hours",""
"Sunshine Duration","2017 September","Cork Airport","Hours","135.4"
"Sunshine Duration","2017 September","Casement","Hours","126.9"
"Sunshine Duration","2017 September","Phoenix Park","Hours",""
"Sunshine Duration","2017 September","Roches Point","Hours",""
"Sunshine Duration","2017 September","Markree","Hours",""
"Sunshine Duration","2017 October","Malin Head","Hours",""
"Sunshine Duration","2017 October","Claremorris","Hours",""
"Sunshine Duration","2017 October","Valentia Observatory","Hours",""
"Sunshine Duration","2017 October","Belmullet","Hours",""
"Sunshine Duration","2017 October","Shannon Airport","Hours","50.3"
"Sunshine Duration","2017 October","Dublin Airport","Hours","73.9"
"Sunshine Duration","2017 October","Mullingar","Hours",""
"Sunshine Duration","2017 October","Cork Airport","Hours","50.4"
"Sunshine Duration","2017 October","Casement","Hours","70.2"
"Sunshine Duration","2017 October","Phoenix Park","Hours",""
"Sunshine Duration","2017 October","Roches Point","Hours",""
"Sunshine Duration","2017 October","Markree","Hours",""
"Sunshine Duration","2017 November","Malin Head","Hours",""
"Sunshine Duration","2017 November","Claremorris","Hours",""
"Sunshine Duration","2017 November","Valentia Observatory","Hours",""
"Sunshine Duration","2017 November","Belmullet","Hours",""
"Sunshine Duration","2017 November","Shannon Airport","Hours","68.6"
"Sunshine Duration","2017 November","Dublin Airport","Hours","87"
"Sunshine Duration","2017 November","Mullingar","Hours",""
"Sunshine Duration","2017 November","Cork Airport","Hours","81.9"
"Sunshine Duration","2017 November","Casement","Hours","68.4"
"Sunshine Duration","2017 November","Phoenix Park","Hours",""
"Sunshine Duration","2017 November","Roches Point","Hours",""
"Sunshine Duration","2017 November","Markree","Hours",""
"Sunshine Duration","2017 December","Malin Head","Hours",""
"Sunshine Duration","2017 December","Claremorris","Hours",""
"Sunshine Duration","2017 December","Valentia Observatory","Hours",""
"Sunshine Duration","2017 December","Belmullet","Hours",""
"Sunshine Duration","2017 December","Shannon Airport","Hours","54"
"Sunshine Duration","2017 December","Dublin Airport","Hours","59.1"
"Sunshine Duration","2017 December","Mullingar","Hours",""
"Sunshine Duration","2017 December","Cork Airport","Hours","49.9"
"Sunshine Duration","2017 December","Casement","Hours","41.3"
"Sunshine Duration","2017 December","Phoenix Park","Hours",""
"Sunshine Duration","2017 December","Roches Point","Hours",""
"Sunshine Duration","2017 December","Markree","Hours",""
"Sunshine Duration","2018 January","Malin Head","Hours",""
"Sunshine Duration","2018 January","Claremorris","Hours",""
"Sunshine Duration","2018 January","Valentia Observatory","Hours",""
"Sunshine Duration","2018 January","Belmullet","Hours","50.6"
"Sunshine Duration","2018 January","Shannon Airport","Hours","54"
"Sunshine Duration","2018 January","Dublin Airport","Hours","73.3"
"Sunshine Duration","2018 January","Mullingar","Hours",""
"Sunshine Duration","2018 January","Cork Airport","Hours","72.1"
"Sunshine Duration","2018 January","Casement","Hours","56.3"
"Sunshine Duration","2018 January","Phoenix Park","Hours",""
"Sunshine Duration","2018 January","Roches Point","Hours",""
"Sunshine Duration","2018 January","Markree","Hours",""
"Sunshine Duration","2018 February","Malin Head","Hours",""
"Sunshine Duration","2018 February","Claremorris","Hours",""
"Sunshine Duration","2018 February","Valentia Observatory","Hours",""
"Sunshine Duration","2018 February","Belmullet","Hours",""
"Sunshine Duration","2018 February","Shannon Airport","Hours","102.7"
"Sunshine Duration","2018 February","Dublin Airport","Hours","108.9"
"Sunshine Duration","2018 February","Mullingar","Hours",""
"Sunshine Duration","2018 February","Cork Airport","Hours","107.7"
"Sunshine Duration","2018 February","Casement","Hours","104.4"
"Sunshine Duration","2018 February","Phoenix Park","Hours",""
"Sunshine Duration","2018 February","Roches Point","Hours",""
"Sunshine Duration","2018 February","Markree","Hours",""
"Sunshine Duration","2018 March","Malin Head","Hours",""
"Sunshine Duration","2018 March","Claremorris","Hours",""
"Sunshine Duration","2018 March","Valentia Observatory","Hours",""
"Sunshine Duration","2018 March","Belmullet","Hours",""
"Sunshine Duration","2018 March","Shannon Airport","Hours","108.4"
"Sunshine Duration","2018 March","Dublin Airport","Hours","81.7"
"Sunshine Duration","2018 March","Mullingar","Hours",""
"Sunshine Duration","2018 March","Cork Airport","Hours","91.5"
"Sunshine Duration","2018 March","Casement","Hours","81.8"
"Sunshine Duration","2018 March","Phoenix Park","Hours",""
"Sunshine Duration","2018 March","Roches Point","Hours",""
"Sunshine Duration","2018 March","Markree","Hours",""
"Sunshine Duration","2018 April","Malin Head","Hours",""
"Sunshine Duration","2018 April","Claremorris","Hours",""
"Sunshine Duration","2018 April","Valentia Observatory","Hours",""
"Sunshine Duration","2018 April","Belmullet","Hours",""
"Sunshine Duration","2018 April","Shannon Airport","Hours","146.9"
"Sunshine Duration","2018 April","Dublin Airport","Hours","144"
"Sunshine Duration","2018 April","Mullingar","Hours",""
"Sunshine Duration","2018 April","Cork Airport","Hours","104.4"
"Sunshine Duration","2018 April","Casement","Hours","165"
"Sunshine Duration","2018 April","Phoenix Park","Hours",""
"Sunshine Duration","2018 April","Roches Point","Hours",""
"Sunshine Duration","2018 April","Markree","Hours",""
"Sunshine Duration","2018 May","Malin Head","Hours",""
"Sunshine Duration","2018 May","Claremorris","Hours",""
"Sunshine Duration","2018 May","Valentia Observatory","Hours",""
"Sunshine Duration","2018 May","Belmullet","Hours",""
"Sunshine Duration","2018 May","Shannon Airport","Hours","211.5"
"Sunshine Duration","2018 May","Dublin Airport","Hours","224"
"Sunshine Duration","2018 May","Mullingar","Hours",""
"Sunshine Duration","2018 May","Cork Airport","Hours","200.8"
"Sunshine Duration","2018 May","Casement","Hours","220.1"
"Sunshine Duration","2018 May","Phoenix Park","Hours",""
"Sunshine Duration","2018 May","Roches Point","Hours",""
"Sunshine Duration","2018 May","Markree","Hours",""
"Sunshine Duration","2018 June","Malin Head","Hours",""
"Sunshine Duration","2018 June","Claremorris","Hours",""
"Sunshine Duration","2018 June","Valentia Observatory","Hours",""
"Sunshine Duration","2018 June","Belmullet","Hours","211.3"
"Sunshine Duration","2018 June","Shannon Airport","Hours","219.7"
"Sunshine Duration","2018 June","Dublin Airport","Hours","268.6"
"Sunshine Duration","2018 June","Mullingar","Hours",""
"Sunshine Duration","2018 June","Cork Airport","Hours","256.9"
"Sunshine Duration","2018 June","Casement","Hours","256.5"
"Sunshine Duration","2018 June","Phoenix Park","Hours",""
"Sunshine Duration","2018 June","Roches Point","Hours",""
"Sunshine Duration","2018 June","Markree","Hours",""
"Sunshine Duration","2018 July","Malin Head","Hours",""
"Sunshine Duration","2018 July","Claremorris","Hours",""
"Sunshine Duration","2018 July","Valentia Observatory","Hours",""
"Sunshine Duration","2018 July","Belmullet","Hours",""
"Sunshine Duration","2018 July","Shannon Airport","Hours","188.1"
"Sunshine Duration","2018 July","Dublin Airport","Hours","182.5"
"Sunshine Duration","2018 July","Mullingar","Hours",""
"Sunshine Duration","2018 July","Cork Airport","Hours","209.7"
"Sunshine Duration","2018 July","Casement","Hours","208.3"
"Sunshine Duration","2018 July","Phoenix Park","Hours",""
"Sunshine Duration","2018 July","Roches Point","Hours",""
"Sunshine Duration","2018 July","Markree","Hours",""
"Sunshine Duration","2018 August","Malin Head","Hours",""
"Sunshine Duration","2018 August","Claremorris","Hours",""
"Sunshine Duration","2018 August","Valentia Observatory","Hours",""
"Sunshine Duration","2018 August","Belmullet","Hours",""
"Sunshine Duration","2018 August","Shannon Airport","Hours","104.7"
"Sunshine Duration","2018 August","Dublin Airport","Hours","121.5"
"Sunshine Duration","2018 August","Mullingar","Hours",""
"Sunshine Duration","2018 August","Cork Airport","Hours","140.9"
"Sunshine Duration","2018 August","Casement","Hours","135.9"
"Sunshine Duration","2018 August","Phoenix Park","Hours",""
"Sunshine Duration","2018 August","Roches Point","Hours",""
"Sunshine Duration","2018 August","Markree","Hours",""
"Sunshine Duration","2018 September","Malin Head","Hours",""
"Sunshine Duration","2018 September","Claremorris","Hours",""
"Sunshine Duration","2018 September","Valentia Observatory","Hours",""
"Sunshine Duration","2018 September","Belmullet","Hours",""
"Sunshine Duration","2018 September","Shannon Airport","Hours","96.5"
"Sunshine Duration","2018 September","Dublin Airport","Hours","136.2"
"Sunshine Duration","2018 September","Mullingar","Hours",""
"Sunshine Duration","2018 September","Cork Airport","Hours","134.9"
"Sunshine Duration","2018 September","Casement","Hours","136.8"
"Sunshine Duration","2018 September","Phoenix Park","Hours",""
"Sunshine Duration","2018 September","Roches Point","Hours",""
"Sunshine Duration","2018 September","Markree","Hours",""
"Sunshine Duration","2018 October","Malin Head","Hours",""
"Sunshine Duration","2018 October","Claremorris","Hours",""
"Sunshine Duration","2018 October","Valentia Observatory","Hours",""
"Sunshine Duration","2018 October","Belmullet","Hours","95.7"
"Sunshine Duration","2018 October","Shannon Airport","Hours","105.5"
"Sunshine Duration","2018 October","Dublin Airport","Hours","120.6"
"Sunshine Duration","2018 October","Mullingar","Hours",""
"Sunshine Duration","2018 October","Cork Airport","Hours","130.9"
"Sunshine Duration","2018 October","Casement","Hours","127"
"Sunshine Duration","2018 October","Phoenix Park","Hours",""
"Sunshine Duration","2018 October","Roches Point","Hours",""
"Sunshine Duration","2018 October","Markree","Hours",""
"Sunshine Duration","2018 November","Malin Head","Hours",""
"Sunshine Duration","2018 November","Claremorris","Hours",""
"Sunshine Duration","2018 November","Valentia Observatory","Hours",""
"Sunshine Duration","2018 November","Belmullet","Hours",""
"Sunshine Duration","2018 November","Shannon Airport","Hours","63.1"
"Sunshine Duration","2018 November","Dublin Airport","Hours","50.2"
"Sunshine Duration","2018 November","Mullingar","Hours",""
"Sunshine Duration","2018 November","Cork Airport","Hours","44.6"
"Sunshine Duration","2018 November","Casement","Hours","62.3"
"Sunshine Duration","2018 November","Phoenix Park","Hours",""
"Sunshine Duration","2018 November","Roches Point","Hours",""
"Sunshine Duration","2018 November","Markree","Hours",""
"Sunshine Duration","2018 December","Malin Head","Hours",""
"Sunshine Duration","2018 December","Claremorris","Hours",""
"Sunshine Duration","2018 December","Valentia Observatory","Hours",""
"Sunshine Duration","2018 December","Belmullet","Hours",""
"Sunshine Duration","2018 December","Shannon Airport","Hours","30.5"
"Sunshine Duration","2018 December","Dublin Airport","Hours","30.5"
"Sunshine Duration","2018 December","Mullingar","Hours",""
"Sunshine Duration","2018 December","Cork Airport","Hours","35.1"
"Sunshine Duration","2018 December","Casement","Hours","22.1"
"Sunshine Duration","2018 December","Phoenix Park","Hours",""
"Sunshine Duration","2018 December","Roches Point","Hours",""
"Sunshine Duration","2018 December","Markree","Hours",""
"Sunshine Duration","2019 January","Malin Head","Hours",""
"Sunshine Duration","2019 January","Claremorris","Hours",""
"Sunshine Duration","2019 January","Valentia Observatory","Hours",""
"Sunshine Duration","2019 January","Belmullet","Hours",""
"Sunshine Duration","2019 January","Shannon Airport","Hours","34.1"
"Sunshine Duration","2019 January","Dublin Airport","Hours","46.8"
"Sunshine Duration","2019 January","Mullingar","Hours",""
"Sunshine Duration","2019 January","Cork Airport","Hours","51.7"
"Sunshine Duration","2019 January","Casement","Hours","40.3"
"Sunshine Duration","2019 January","Phoenix Park","Hours",""
"Sunshine Duration","2019 January","Roches Point","Hours",""
"Sunshine Duration","2019 January","Markree","Hours",""
"Sunshine Duration","2019 February","Malin Head","Hours",""
"Sunshine Duration","2019 February","Claremorris","Hours",""
"Sunshine Duration","2019 February","Valentia Observatory","Hours",""
"Sunshine Duration","2019 February","Belmullet","Hours","58"
"Sunshine Duration","2019 February","Shannon Airport","Hours","77.4"
"Sunshine Duration","2019 February","Dublin Airport","Hours","112.4"
"Sunshine Duration","2019 February","Mullingar","Hours",""
"Sunshine Duration","2019 February","Cork Airport","Hours","72.9"
"Sunshine Duration","2019 February","Casement","Hours","117"
"Sunshine Duration","2019 February","Phoenix Park","Hours",""
"Sunshine Duration","2019 February","Roches Point","Hours",""
"Sunshine Duration","2019 February","Markree","Hours",""
"Sunshine Duration","2019 March","Malin Head","Hours",""
"Sunshine Duration","2019 March","Claremorris","Hours",""
"Sunshine Duration","2019 March","Valentia Observatory","Hours",""
"Sunshine Duration","2019 March","Belmullet","Hours",""
"Sunshine Duration","2019 March","Shannon Airport","Hours","123.5"
"Sunshine Duration","2019 March","Dublin Airport","Hours","132.6"
"Sunshine Duration","2019 March","Mullingar","Hours",""
"Sunshine Duration","2019 March","Cork Airport","Hours","134.9"
"Sunshine Duration","2019 March","Casement","Hours","130.3"
"Sunshine Duration","2019 March","Phoenix Park","Hours",""
"Sunshine Duration","2019 March","Roches Point","Hours",""
"Sunshine Duration","2019 March","Markree","Hours",""
"Sunshine Duration","2019 April","Malin Head","Hours",""
"Sunshine Duration","2019 April","Claremorris","Hours",""
"Sunshine Duration","2019 April","Valentia Observatory","Hours",""
"Sunshine Duration","2019 April","Belmullet","Hours",""
"Sunshine Duration","2019 April","Shannon Airport","Hours","150.5"
"Sunshine Duration","2019 April","Dublin Airport","Hours","123.7"
"Sunshine Duration","2019 April","Mullingar","Hours",""
"Sunshine Duration","2019 April","Cork Airport","Hours","155.5"
"Sunshine Duration","2019 April","Casement","Hours","120.3"
"Sunshine Duration","2019 April","Phoenix Park","Hours",""
"Sunshine Duration","2019 April","Roches Point","Hours",""
"Sunshine Duration","2019 April","Markree","Hours",""
"Sunshine Duration","2019 May","Malin Head","Hours",""
"Sunshine Duration","2019 May","Claremorris","Hours",""
"Sunshine Duration","2019 May","Valentia Observatory","Hours",""
"Sunshine Duration","2019 May","Belmullet","Hours",""
"Sunshine Duration","2019 May","Shannon Airport","Hours","196.1"
"Sunshine Duration","2019 May","Dublin Airport","Hours","139"
"Sunshine Duration","2019 May","Mullingar","Hours",""
"Sunshine Duration","2019 May","Cork Airport","Hours","214.1"
"Sunshine Duration","2019 May","Casement","Hours","161.3"
"Sunshine Duration","2019 May","Phoenix Park","Hours",""
"Sunshine Duration","2019 May","Roches Point","Hours",""
"Sunshine Duration","2019 May","Markree","Hours",""
"Sunshine Duration","2019 June","Malin Head","Hours",""
"Sunshine Duration","2019 June","Claremorris","Hours",""
"Sunshine Duration","2019 June","Valentia Observatory","Hours",""
"Sunshine Duration","2019 June","Belmullet","Hours",""
"Sunshine Duration","2019 June","Shannon Airport","Hours","197"
"Sunshine Duration","2019 June","Dublin Airport","Hours","159.8"
"Sunshine Duration","2019 June","Mullingar","Hours",""
"Sunshine Duration","2019 June","Cork Airport","Hours","186.9"
"Sunshine Duration","2019 June","Casement","Hours","175.9"
"Sunshine Duration","2019 June","Phoenix Park","Hours",""
"Sunshine Duration","2019 June","Roches Point","Hours",""
"Sunshine Duration","2019 June","Markree","Hours",""
"Sunshine Duration","2019 July","Malin Head","Hours",""
"Sunshine Duration","2019 July","Claremorris","Hours",""
"Sunshine Duration","2019 July","Valentia Observatory","Hours",""
"Sunshine Duration","2019 July","Belmullet","Hours",""
"Sunshine Duration","2019 July","Shannon Airport","Hours","154.6"
"Sunshine Duration","2019 July","Dublin Airport","Hours","166.9"
"Sunshine Duration","2019 July","Mullingar","Hours",""
"Sunshine Duration","2019 July","Cork Airport","Hours","175.7"
"Sunshine Duration","2019 July","Casement","Hours","184.1"
"Sunshine Duration","2019 July","Phoenix Park","Hours",""
"Sunshine Duration","2019 July","Roches Point","Hours",""
"Sunshine Duration","2019 July","Markree","Hours",""
"Sunshine Duration","2019 August","Malin Head","Hours",""
"Sunshine Duration","2019 August","Claremorris","Hours",""
"Sunshine Duration","2019 August","Valentia Observatory","Hours",""
"Sunshine Duration","2019 August","Belmullet","Hours",""
"Sunshine Duration","2019 August","Shannon Airport","Hours","133.8"
"Sunshine Duration","2019 August","Dublin Airport","Hours","173.4"
"Sunshine Duration","2019 August","Mullingar","Hours",""
"Sunshine Duration","2019 August","Cork Airport","Hours","162.6"
"Sunshine Duration","2019 August","Casement","Hours","190.2"
"Sunshine Duration","2019 August","Phoenix Park","Hours",""
"Sunshine Duration","2019 August","Roches Point","Hours",""
"Sunshine Duration","2019 August","Markree","Hours",""
"Sunshine Duration","2019 September","Malin Head","Hours",""
"Sunshine Duration","2019 September","Claremorris","Hours",""
"Sunshine Duration","2019 September","Valentia Observatory","Hours",""
"Sunshine Duration","2019 September","Belmullet","Hours",""
"Sunshine Duration","2019 September","Shannon Airport","Hours","132"
"Sunshine Duration","2019 September","Dublin Airport","Hours","144"
"Sunshine Duration","2019 September","Mullingar","Hours",""
"Sunshine Duration","2019 September","Cork Airport","Hours","147.5"
"Sunshine Duration","2019 September","Casement","Hours","146.1"
"Sunshine Duration","2019 September","Phoenix Park","Hours",""
"Sunshine Duration","2019 September","Roches Point","Hours",""
"Sunshine Duration","2019 September","Markree","Hours",""
"Sunshine Duration","2019 October","Malin Head","Hours",""
"Sunshine Duration","2019 October","Claremorris","Hours",""
"Sunshine Duration","2019 October","Valentia Observatory","Hours",""
"Sunshine Duration","2019 October","Belmullet","Hours",""
"Sunshine Duration","2019 October","Shannon Airport","Hours","106.7"
"Sunshine Duration","2019 October","Dublin Airport","Hours","113.2"
"Sunshine Duration","2019 October","Mullingar","Hours",""
"Sunshine Duration","2019 October","Cork Airport","Hours","123.2"
"Sunshine Duration","2019 October","Casement","Hours","109.5"
"Sunshine Duration","2019 October","Phoenix Park","Hours",""
"Sunshine Duration","2019 October","Roches Point","Hours",""
"Sunshine Duration","2019 October","Markree","Hours",""
"Sunshine Duration","2019 November","Malin Head","Hours",""
"Sunshine Duration","2019 November","Claremorris","Hours",""
"Sunshine Duration","2019 November","Valentia Observatory","Hours",""
"Sunshine Duration","2019 November","Belmullet","Hours",""
"Sunshine Duration","2019 November","Shannon Airport","Hours","59.6"
"Sunshine Duration","2019 November","Dublin Airport","Hours","41.3"
"Sunshine Duration","2019 November","Mullingar","Hours",""
"Sunshine Duration","2019 November","Cork Airport","Hours","69.8"
"Sunshine Duration","2019 November","Casement","Hours","49.2"
"Sunshine Duration","2019 November","Phoenix Park","Hours",""
"Sunshine Duration","2019 November","Roches Point","Hours",""
"Sunshine Duration","2019 November","Markree","Hours",""
"Sunshine Duration","2019 December","Malin Head","Hours",""
"Sunshine Duration","2019 December","Claremorris","Hours",""
"Sunshine Duration","2019 December","Valentia Observatory","Hours",""
"Sunshine Duration","2019 December","Belmullet","Hours",""
"Sunshine Duration","2019 December","Shannon Airport","Hours","55.1"
"Sunshine Duration","2019 December","Dublin Airport","Hours","60"
"Sunshine Duration","2019 December","Mullingar","Hours",""
"Sunshine Duration","2019 December","Cork Airport","Hours","61"
"Sunshine Duration","2019 December","Casement","Hours","57.6"
"Sunshine Duration","2019 December","Phoenix Park","Hours",""
"Sunshine Duration","2019 December","Roches Point","Hours",""
"Sunshine Duration","2019 December","Markree","Hours",""
"Sunshine Duration","2020 January","Malin Head","Hours",""
"Sunshine Duration","2020 January","Claremorris","Hours",""
"Sunshine Duration","2020 January","Valentia Observatory","Hours",""
"Sunshine Duration","2020 January","Belmullet","Hours",""
"Sunshine Duration","2020 January","Shannon Airport","Hours","62.3"
"Sunshine Duration","2020 January","Dublin Airport","Hours","65"
"Sunshine Duration","2020 January","Mullingar","Hours",""
"Sunshine Duration","2020 January","Cork Airport","Hours","74.1"
"Sunshine Duration","2020 January","Casement","Hours","65.6"
"Sunshine Duration","2020 January","Phoenix Park","Hours",""
"Sunshine Duration","2020 January","Roches Point","Hours",""
"Sunshine Duration","2020 January","Markree","Hours",""
"Sunshine Duration","2020 February","Malin Head","Hours",""
"Sunshine Duration","2020 February","Claremorris","Hours",""
"Sunshine Duration","2020 February","Valentia Observatory","Hours",""
"Sunshine Duration","2020 February","Belmullet","Hours",""
"Sunshine Duration","2020 February","Shannon Airport","Hours","70.7"
"Sunshine Duration","2020 February","Dublin Airport","Hours","103.2"
"Sunshine Duration","2020 February","Mullingar","Hours",""
"Sunshine Duration","2020 February","Cork Airport","Hours","83"
"Sunshine Duration","2020 February","Casement","Hours","83.6"
"Sunshine Duration","2020 February","Phoenix Park","Hours",""
"Sunshine Duration","2020 February","Roches Point","Hours",""
"Sunshine Duration","2020 February","Markree","Hours",""
"Sunshine Duration","2020 March","Malin Head","Hours",""
"Sunshine Duration","2020 March","Claremorris","Hours",""
"Sunshine Duration","2020 March","Valentia Observatory","Hours",""
"Sunshine Duration","2020 March","Belmullet","Hours",""
"Sunshine Duration","2020 March","Shannon Airport","Hours","134.7"
"Sunshine Duration","2020 March","Dublin Airport","Hours","140.6"
"Sunshine Duration","2020 March","Mullingar","Hours",""
"Sunshine Duration","2020 March","Cork Airport","Hours","125.9"
"Sunshine Duration","2020 March","Casement","Hours","126.8"
"Sunshine Duration","2020 March","Phoenix Park","Hours",""
"Sunshine Duration","2020 March","Roches Point","Hours",""
"Sunshine Duration","2020 March","Markree","Hours",""
"Sunshine Duration","2020 April","Malin Head","Hours",""
"Sunshine Duration","2020 April","Claremorris","Hours",""
"Sunshine Duration","2020 April","Valentia Observatory","Hours",""
"Sunshine Duration","2020 April","Belmullet","Hours",""
"Sunshine Duration","2020 April","Shannon Airport","Hours","171.6"
"Sunshine Duration","2020 April","Dublin Airport","Hours","188.2"
"Sunshine Duration","2020 April","Mullingar","Hours",""
"Sunshine Duration","2020 April","Cork Airport","Hours","164.9"
"Sunshine Duration","2020 April","Casement","Hours","187.9"
"Sunshine Duration","2020 April","Phoenix Park","Hours",""
"Sunshine Duration","2020 April","Roches Point","Hours",""
"Sunshine Duration","2020 April","Markree","Hours",""
"Sunshine Duration","2020 May","Malin Head","Hours",""
"Sunshine Duration","2020 May","Claremorris","Hours",""
"Sunshine Duration","2020 May","Valentia Observatory","Hours",""
"Sunshine Duration","2020 May","Belmullet","Hours",""
"Sunshine Duration","2020 May","Shannon Airport","Hours","238.1"
"Sunshine Duration","2020 May","Dublin Airport","Hours","295"
"Sunshine Duration","2020 May","Mullingar","Hours",""
"Sunshine Duration","2020 May","Cork Airport","Hours","244.1"
"Sunshine Duration","2020 May","Casement","Hours","294.8"
"Sunshine Duration","2020 May","Phoenix Park","Hours",""
"Sunshine Duration","2020 May","Roches Point","Hours",""
"Sunshine Duration","2020 May","Markree","Hours",""
"Sunshine Duration","2020 June","Malin Head","Hours",""
"Sunshine Duration","2020 June","Claremorris","Hours",""
"Sunshine Duration","2020 June","Valentia Observatory","Hours",""
"Sunshine Duration","2020 June","Belmullet","Hours",""
"Sunshine Duration","2020 June","Shannon Airport","Hours","112.6"
"Sunshine Duration","2020 June","Dublin Airport","Hours","130"
"Sunshine Duration","2020 June","Mullingar","Hours",""
"Sunshine Duration","2020 June","Cork Airport","Hours","136"
"Sunshine Duration","2020 June","Casement","Hours","126.5"
"Sunshine Duration","2020 June","Phoenix Park","Hours",""
"Sunshine Duration","2020 June","Roches Point","Hours",""
"Sunshine Duration","2020 June","Markree","Hours",""
"Sunshine Duration","2020 July","Malin Head","Hours",""
"Sunshine Duration","2020 July","Claremorris","Hours",""
"Sunshine Duration","2020 July","Valentia Observatory","Hours",""
"Sunshine Duration","2020 July","Belmullet","Hours",""
"Sunshine Duration","2020 July","Shannon Airport","Hours","130.7"
"Sunshine Duration","2020 July","Dublin Airport","Hours","104.2"
"Sunshine Duration","2020 July","Mullingar","Hours",""
"Sunshine Duration","2020 July","Cork Airport","Hours","163.7"
"Sunshine Duration","2020 July","Casement","Hours","129.2"
"Sunshine Duration","2020 July","Phoenix Park","Hours",""
"Sunshine Duration","2020 July","Roches Point","Hours",""
"Sunshine Duration","2020 July","Markree","Hours",""
"Sunshine Duration","2020 August","Malin Head","Hours",""
"Sunshine Duration","2020 August","Claremorris","Hours",""
"Sunshine Duration","2020 August","Valentia Observatory","Hours",""
"Sunshine Duration","2020 August","Belmullet","Hours",""
"Sunshine Duration","2020 August","Shannon Airport","Hours","137.3"
"Sunshine Duration","2020 August","Dublin Airport","Hours","97.1"
"Sunshine Duration","2020 August","Mullingar","Hours",""
"Sunshine Duration","2020 August","Cork Airport","Hours","151.7"
"Sunshine Duration","2020 August","Casement","Hours","105.3"
"Sunshine Duration","2020 August","Phoenix Park","Hours",""
"Sunshine Duration","2020 August","Roches Point","Hours",""
"Sunshine Duration","2020 August","Markree","Hours",""
"Sunshine Duration","2020 September","Malin Head","Hours",""
"Sunshine Duration","2020 September","Claremorris","Hours",""
"Sunshine Duration","2020 September","Valentia Observatory","Hours",""
"Sunshine Duration","2020 September","Belmullet","Hours",""
"Sunshine Duration","2020 September","Shannon Airport","Hours","124.2"
"Sunshine Duration","2020 September","Dublin Airport","Hours","143"
"Sunshine Duration","2020 September","Mullingar","Hours",""
"Sunshine Duration","2020 September","Cork Airport","Hours","144.8"
"Sunshine Duration","2020 September","Casement","Hours","144.8"
"Sunshine Duration","2020 September","Phoenix Park","Hours",""
"Sunshine Duration","2020 September","Roches Point","Hours",""
"Sunshine Duration","2020 September","Markree","Hours",""
"Sunshine Duration","2020 October","Malin Head","Hours",""
"Sunshine Duration","2020 October","Claremorris","Hours",""
"Sunshine Duration","2020 October","Valentia Observatory","Hours",""
"Sunshine Duration","2020 October","Belmullet","Hours",""
"Sunshine Duration","2020 October","Shannon Airport","Hours","120.8"
"Sunshine Duration","2020 October","Dublin Airport","Hours","120.6"
"Sunshine Duration","2020 October","Mullingar","Hours",""
"Sunshine Duration","2020 October","Cork Airport","Hours","126.9"
"Sunshine Duration","2020 October","Casement","Hours","103.4"
"Sunshine Duration","2020 October","Phoenix Park","Hours",""
"Sunshine Duration","2020 October","Roches Point","Hours",""
"Sunshine Duration","2020 October","Markree","Hours",""
"Sunshine Duration","2020 November","Malin Head","Hours",""
"Sunshine Duration","2020 November","Claremorris","Hours",""
"Sunshine Duration","2020 November","Valentia Observatory","Hours",""
"Sunshine Duration","2020 November","Belmullet","Hours",""
"Sunshine Duration","2020 November","Shannon Airport","Hours","51.9"
"Sunshine Duration","2020 November","Dublin Airport","Hours","70.7"
"Sunshine Duration","2020 November","Mullingar","Hours",""
"Sunshine Duration","2020 November","Cork Airport","Hours","76.1"
"Sunshine Duration","2020 November","Casement","Hours","73"
"Sunshine Duration","2020 November","Phoenix Park","Hours",""
"Sunshine Duration","2020 November","Roches Point","Hours",""
"Sunshine Duration","2020 November","Markree","Hours",""
"Sunshine Duration","2020 December","Malin Head","Hours",""
"Sunshine Duration","2020 December","Claremorris","Hours",""
"Sunshine Duration","2020 December","Valentia Observatory","Hours",""
"Sunshine Duration","2020 December","Belmullet","Hours",""
"Sunshine Duration","2020 December","Shannon Airport","Hours","54.6"
"Sunshine Duration","2020 December","Dublin Airport","Hours","65.5"
"Sunshine Duration","2020 December","Mullingar","Hours",""
"Sunshine Duration","2020 December","Cork Airport","Hours","76.2"
"Sunshine Duration","2020 December","Casement","Hours","53.8"
"Sunshine Duration","2020 December","Phoenix Park","Hours",""
"Sunshine Duration","2020 December","Roches Point","Hours",""
"Sunshine Duration","2020 December","Markree","Hours",""
"Sunshine Duration","2021 January","Malin Head","Hours",""
"Sunshine Duration","2021 January","Claremorris","Hours",""
"Sunshine Duration","2021 January","Valentia Observatory","Hours",""
"Sunshine Duration","2021 January","Belmullet","Hours",""
"Sunshine Duration","2021 January","Shannon Airport","Hours","63.3"
"Sunshine Duration","2021 January","Dublin Airport","Hours","54.1"
"Sunshine Duration","2021 January","Mullingar","Hours",""
"Sunshine Duration","2021 January","Cork Airport","Hours","95.2"
"Sunshine Duration","2021 January","Casement","Hours","40.6"
"Sunshine Duration","2021 January","Phoenix Park","Hours",""
"Sunshine Duration","2021 January","Roches Point","Hours",""
"Sunshine Duration","2021 January","Markree","Hours",""
"Sunshine Duration","2021 February","Malin Head","Hours",""
"Sunshine Duration","2021 February","Claremorris","Hours",""
"Sunshine Duration","2021 February","Valentia Observatory","Hours",""
"Sunshine Duration","2021 February","Belmullet","Hours",""
"Sunshine Duration","2021 February","Shannon Airport","Hours","66.4"
"Sunshine Duration","2021 February","Dublin Airport","Hours","70"
"Sunshine Duration","2021 February","Mullingar","Hours",""
"Sunshine Duration","2021 February","Cork Airport","Hours","67.2"
"Sunshine Duration","2021 February","Casement","Hours","81.6"
"Sunshine Duration","2021 February","Phoenix Park","Hours",""
"Sunshine Duration","2021 February","Roches Point","Hours",""
"Sunshine Duration","2021 February","Markree","Hours",""
"Sunshine Duration","2021 March","Malin Head","Hours",""
"Sunshine Duration","2021 March","Claremorris","Hours",""
"Sunshine Duration","2021 March","Valentia Observatory","Hours",""
"Sunshine Duration","2021 March","Belmullet","Hours",""
"Sunshine Duration","2021 March","Shannon Airport","Hours","77.7"
"Sunshine Duration","2021 March","Dublin Airport","Hours","116.3"
"Sunshine Duration","2021 March","Mullingar","Hours",""
"Sunshine Duration","2021 March","Cork Airport","Hours","90.7"
"Sunshine Duration","2021 March","Casement","Hours","114"
"Sunshine Duration","2021 March","Phoenix Park","Hours",""
"Sunshine Duration","2021 March","Roches Point","Hours",""
"Sunshine Duration","2021 March","Markree","Hours",""
"Sunshine Duration","2021 April","Malin Head","Hours",""
"Sunshine Duration","2021 April","Claremorris","Hours",""
"Sunshine Duration","2021 April","Valentia Observatory","Hours",""
"Sunshine Duration","2021 April","Belmullet","Hours",""
"Sunshine Duration","2021 April","Shannon Airport","Hours","218.4"
"Sunshine Duration","2021 April","Dublin Airport","Hours","209.9"
"Sunshine Duration","2021 April","Mullingar","Hours",""
"Sunshine Duration","2021 April","Cork Airport","Hours","210"
"Sunshine Duration","2021 April","Casement","Hours","202.4"
"Sunshine Duration","2021 April","Phoenix Park","Hours",""
"Sunshine Duration","2021 April","Roches Point","Hours",""
"Sunshine Duration","2021 April","Markree","Hours",""
"Sunshine Duration","2021 May","Malin Head","Hours",""
"Sunshine Duration","2021 May","Claremorris","Hours",""
"Sunshine Duration","2021 May","Valentia Observatory","Hours",""
"Sunshine Duration","2021 May","Belmullet","Hours",""
"Sunshine Duration","2021 May","Shannon Airport","Hours","214.4"
"Sunshine Duration","2021 May","Dublin Airport","Hours","214.2"
"Sunshine Duration","2021 May","Mullingar","Hours",""
"Sunshine Duration","2021 May","Cork Airport","Hours","196.3"
"Sunshine Duration","2021 May","Casement","Hours","213.2"
"Sunshine Duration","2021 May","Phoenix Park","Hours",""
"Sunshine Duration","2021 May","Roches Point","Hours",""
"Sunshine Duration","2021 May","Markree","Hours",""
"Sunshine Duration","2021 June","Malin Head","Hours",""
"Sunshine Duration","2021 June","Claremorris","Hours",""
"Sunshine Duration","2021 June","Valentia Observatory","Hours",""
"Sunshine Duration","2021 June","Belmullet","Hours",""
"Sunshine Duration","2021 June","Shannon Airport","Hours","144"
"Sunshine Duration","2021 June","Dublin Airport","Hours","180.2"
"Sunshine Duration","2021 June","Mullingar","Hours",""
"Sunshine Duration","2021 June","Cork Airport","Hours","179.6"
"Sunshine Duration","2021 June","Casement","Hours","179.6"
"Sunshine Duration","2021 June","Phoenix Park","Hours",""
"Sunshine Duration","2021 June","Roches Point","Hours",""
"Sunshine Duration","2021 June","Markree","Hours",""
"Sunshine Duration","2021 July","Malin Head","Hours",""
"Sunshine Duration","2021 July","Claremorris","Hours",""
"Sunshine Duration","2021 July","Valentia Observatory","Hours",""
"Sunshine Duration","2021 July","Belmullet","Hours",""
"Sunshine Duration","2021 July","Shannon Airport","Hours","172.2"
"Sunshine Duration","2021 July","Dublin Airport","Hours","190.8"
"Sunshine Duration","2021 July","Mullingar","Hours",""
"Sunshine Duration","2021 July","Cork Airport","Hours","192.6"
"Sunshine Duration","2021 July","Casement","Hours","199.7"
"Sunshine Duration","2021 July","Phoenix Park","Hours",""
"Sunshine Duration","2021 July","Roches Point","Hours",""
"Sunshine Duration","2021 July","Markree","Hours",""
"Sunshine Duration","2021 August","Malin Head","Hours",""
"Sunshine Duration","2021 August","Claremorris","Hours",""
"Sunshine Duration","2021 August","Valentia Observatory","Hours",""
"Sunshine Duration","2021 August","Belmullet","Hours",""
"Sunshine Duration","2021 August","Shannon Airport","Hours","141"
"Sunshine Duration","2021 August","Dublin Airport","Hours","115.2"
"Sunshine Duration","2021 August","Mullingar","Hours",""
"Sunshine Duration","2021 August","Cork Airport","Hours","164.3"
"Sunshine Duration","2021 August","Casement","Hours","130.2"
"Sunshine Duration","2021 August","Phoenix Park","Hours",""
"Sunshine Duration","2021 August","Roches Point","Hours",""
"Sunshine Duration","2021 August","Markree","Hours",""
"Sunshine Duration","2021 September","Malin Head","Hours",""
"Sunshine Duration","2021 September","Claremorris","Hours",""
"Sunshine Duration","2021 September","Valentia Observatory","Hours",""
"Sunshine Duration","2021 September","Belmullet","Hours",""
"Sunshine Duration","2021 September","Shannon Airport","Hours","89.6"
"Sunshine Duration","2021 September","Dublin Airport","Hours","102.6"
"Sunshine Duration","2021 September","Mullingar","Hours",""
"Sunshine Duration","2021 September","Cork Airport","Hours","83.1"
"Sunshine Duration","2021 September","Casement","Hours","99.3"
"Sunshine Duration","2021 September","Phoenix Park","Hours",""
"Sunshine Duration","2021 September","Roches Point","Hours",""
"Sunshine Duration","2021 September","Markree","Hours",""
"Sunshine Duration","2021 October","Malin Head","Hours",""
"Sunshine Duration","2021 October","Claremorris","Hours",""
"Sunshine Duration","2021 October","Valentia Observatory","Hours",""
"Sunshine Duration","2021 October","Belmullet","Hours",""
"Sunshine Duration","2021 October","Shannon Airport","Hours","100.5"
"Sunshine Duration","2021 October","Dublin Airport","Hours","111.9"
"Sunshine Duration","2021 October","Mullingar","Hours",""
"Sunshine Duration","2021 October","Cork Airport","Hours","104.4"
"Sunshine Duration","2021 October","Casement","Hours","108.3"
"Sunshine Duration","2021 October","Phoenix Park","Hours",""
"Sunshine Duration","2021 October","Roches Point","Hours",""
"Sunshine Duration","2021 October","Markree","Hours",""
"Sunshine Duration","2021 November","Malin Head","Hours",""
"Sunshine Duration","2021 November","Claremorris","Hours",""
"Sunshine Duration","2021 November","Valentia Observatory","Hours",""
"Sunshine Duration","2021 November","Belmullet","Hours",""
"Sunshine Duration","2021 November","Shannon Airport","Hours","74.1"
"Sunshine Duration","2021 November","Dublin Airport","Hours","70.3"
"Sunshine Duration","2021 November","Mullingar","Hours",""
"Sunshine Duration","2021 November","Cork Airport","Hours","93.4"
"Sunshine Duration","2021 November","Casement","Hours","55.7"
"Sunshine Duration","2021 November","Phoenix Park","Hours",""
"Sunshine Duration","2021 November","Roches Point","Hours",""
"Sunshine Duration","2021 November","Markree","Hours",""
"Sunshine Duration","2021 December","Malin Head","Hours",""
"Sunshine Duration","2021 December","Claremorris","Hours",""
"Sunshine Duration","2021 December","Valentia Observatory","Hours",""
"Sunshine Duration","2021 December","Belmullet","Hours",""
"Sunshine Duration","2021 December","Shannon Airport","Hours","53.5"
"Sunshine Duration","2021 December","Dublin Airport","Hours","59.1"
"Sunshine Duration","2021 December","Mullingar","Hours",""
"Sunshine Duration","2021 December","Cork Airport","Hours","43.1"
"Sunshine Duration","2021 December","Casement","Hours","60.8"
"Sunshine Duration","2021 December","Phoenix Park","Hours",""
"Sunshine Duration","2021 December","Roches Point","Hours",""
"Sunshine Duration","2021 December","Markree","Hours",""
"Sunshine Duration","2022 January","Malin Head","Hours",""
"Sunshine Duration","2022 January","Claremorris","Hours",""
"Sunshine Duration","2022 January","Valentia Observatory","Hours",""
"Sunshine Duration","2022 January","Belmullet","Hours",""
"Sunshine Duration","2022 January","Shannon Airport","Hours","56.7"
"Sunshine Duration","2022 January","Dublin Airport","Hours","86.7"
"Sunshine Duration","2022 January","Mullingar","Hours",""
"Sunshine Duration","2022 January","Cork Airport","Hours","59.5"
"Sunshine Duration","2022 January","Casement","Hours","68"
"Sunshine Duration","2022 January","Phoenix Park","Hours",""
"Sunshine Duration","2022 January","Roches Point","Hours",""
"Sunshine Duration","2022 January","Markree","Hours",""
"Sunshine Duration","2022 February","Malin Head","Hours",""
"Sunshine Duration","2022 February","Claremorris","Hours",""
"Sunshine Duration","2022 February","Valentia Observatory","Hours",""
"Sunshine Duration","2022 February","Belmullet","Hours",""
"Sunshine Duration","2022 February","Shannon Airport","Hours","71"
"Sunshine Duration","2022 February","Dublin Airport","Hours","72.6"
"Sunshine Duration","2022 February","Mullingar","Hours",""
"Sunshine Duration","2022 February","Cork Airport","Hours","80.7"
"Sunshine Duration","2022 February","Casement","Hours","66.9"
"Sunshine Duration","2022 February","Phoenix Park","Hours",""
"Sunshine Duration","2022 February","Roches Point","Hours",""
"Sunshine Duration","2022 February","Markree","Hours",""
"Sunshine Duration","2022 March","Malin Head","Hours",""
"Sunshine Duration","2022 March","Claremorris","Hours",""
"Sunshine Duration","2022 March","Valentia Observatory","Hours",""
"Sunshine Duration","2022 March","Belmullet","Hours",""
"Sunshine Duration","2022 March","Shannon Airport","Hours","172"
"Sunshine Duration","2022 March","Dublin Airport","Hours","203.1"
"Sunshine Duration","2022 March","Mullingar","Hours",""
"Sunshine Duration","2022 March","Cork Airport","Hours","187.4"
"Sunshine Duration","2022 March","Casement","Hours","203.7"
"Sunshine Duration","2022 March","Phoenix Park","Hours",""
"Sunshine Duration","2022 March","Roches Point","Hours",""
"Sunshine Duration","2022 March","Markree","Hours",""
"Sunshine Duration","2022 April","Malin Head","Hours",""
"Sunshine Duration","2022 April","Claremorris","Hours",""
"Sunshine Duration","2022 April","Valentia Observatory","Hours",""
"Sunshine Duration","2022 April","Belmullet","Hours",""
"Sunshine Duration","2022 April","Shannon Airport","Hours","174.1"
"Sunshine Duration","2022 April","Dublin Airport","Hours","168.4"
"Sunshine Duration","2022 April","Mullingar","Hours",""
"Sunshine Duration","2022 April","Cork Airport","Hours","167.2"
"Sunshine Duration","2022 April","Casement","Hours","175.3"
"Sunshine Duration","2022 April","Phoenix Park","Hours",""
"Sunshine Duration","2022 April","Roches Point","Hours",""
"Sunshine Duration","2022 April","Markree","Hours",""
"Sunshine Duration","2022 May","Malin Head","Hours",""
"Sunshine Duration","2022 May","Claremorris","Hours",""
"Sunshine Duration","2022 May","Valentia Observatory","Hours",""
"Sunshine Duration","2022 May","Belmullet","Hours",""
"Sunshine Duration","2022 May","Shannon Airport","Hours","175.8"
"Sunshine Duration","2022 May","Dublin Airport","Hours","166.9"
"Sunshine Duration","2022 May","Mullingar","Hours",""
"Sunshine Duration","2022 May","Cork Airport","Hours","164.4"
"Sunshine Duration","2022 May","Casement","Hours","176.9"
"Sunshine Duration","2022 May","Phoenix Park","Hours",""
"Sunshine Duration","2022 May","Roches Point","Hours",""
"Sunshine Duration","2022 May","Markree","Hours",""
"Sunshine Duration","2022 June","Malin Head","Hours",""
"Sunshine Duration","2022 June","Claremorris","Hours",""
"Sunshine Duration","2022 June","Valentia Observatory","Hours",""
"Sunshine Duration","2022 June","Belmullet","Hours",""
"Sunshine Duration","2022 June","Shannon Airport","Hours","128.6"
"Sunshine Duration","2022 June","Dublin Airport","Hours","163.5"
"Sunshine Duration","2022 June","Mullingar","Hours",""
"Sunshine Duration","2022 June","Cork Airport","Hours","133.3"
"Sunshine Duration","2022 June","Casement","Hours","166.9"
"Sunshine Duration","2022 June","Phoenix Park","Hours",""
"Sunshine Duration","2022 June","Roches Point","Hours",""
"Sunshine Duration","2022 June","Markree","Hours",""
"Sunshine Duration","2022 July","Malin Head","Hours",""
"Sunshine Duration","2022 July","Claremorris","Hours",""
"Sunshine Duration","2022 July","Valentia Observatory","Hours",""
"Sunshine Duration","2022 July","Belmullet","Hours",""
"Sunshine Duration","2022 July","Shannon Airport","Hours","135.3"
"Sunshine Duration","2022 July","Dublin Airport","Hours","131.6"
"Sunshine Duration","2022 July","Mullingar","Hours",""
"Sunshine Duration","2022 July","Cork Airport","Hours","153.5"
"Sunshine Duration","2022 July","Casement","Hours","151.3"
"Sunshine Duration","2022 July","Phoenix Park","Hours",""
"Sunshine Duration","2022 July","Roches Point","Hours",""
"Sunshine Duration","2022 July","Markree","Hours",""
"Sunshine Duration","2022 August","Malin Head","Hours",""
"Sunshine Duration","2022 August","Claremorris","Hours",""
"Sunshine Duration","2022 August","Valentia Observatory","Hours",""
"Sunshine Duration","2022 August","Belmullet","Hours",""
"Sunshine Duration","2022 August","Shannon Airport","Hours","242.9"
"Sunshine Duration","2022 August","Dublin Airport","Hours","222"
"Sunshine Duration","2022 August","Mullingar","Hours",""
"Sunshine Duration","2022 August","Cork Airport","Hours","236.3"
"Sunshine Duration","2022 August","Casement","Hours","240"
"Sunshine Duration","2022 August","Phoenix Park","Hours",""
"Sunshine Duration","2022 August","Roches Point","Hours",""
"Sunshine Duration","2022 August","Markree","Hours",""
"Sunshine Duration","2022 September","Malin Head","Hours",""
"Sunshine Duration","2022 September","Claremorris","Hours",""
"Sunshine Duration","2022 September","Valentia Observatory","Hours",""
"Sunshine Duration","2022 September","Belmullet","Hours",""
"Sunshine Duration","2022 September","Shannon Airport","Hours","118.4"
"Sunshine Duration","2022 September","Dublin Airport","Hours","112.9"
"Sunshine Duration","2022 September","Mullingar","Hours",""
"Sunshine Duration","2022 September","Cork Airport","Hours","123.4"
"Sunshine Duration","2022 September","Casement","Hours","117.9"
"Sunshine Duration","2022 September","Phoenix Park","Hours",""
"Sunshine Duration","2022 September","Roches Point","Hours",""
"Sunshine Duration","2022 September","Markree","Hours",""
"Sunshine Duration","2022 October","Malin Head","Hours",""
"Sunshine Duration","2022 October","Claremorris","Hours",""
"Sunshine Duration","2022 October","Valentia Observatory","Hours",""
"Sunshine Duration","2022 October","Belmullet","Hours",""
"Sunshine Duration","2022 October","Shannon Airport","Hours","87.8"
"Sunshine Duration","2022 October","Dublin Airport","Hours","115.7"
"Sunshine Duration","2022 October","Mullingar","Hours",""
"Sunshine Duration","2022 October","Cork Airport","Hours","81.4"
"Sunshine Duration","2022 October","Casement","Hours","127.9"
"Sunshine Duration","2022 October","Phoenix Park","Hours",""
"Sunshine Duration","2022 October","Roches Point","Hours",""
"Sunshine Duration","2022 October","Markree","Hours",""
"Sunshine Duration","2022 November","Malin Head","Hours",""
"Sunshine Duration","2022 November","Claremorris","Hours",""
"Sunshine Duration","2022 November","Valentia Observatory","Hours",""
"Sunshine Duration","2022 November","Belmullet","Hours",""
"Sunshine Duration","2022 November","Shannon Airport","Hours","71.2"
"Sunshine Duration","2022 November","Dublin Airport","Hours","84.5"
"Sunshine Duration","2022 November","Mullingar","Hours",""
"Sunshine Duration","2022 November","Cork Airport","Hours","75.6"
"Sunshine Duration","2022 November","Casement","Hours","87.2"
"Sunshine Duration","2022 November","Phoenix Park","Hours",""
"Sunshine Duration","2022 November","Roches Point","Hours",""
"Sunshine Duration","2022 November","Markree","Hours",""
"Sunshine Duration","2022 December","Malin Head","Hours",""
"Sunshine Duration","2022 December","Claremorris","Hours",""
"Sunshine Duration","2022 December","Valentia Observatory","Hours",""
"Sunshine Duration","2022 December","Belmullet","Hours",""
"Sunshine Duration","2022 December","Shannon Airport","Hours","68.3"
"Sunshine Duration","2022 December","Dublin Airport","Hours","76.2"
"Sunshine Duration","2022 December","Mullingar","Hours",""
"Sunshine Duration","2022 December","Cork Airport","Hours","78.7"
"Sunshine Duration","2022 December","Casement","Hours","68.5"
"Sunshine Duration","2022 December","Phoenix Park","Hours",""
"Sunshine Duration","2022 December","Roches Point","Hours",""
"Sunshine Duration","2022 December","Markree","Hours",""
"Sunshine Duration","2023 January","Malin Head","Hours",""
"Sunshine Duration","2023 January","Claremorris","Hours",""
"Sunshine Duration","2023 January","Valentia Observatory","Hours",""
"Sunshine Duration","2023 January","Belmullet","Hours",""
"Sunshine Duration","2023 January","Shannon Airport","Hours","50"
"Sunshine Duration","2023 January","Dublin Airport","Hours","92.1"
"Sunshine Duration","2023 January","Mullingar","Hours",""
"Sunshine Duration","2023 January","Cork Airport","Hours","66.1"
"Sunshine Duration","2023 January","Casement","Hours","71.5"
"Sunshine Duration","2023 January","Phoenix Park","Hours",""
"Sunshine Duration","2023 January","Roches Point","Hours",""
"Sunshine Duration","2023 January","Markree","Hours",""
"Sunshine Duration","2023 February","Malin Head","Hours",""
"Sunshine Duration","2023 February","Claremorris","Hours",""
"Sunshine Duration","2023 February","Valentia Observatory","Hours",""
"Sunshine Duration","2023 February","Belmullet","Hours",""
"Sunshine Duration","2023 February","Shannon Airport","Hours","62.7"
"Sunshine Duration","2023 February","Dublin Airport","Hours","67.7"
"Sunshine Duration","2023 February","Mullingar","Hours",""
"Sunshine Duration","2023 February","Cork Airport","Hours","56.2"
"Sunshine Duration","2023 February","Casement","Hours","64.3"
"Sunshine Duration","2023 February","Phoenix Park","Hours",""
"Sunshine Duration","2023 February","Roches Point","Hours",""
"Sunshine Duration","2023 February","Markree","Hours",""
"Sunshine Duration","2023 March","Malin Head","Hours",""
"Sunshine Duration","2023 March","Claremorris","Hours",""
"Sunshine Duration","2023 March","Valentia Observatory","Hours",""
"Sunshine Duration","2023 March","Belmullet","Hours",""
"Sunshine Duration","2023 March","Shannon Airport","Hours","75.3"
"Sunshine Duration","2023 March","Dublin Airport","Hours","96.1"
"Sunshine Duration","2023 March","Mullingar","Hours",""
"Sunshine Duration","2023 March","Cork Airport","Hours","46.7"
"Sunshine Duration","2023 March","Casement","Hours","95.9"
"Sunshine Duration","2023 March","Phoenix Park","Hours",""
"Sunshine Duration","2023 March","Roches Point","Hours",""
"Sunshine Duration","2023 March","Markree","Hours",""
"Sunshine Duration","2023 April","Malin Head","Hours",""
"Sunshine Duration","2023 April","Claremorris","Hours",""
"Sunshine Duration","2023 April","Valentia Observatory","Hours",""
"Sunshine Duration","2023 April","Belmullet","Hours",""
"Sunshine Duration","2023 April","Shannon Airport","Hours","146.7"
"Sunshine Duration","2023 April","Dublin Airport","Hours","146.9"
"Sunshine Duration","2023 April","Mullingar","Hours",""
"Sunshine Duration","2023 April","Cork Airport","Hours","108.5"
"Sunshine Duration","2023 April","Casement","Hours","139.9"
"Sunshine Duration","2023 April","Phoenix Park","Hours",""
"Sunshine Duration","2023 April","Roches Point","Hours",""
"Sunshine Duration","2023 April","Markree","Hours",""
"Sunshine Duration","2023 May","Malin Head","Hours",""
"Sunshine Duration","2023 May","Claremorris","Hours",""
"Sunshine Duration","2023 May","Valentia Observatory","Hours",""
"Sunshine Duration","2023 May","Belmullet","Hours",""
"Sunshine Duration","2023 May","Shannon Airport","Hours","210.1"
"Sunshine Duration","2023 May","Dublin Airport","Hours","192.4"
"Sunshine Duration","2023 May","Mullingar","Hours",""
"Sunshine Duration","2023 May","Cork Airport","Hours","212.4"
"Sunshine Duration","2023 May","Casement","Hours","214.7"
"Sunshine Duration","2023 May","Phoenix Park","Hours",""
"Sunshine Duration","2023 May","Roches Point","Hours",""
"Sunshine Duration","2023 May","Markree","Hours",""
"Sunshine Duration","2023 June","Malin Head","Hours",""
"Sunshine Duration","2023 June","Claremorris","Hours",""
"Sunshine Duration","2023 June","Valentia Observatory","Hours",""
"Sunshine Duration","2023 June","Belmullet","Hours",""
"Sunshine Duration","2023 June","Shannon Airport","Hours","216.1"
"Sunshine Duration","2023 June","Dublin Airport","Hours","226.7"
"Sunshine Duration","2023 June","Mullingar","Hours",""
"Sunshine Duration","2023 June","Cork Airport","Hours","211.9"
"Sunshine Duration","2023 June","Casement","Hours","227.4"
"Sunshine Duration","2023 June","Phoenix Park","Hours",""
"Sunshine Duration","2023 June","Roches Point","Hours",""
"Sunshine Duration","2023 June","Markree","Hours",""
"Sunshine Duration","2023 July","Malin Head","Hours",""
"Sunshine Duration","2023 July","Claremorris","Hours",""
"Sunshine Duration","2023 July","Valentia Observatory","Hours",""
"Sunshine Duration","2023 July","Belmullet","Hours",""
"Sunshine Duration","2023 July","Shannon Airport","Hours","136.6"
"Sunshine Duration","2023 July","Dublin Airport","Hours","115.3"
"Sunshine Duration","2023 July","Mullingar","Hours",""
"Sunshine Duration","2023 July","Cork Airport","Hours","134.6"
"Sunshine Duration","2023 July","Casement","Hours","142.9"
"Sunshine Duration","2023 July","Phoenix Park","Hours",""
"Sunshine Duration","2023 July","Roches Point","Hours",""
"Sunshine Duration","2023 July","Markree","Hours",""
"Sunshine Duration","2023 August","Malin Head","Hours",""
"Sunshine Duration","2023 August","Claremorris","Hours",""
"Sunshine Duration","2023 August","Valentia Observatory","Hours",""
"Sunshine Duration","2023 August","Belmullet","Hours",""
"Sunshine Duration","2023 August","Shannon Airport","Hours","142.5"
"Sunshine Duration","2023 August","Dublin Airport","Hours","139.7"
"Sunshine Duration","2023 August","Mullingar","Hours",""
"Sunshine Duration","2023 August","Cork Airport","Hours","123.8"
"Sunshine Duration","2023 August","Casement","Hours","148.3"
"Sunshine Duration","2023 August","Phoenix Park","Hours",""
"Sunshine Duration","2023 August","Roches Point","Hours",""
"Sunshine Duration","2023 August","Markree","Hours",""
"Sunshine Duration","2023 September","Malin Head","Hours",""
"Sunshine Duration","2023 September","Claremorris","Hours",""
"Sunshine Duration","2023 September","Valentia Observatory","Hours",""
"Sunshine Duration","2023 September","Belmullet","Hours",""
"Sunshine Duration","2023 September","Shannon Airport","Hours","136.1"
"Sunshine Duration","2023 September","Dublin Airport","Hours","150.2"
"Sunshine Duration","2023 September","Mullingar","Hours",""
"Sunshine Duration","2023 September","Cork Airport","Hours","135.7"
"Sunshine Duration","2023 September","Casement","Hours","146.1"
"Sunshine Duration","2023 September","Phoenix Park","Hours",""
"Sunshine Duration","2023 September","Roches Point","Hours",""
"Sunshine Duration","2023 September","Markree","Hours",""
"Sunshine Duration","2023 October","Malin Head","Hours",""
"Sunshine Duration","2023 October","Claremorris","Hours",""
"Sunshine Duration","2023 October","Valentia Observatory","Hours",""
"Sunshine Duration","2023 October","Belmullet","Hours",""
"Sunshine Duration","2023 October","Shannon Airport","Hours","86.8"
"Sunshine Duration","2023 October","Dublin Airport","Hours","105.2"
"Sunshine Duration","2023 October","Mullingar","Hours",""
"Sunshine Duration","2023 October","Cork Airport","Hours","71.9"
"Sunshine Duration","2023 October","Casement","Hours","95.1"
"Sunshine Duration","2023 October","Phoenix Park","Hours",""
"Sunshine Duration","2023 October","Roches Point","Hours",""
"Sunshine Duration","2023 October","Markree","Hours",""
"Sunshine Duration","2023 November","Malin Head","Hours",""
"Sunshine Duration","2023 November","Claremorris","Hours",""
"Sunshine Duration","2023 November","Valentia Observatory","Hours",""
"Sunshine Duration","2023 November","Belmullet","Hours",""
"Sunshine Duration","2023 November","Shannon Airport","Hours","77.8"
"Sunshine Duration","2023 November","Dublin Airport","Hours","77.2"
"Sunshine Duration","2023 November","Mullingar","Hours",""
"Sunshine Duration","2023 November","Cork Airport","Hours","101.2"
"Sunshine Duration","2023 November","Casement","Hours","69.1"
"Sunshine Duration","2023 November","Phoenix Park","Hours",""
"Sunshine Duration","2023 November","Roches Point","Hours",""
"Sunshine Duration","2023 November","Markree","Hours",""
"Sunshine Duration","2023 December","Malin Head","Hours",""
"Sunshine Duration","2023 December","Claremorris","Hours",""
"Sunshine Duration","2023 December","Valentia Observatory","Hours",""
"Sunshine Duration","2023 December","Belmullet","Hours",""
"Sunshine Duration","2023 December","Shannon Airport","Hours","42.8"
"Sunshine Duration","2023 December","Dublin Airport","Hours","54.9"
"Sunshine Duration","2023 December","Mullingar","Hours",""
"Sunshine Duration","2023 December","Cork Airport","Hours","62.3"
"Sunshine Duration","2023 December","Casement","Hours","41.1"
"Sunshine Duration","2023 December","Phoenix Park","Hours",""
"Sunshine Duration","2023 December","Roches Point","Hours",""
"Sunshine Duration","2023 December","Markree","Hours",""
"Sunshine Duration","2024 January","Malin Head","Hours",""
"Sunshine Duration","2024 January","Claremorris","Hours",""
"Sunshine Duration","2024 January","Valentia Observatory","Hours",""
"Sunshine Duration","2024 January","Belmullet","Hours",""
"Sunshine Duration","2024 January","Shannon Airport","Hours","88.1"
"Sunshine Duration","2024 January","Dublin Airport","Hours","78.7"
"Sunshine Duration","2024 January","Mullingar","Hours",""
"Sunshine Duration","2024 January","Cork Airport","Hours","94.6"
"Sunshine Duration","2024 January","Casement","Hours","73.3"
"Sunshine Duration","2024 January","Phoenix Park","Hours",""
"Sunshine Duration","2024 January","Roches Point","Hours",""
"Sunshine Duration","2024 January","Markree","Hours",""
"Sunshine Duration","2024 February","Malin Head","Hours",""
"Sunshine Duration","2024 February","Claremorris","Hours",""
"Sunshine Duration","2024 February","Valentia Observatory","Hours",""
"Sunshine Duration","2024 February","Belmullet","Hours",""
"Sunshine Duration","2024 February","Shannon Airport","Hours","60.5"
"Sunshine Duration","2024 February","Dublin Airport","Hours","63.3"
"Sunshine Duration","2024 February","Mullingar","Hours",""
"Sunshine Duration","2024 February","Cork Airport","Hours","74.3"
"Sunshine Duration","2024 February","Casement","Hours","63"
"Sunshine Duration","2024 February","Phoenix Park","Hours",""
"Sunshine Duration","2024 February","Roches Point","Hours",""
"Sunshine Duration","2024 February","Markree","Hours",""
"Sunshine Duration","2024 March","Malin Head","Hours",""
"Sunshine Duration","2024 March","Claremorris","Hours",""
"Sunshine Duration","2024 March","Valentia Observatory","Hours",""
"Sunshine Duration","2024 March","Belmullet","Hours",""
"Sunshine Duration","2024 March","Shannon Airport","Hours","107.2"
"Sunshine Duration","2024 March","Dublin Airport","Hours","84"
"Sunshine Duration","2024 March","Mullingar","Hours",""
"Sunshine Duration","2024 March","Cork Airport","Hours","92.6"
"Sunshine Duration","2024 March","Casement","Hours","94.1"
"Sunshine Duration","2024 March","Phoenix Park","Hours",""
"Sunshine Duration","2024 March","Roches Point","Hours",""
"Sunshine Duration","2024 March","Markree","Hours",""
"Sunshine Duration","2024 April","Malin Head","Hours",""
"Sunshine Duration","2024 April","Claremorris","Hours",""
"Sunshine Duration","2024 April","Valentia Observatory","Hours",""
"Sunshine Duration","2024 April","Belmullet","Hours",""
"Sunshine Duration","2024 April","Shannon Airport","Hours","164.6"
"Sunshine Duration","2024 April","Dublin Airport","Hours","143.5"
"Sunshine Duration","2024 April","Mullingar","Hours",""
"Sunshine Duration","2024 April","Cork Airport","Hours","133.2"
"Sunshine Duration","2024 April","Casement","Hours","153.1"
"Sunshine Duration","2024 April","Phoenix Park","Hours",""
"Sunshine Duration","2024 April","Roches Point","Hours",""
"Sunshine Duration","2024 April","Markree","Hours",""
"Sunshine Duration","2024 May","Malin Head","Hours",""
"Sunshine Duration","2024 May","Claremorris","Hours",""
"Sunshine Duration","2024 May","Valentia Observatory","Hours",""
"Sunshine Duration","2024 May","Belmullet","Hours",""
"Sunshine Duration","2024 May","Shannon Airport","Hours","143"
"Sunshine Duration","2024 May","Dublin Airport","Hours","152.4"
"Sunshine Duration","2024 May","Mullingar","Hours",""
"Sunshine Duration","2024 May","Cork Airport","Hours","133.2"
"Sunshine Duration","2024 May","Casement","Hours","148.6"
"Sunshine Duration","2024 May","Phoenix Park","Hours",""
"Sunshine Duration","2024 May","Roches Point","Hours",""
"Sunshine Duration","2024 May","Markree","Hours",""
"Sunshine Duration","2024 June","Malin Head","Hours",""
"Sunshine Duration","2024 June","Claremorris","Hours",""
"Sunshine Duration","2024 June","Valentia Observatory","Hours",""
"Sunshine Duration","2024 June","Belmullet","Hours",""
"Sunshine Duration","2024 June","Shannon Airport","Hours","171.5"
"Sunshine Duration","2024 June","Dublin Airport","Hours","162.4"
"Sunshine Duration","2024 June","Mullingar","Hours",""
"Sunshine Duration","2024 June","Cork Airport","Hours","181.3"
"Sunshine Duration","2024 June","Casement","Hours","174.4"
"Sunshine Duration","2024 June","Phoenix Park","Hours",""
"Sunshine Duration","2024 June","Roches Point","Hours",""
"Sunshine Duration","2024 June","Markree","Hours",""
"Sunshine Duration","2024 July","Malin Head","Hours",""
"Sunshine Duration","2024 July","Claremorris","Hours",""
"Sunshine Duration","2024 July","Valentia Observatory","Hours",""
"Sunshine Duration","2024 July","Belmullet","Hours",""
"Sunshine Duration","2024 July","Shannon Airport","Hours","139.6"
"Sunshine Duration","2024 July","Dublin Airport","Hours","140.6"
"Sunshine Duration","2024 July","Mullingar","Hours",""
"Sunshine Duration","2024 July","Cork Airport","Hours","138.2"
"Sunshine Duration","2024 July","Casement","Hours","151.5"
"Sunshine Duration","2024 July","Phoenix Park","Hours",""
"Sunshine Duration","2024 July","Roches Point","Hours",""
"Sunshine Duration","2024 July","Markree","Hours",""
"Sunshine Duration","2024 August","Malin Head","Hours",""
"Sunshine Duration","2024 August","Claremorris","Hours",""
"Sunshine Duration","2024 August","Valentia Observatory","Hours",""
"Sunshine Duration","2024 August","Belmullet","Hours",""
"Sunshine Duration","2024 August","Shannon Airport","Hours","156.8"
"Sunshine Duration","2024 August","Dublin Airport","Hours","163.8"
"Sunshine Duration","2024 August","Mullingar","Hours",""
"Sunshine Duration","2024 August","Cork Airport","Hours","134.7"
"Sunshine Duration","2024 August","Casement","Hours","188.5"
"Sunshine Duration","2024 August","Phoenix Park","Hours",""
"Sunshine Duration","2024 August","Roches Point","Hours",""
"Sunshine Duration","2024 August","Markree","Hours",""
"Sunshine Duration","2024 September","Malin Head","Hours",""
"Sunshine Duration","2024 September","Claremorris","Hours",""
"Sunshine Duration","2024 September","Valentia Observatory","Hours",""
"Sunshine Duration","2024 September","Belmullet","Hours",""
"Sunshine Duration","2024 September","Shannon Airport","Hours","119.7"
"Sunshine Duration","2024 September","Dublin Airport","Hours","120.3"
"Sunshine Duration","2024 September","Mullingar","Hours",""
"Sunshine Duration","2024 September","Cork Airport","Hours","118.4"
"Sunshine Duration","2024 September","Casement","Hours","119.1"
"Sunshine Duration","2024 September","Phoenix Park","Hours",""
"Sunshine Duration","2024 September","Roches Point","Hours",""
"Sunshine Duration","2024 September","Markree","Hours",""
"Sunshine Duration","2024 October","Malin Head","Hours",""
"Sunshine Duration","2024 October","Claremorris","Hours",""
"Sunshine Duration","2024 October","Valentia Observatory","Hours",""
"Sunshine Duration","2024 October","Belmullet","Hours",""
"Sunshine Duration","2024 October","Shannon Airport","Hours","96.4"
"Sunshine Duration","2024 October","Dublin Airport","Hours","111.8"
"Sunshine Duration","2024 October","Mullingar","Hours",""
"Sunshine Duration","2024 October","Cork Airport","Hours","80.5"
"Sunshine Duration","2024 October","Casement","Hours","117.2"
"Sunshine Duration","2024 October","Phoenix Park","Hours",""
"Sunshine Duration","2024 October","Roches Point","Hours",""
"Sunshine Duration","2024 October","Markree","Hours",""
"Sunshine Duration","2024 November","Malin Head","Hours",""
"Sunshine Duration","2024 November","Claremorris","Hours",""
"Sunshine Duration","2024 November","Valentia Observatory","Hours",""
"Sunshine Duration","2024 November","Belmullet","Hours",""
"Sunshine Duration","2024 November","Shannon Airport","Hours","34.4"
"Sunshine Duration","2024 November","Dublin Airport","Hours","52.6"
"Sunshine Duration","2024 November","Mullingar","Hours",""
"Sunshine Duration","2024 November","Cork Airport","Hours","52.9"
"Sunshine Duration","2024 November","Casement","Hours","52.8"
"Sunshine Duration","2024 November","Phoenix Park","Hours",""
"Sunshine Duration","2024 November","Roches Point","Hours",""
"Sunshine Duration","2024 November","Markree","Hours",""
"Sunshine Duration","2024 December","Malin Head","Hours",""
"Sunshine Duration","2024 December","Claremorris","Hours",""
"Sunshine Duration","2024 December","Valentia Observatory","Hours",""
"Sunshine Duration","2024 December","Belmullet","Hours",""
"Sunshine Duration","2024 December","Shannon Airport","Hours","35.1"
"Sunshine Duration","2024 December","Dublin Airport","Hours","45.1"
"Sunshine Duration","2024 December","Mullingar","Hours",""
"Sunshine Duration","2024 December","Cork Airport","Hours","48.2"
"Sunshine Duration","2024 December","Casement","Hours","35.6"
"Sunshine Duration","2024 December","Phoenix Park","Hours",""
"Sunshine Duration","2024 December","Roches Point","Hours",""
"Sunshine Duration","2024 December","Markree","Hours",""
"Sunshine Duration","2025 January","Malin Head","Hours",""
"Sunshine Duration","2025 January","Claremorris","Hours",""
"Sunshine Duration","2025 January","Valentia Observatory","Hours",""
"Sunshine Duration","2025 January","Belmullet","Hours",""
"Sunshine Duration","2025 January","Shannon Airport","Hours","71.2"
"Sunshine Duration","2025 January","Dublin Airport","Hours","89.7"
"Sunshine Duration","2025 January","Mullingar","Hours",""
"Sunshine Duration","2025 January","Cork Airport","Hours","70.2"
"Sunshine Duration","2025 January","Casement","Hours","81.8"
"Sunshine Duration","2025 January","Phoenix Park","Hours",""
"Sunshine Duration","2025 January","Roches Point","Hours",""
"Sunshine Duration","2025 January","Markree","Hours",""
"Sunshine Duration","2025 February","Malin Head","Hours",""
"Sunshine Duration","2025 February","Claremorris","Hours",""
"Sunshine Duration","2025 February","Valentia Observatory","Hours",""
"Sunshine Duration","2025 February","Belmullet","Hours",""
"Sunshine Duration","2025 February","Shannon Airport","Hours","92.4"
"Sunshine Duration","2025 February","Dublin Airport","Hours","75.1"
"Sunshine Duration","2025 February","Mullingar","Hours",""
"Sunshine Duration","2025 February","Cork Airport","Hours","79.3"
"Sunshine Duration","2025 February","Casement","Hours","74.2"
"Sunshine Duration","2025 February","Phoenix Park","Hours",""
"Sunshine Duration","2025 February","Roches Point","Hours",""
"Sunshine Duration","2025 February","Markree","Hours",""
"Sunshine Duration","2025 March","Malin Head","Hours",""
"Sunshine Duration","2025 March","Claremorris","Hours",""
"Sunshine Duration","2025 March","Valentia Observatory","Hours",""
"Sunshine Duration","2025 March","Belmullet","Hours",""
"Sunshine Duration","2025 March","Shannon Airport","Hours","128.4"
"Sunshine Duration","2025 March","Dublin Airport","Hours","154.4"
"Sunshine Duration","2025 March","Mullingar","Hours",""
"Sunshine Duration","2025 March","Cork Airport","Hours","115.8"
"Sunshine Duration","2025 March","Casement","Hours","141.3"
"Sunshine Duration","2025 March","Phoenix Park","Hours",""
"Sunshine Duration","2025 March","Roches Point","Hours",""
"Sunshine Duration","2025 March","Markree","Hours",""
"Sunshine Duration","2025 April","Malin Head","Hours",""
"Sunshine Duration","2025 April","Claremorris","Hours",""
"Sunshine Duration","2025 April","Valentia Observatory","Hours",""
"Sunshine Duration","2025 April","Belmullet","Hours",""
"Sunshine Duration","2025 April","Shannon Airport","Hours","213.1"
"Sunshine Duration","2025 April","Dublin Airport","Hours","206.4"
"Sunshine Duration","2025 April","Mullingar","Hours",""
"Sunshine Duration","2025 April","Cork Airport","Hours","204"
"Sunshine Duration","2025 April","Casement","Hours","205.6"
"Sunshine Duration","2025 April","Phoenix Park","Hours",""
"Sunshine Duration","2025 April","Roches Point","Hours",""
"Sunshine Duration","2025 April","Markree","Hours",""
"Sunshine Duration","2025 May","Malin Head","Hours",""
"Sunshine Duration","2025 May","Claremorris","Hours",""
"Sunshine Duration","2025 May","Valentia Observatory","Hours",""
"Sunshine Duration","2025 May","Belmullet","Hours",""
"Sunshine Duration","2025 May","Shannon Airport","Hours","289.2"
"Sunshine Duration","2025 May","Dublin Airport","Hours","287.8"
"Sunshine Duration","2025 May","Mullingar","Hours",""
"Sunshine Duration","2025 May","Cork Airport","Hours","290.4"
"Sunshine Duration","2025 May","Casement","Hours","286.8"
"Sunshine Duration","2025 May","Phoenix Park","Hours",""
"Sunshine Duration","2025 May","Roches Point","Hours",""
"Sunshine Duration","2025 May","Markree","Hours",""
"Sunshine Duration","2025 June","Malin Head","Hours",""
"Sunshine Duration","2025 June","Claremorris","Hours",""
"Sunshine Duration","2025 June","Valentia Observatory","Hours",""
"Sunshine Duration","2025 June","Belmullet","Hours",""
"Sunshine Duration","2025 June","Shannon Airport","Hours","153"
"Sunshine Duration","2025 June","Dublin Airport","Hours","157.7"
"Sunshine Duration","2025 June","Mullingar","Hours",""
"Sunshine Duration","2025 June","Cork Airport","Hours","135.8"
"Sunshine Duration","2025 June","Casement","Hours","181.1"
"Sunshine Duration","2025 June","Phoenix Park","Hours",""
"Sunshine Duration","2025 June","Roches Point","Hours",""
"Sunshine Duration","2025 June","Markree","Hours",""
"Sunshine Duration","2025 July","Malin Head","Hours",""
"Sunshine Duration","2025 July","Claremorris","Hours",""
"Sunshine Duration","2025 July","Valentia Observatory","Hours",""
"Sunshine Duration","2025 July","Belmullet","Hours",""
"Sunshine Duration","2025 July","Shannon Airport","Hours","155.1"
"Sunshine Duration","2025 July","Dublin Airport","Hours","158.5"
"Sunshine Duration","2025 July","Mullingar","Hours",""
"Sunshine Duration","2025 July","Cork Airport","Hours","181.4"
"Sunshine Duration","2025 July","Casement","Hours","155.2"
"Sunshine Duration","2025 July","Phoenix Park","Hours",""
"Sunshine Duration","2025 July","Roches Point","Hours",""
"Sunshine Duration","2025 July","Markree","Hours",""
"Sunshine Duration","2025 August","Malin Head","Hours",""
"Sunshine Duration","2025 August","Claremorris","Hours",""
"Sunshine Duration","2025 August","Valentia Observatory","Hours",""
"Sunshine Duration","2025 August","Belmullet","Hours",""
"Sunshine Duration","2025 August","Shannon Airport","Hours","145.6"
"Sunshine Duration","2025 August","Dublin Airport","Hours","167.2"
"Sunshine Duration","2025 August","Mullingar","Hours",""
"Sunshine Duration","2025 August","Cork Airport","Hours","138.1"
"Sunshine Duration","2025 August","Casement","Hours","190.6"
"Sunshine Duration","2025 August","Phoenix Park","Hours",""
"Sunshine Duration","2025 August","Roches Point","Hours",""
"Sunshine Duration","2025 August","Markree","Hours",""
"Sunshine Duration","2025 September","Malin Head","Hours",""
"Sunshine Duration","2025 September","Claremorris","Hours",""
"Sunshine Duration","2025 September","Valentia Observatory","Hours",""
"Sunshine Duration","2025 September","Belmullet","Hours",""
"Sunshine Duration","2025 September","Shannon Airport","Hours","150.5"
"Sunshine Duration","2025 September","Dublin Airport","Hours","130.6"
"Sunshine Duration","2025 September","Mullingar","Hours",""
"Sunshine Duration","2025 September","Cork Airport","Hours","160.8"
"Sunshine Duration","2025 September","Casement","Hours","138.3"
"Sunshine Duration","2025 September","Phoenix Park","Hours",""
"Sunshine Duration","2025 September","Roches Point","Hours",""
"Sunshine Duration","2025 September","Markree","Hours",""
"Sunshine Duration","2025 October","Malin Head","Hours",""
"Sunshine Duration","2025 October","Claremorris","Hours",""
"Sunshine Duration","2025 October","Valentia Observatory","Hours",""
"Sunshine Duration","2025 October","Belmullet","Hours",""
"Sunshine Duration","2025 October","Shannon Airport","Hours","67.5"
"Sunshine Duration","2025 October","Dublin Airport","Hours","69.4"
"Sunshine Duration","2025 October","Mullingar","Hours",""
"Sunshine Duration","2025 October","Cork Airport","Hours","72.3"
"Sunshine Duration","2025 October","Casement","Hours","67.7"
"Sunshine Duration","2025 October","Phoenix Park","Hours",""
"Sunshine Duration","2025 October","Roches Point","Hours",""
"Sunshine Duration","2025 October","Markree","Hours",""
